{
"type": "FeatureCollection",
"name": "kikuube_subcounties_codab2020",
"crs": { "type": "name", "properties": { "name": "urn:ogc:def:crs:OGC:1.3:CRS84" } },
"features": [
{ "type": "Feature", "properties": { "Sub_County": "BUGAMBE", "adm4_pcode": "UG41180101" }, "geometry": { "type": "Polygon", "coordinates": [ [ [ 31.123514525000189, 1.510813252000162 ], [ 31.123365603000138, 1.510946239000077 ], [ 31.123233188000086, 1.511112521000143 ], [ 31.12306598300006, 1.511477159000094 ], [ 31.123067302000038, 1.511744685000053 ], [ 31.123017585000127, 1.511877759000072 ], [ 31.122918237000079, 1.512044069000126 ], [ 31.122901618000014, 1.512143893000029 ], [ 31.122884926000097, 1.512326915000074 ], [ 31.122785664000048, 1.512393387000088 ], [ 31.122578922000173, 1.512468085000023 ], [ 31.122397004000049, 1.512517846000151 ], [ 31.122297785000058, 1.512534398000128 ], [ 31.122215028000085, 1.51263416400019 ], [ 31.122181831999967, 1.512783893000062 ], [ 31.122148476000064, 1.513116657000069 ], [ 31.122148247000155, 1.513382892000152 ], [ 31.122181201000046, 1.513516038000148 ], [ 31.122032120000028, 1.513832062000176 ], [ 31.121965755000133, 1.514098239000077 ], [ 31.121899360000043, 1.514397695000184 ], [ 31.121750036000151, 1.514996592000102 ], [ 31.121683626000163, 1.515312688000108 ], [ 31.121733013000039, 1.515562326000179 ], [ 31.121765866000032, 1.515811950000057 ], [ 31.12166647500004, 1.516028179000102 ], [ 31.121467892000055, 1.516227681999965 ], [ 31.121236184000054, 1.516493714000148 ], [ 31.12097148100014, 1.516676518000168 ], [ 31.120781330999989, 1.516684671000064 ], [ 31.120599398000138, 1.516751071000044 ], [ 31.120467023000117, 1.51686743199997 ], [ 31.120400786000062, 1.51698385200001 ], [ 31.120334492000097, 1.517166830000065 ], [ 31.120350825000116, 1.517399799999964 ], [ 31.120251404000157, 1.517649307000113 ], [ 31.120052778000058, 1.517898729000137 ], [ 31.119903798000166, 1.518098273000135 ], [ 31.119903596000142, 1.518331229000012 ], [ 31.119903438000108, 1.518514265000078 ], [ 31.119936347000078, 1.518697330000066 ], [ 31.120051870000168, 1.518947026000092 ], [ 31.120233558000052, 1.519163501000151 ], [ 31.120497860000114, 1.519446607000134 ], [ 31.120613484000046, 1.51957982600004 ], [ 31.120696025000086, 1.519729655000106 ], [ 31.120695823000062, 1.519962610000107 ], [ 31.120629484000176, 1.520195508000029 ], [ 31.120364662999975, 1.52051142800002 ], [ 31.119934400000034, 1.520943682000109 ], [ 31.119652973000086, 1.521342786000105 ], [ 31.119355084000063, 1.521658678000108 ], [ 31.119073902000025, 1.521774908000111 ], [ 31.118759653000097, 1.52189110900008 ], [ 31.118437835000066, 1.522031821000155 ], [ 31.117965768000033, 1.522173284000075 ], [ 31.117606776000173, 1.522228543000097 ], [ 31.11753582200015, 1.522239465000098 ], [ 31.117039740000166, 1.522305587000062 ], [ 31.116630821000172, 1.522306647000164 ], [ 31.116734141000165, 1.521980844000097 ], [ 31.116701492000061, 1.521498267000084 ], [ 31.11676797500013, 1.521098974000154 ], [ 31.116900552000175, 1.520749658000057 ], [ 31.116950501000133, 1.520350352000037 ], [ 31.116950848000045, 1.519951 ], [ 31.116918112, 1.519568261000074 ], [ 31.116819139000086, 1.519301940000162 ], [ 31.116604425999981, 1.51903551700002 ], [ 31.116240878000099, 1.518802242 ], [ 31.115827713000158, 1.518585565000137 ], [ 31.115315373000044, 1.518335520000107 ], [ 31.115001456000073, 1.51806901000009 ], [ 31.114423327000111, 1.517419557000096 ], [ 31.113795624000147, 1.51673678200018 ], [ 31.113267025000027, 1.516170571000146 ], [ 31.112944965000167, 1.515762618000053 ], [ 31.112747076000062, 1.515163418000043 ], [ 31.1126813300001, 1.514714093000066 ], [ 31.112549576000049, 1.514114951000067 ], [ 31.112500364000084, 1.51366563900018 ], [ 31.112434690000157, 1.513133115000187 ], [ 31.112385289000031, 1.512900118000175 ], [ 31.112203660000034, 1.512617085000102 ], [ 31.111955779000027, 1.512467112000024 ], [ 31.111575583000047, 1.512366940000106 ], [ 31.111178825000081, 1.512300034000077 ], [ 31.110558850000189, 1.512241252000024 ], [ 31.110211752000055, 1.512107830000161 ], [ 31.109914385000081, 1.51182469600019 ], [ 31.109798835000106, 1.511608281000122 ], [ 31.109766041000057, 1.511292100000162 ], [ 31.109749968000074, 1.510759620000158 ], [ 31.109701073000167, 1.509944239000106 ], [ 31.109701505000032, 1.509445053000036 ], [ 31.109718773000054, 1.50859645100013 ], [ 31.109719652000024, 1.508165186999975 ], [ 31.109884688000193, 1.507931013000189 ], [ 31.110018217000118, 1.507756632000053 ], [ 31.110397413000044, 1.507731788000115 ], [ 31.11074465500019, 1.507698812000058 ], [ 31.111109099000146, 1.507523036000066 ], [ 31.111356786000158, 1.507266719000086 ], [ 31.111621516000184, 1.507050636000088 ], [ 31.111935704000075, 1.50700099200003 ], [ 31.112514379000061, 1.507018137000102 ], [ 31.112850579000167, 1.507007517000147 ], [ 31.112961037000105, 1.507004028000097 ], [ 31.113026947000037, 1.507001946000116 ], [ 31.113055975000123, 1.507006841000077 ], [ 31.113423706000106, 1.507068850000167 ], [ 31.113803829000176, 1.507252218000019 ], [ 31.114035119000164, 1.507468735000089 ], [ 31.114249845000131, 1.507718517000171 ], [ 31.114315723000061, 1.508018086000163 ], [ 31.114381615000013, 1.508301017000065 ], [ 31.114629309000122, 1.508667305000131 ], [ 31.114777728000035, 1.509116705000054 ], [ 31.114827143000127, 1.50933306200011 ], [ 31.115157421000106, 1.509799260000136 ], [ 31.11535574300018, 1.509899271000108 ], [ 31.115636807000158, 1.509916157000077 ], [ 31.115884846000142, 1.509883094000145 ], [ 31.116192258000183, 1.50988505700002 ], [ 31.11656268500019, 1.509950245000084 ], [ 31.11689327900018, 1.510050371000034 ], [ 31.117141290000177, 1.510050588000126 ], [ 31.117306731000099, 1.509934256000065 ], [ 31.117311064000035, 1.50991543300006 ], [ 31.117356520000044, 1.509717984000133 ], [ 31.117290670000102, 1.509385134000127 ], [ 31.11724134100001, 1.509068937000166 ], [ 31.117158914000072, 1.508785992000128 ], [ 31.117175735000103, 1.508453213000053 ], [ 31.117242100000169, 1.508187037000027 ], [ 31.117539971000042, 1.507887784000047 ], [ 31.117771748000109, 1.507538554000121 ], [ 31.117772006000166, 1.50723904 ], [ 31.117623529000014, 1.506856199000026 ], [ 31.117524697000192, 1.506423483000106 ], [ 31.11742586500003, 1.505990766000139 ], [ 31.117244349000089, 1.505574617000036 ], [ 31.116914069000131, 1.505108420000113 ], [ 31.116732324000111, 1.504958505000047 ], [ 31.116666388000169, 1.504725493000137 ], [ 31.116650197000126, 1.504326128000059 ], [ 31.116542934000051, 1.504084760000183 ], [ 31.116427439000176, 1.503801786 ], [ 31.116212669, 1.503601923000076 ], [ 31.116014475000156, 1.503352157000052 ], [ 31.115783114000067, 1.503218839 ], [ 31.11551861300012, 1.50316868900012 ], [ 31.1152210300001, 1.503135152000084 ], [ 31.115022679000162, 1.503068420000091 ], [ 31.114857411000116, 1.502985078000108 ], [ 31.114725240000155, 1.502868486000068 ], [ 31.114675766000119, 1.502718686000094 ], [ 31.114625828000101, 1.502518187000135 ], [ 31.114979061999975, 1.502285723000057 ], [ 31.115486403000148, 1.502170284000044 ], [ 31.115767595000136, 1.50203741200005 ], [ 31.116115036, 1.501771480000059 ], [ 31.1162805190001, 1.501605228000187 ], [ 31.116528585000026, 1.501538885000116 ], [ 31.116976700000066, 1.501210426 ], [ 31.117790023000111, 1.500915655000028 ], [ 31.118092973000159, 1.500650147000101 ], [ 31.11843079200014, 1.500608716000158 ], [ 31.118695407000075, 1.50052574800003 ], [ 31.119108942000082, 1.500309791000177 ], [ 31.119489609000084, 1.499860851000165 ], [ 31.119768388000125, 1.499384593 ], [ 31.120052390000183, 1.499129193000044 ], [ 31.120317119000163, 1.498913105999975 ], [ 31.12056521400018, 1.498813483 ], [ 31.120697500000119, 1.498796958000185 ], [ 31.120895908000193, 1.498797130000185 ], [ 31.120995069000116, 1.498847134000073 ], [ 31.121160339000085, 1.498930476 ], [ 31.121216317000119, 1.498956141000122 ], [ 31.121342141000071, 1.49901383100007 ], [ 31.121424868000076, 1.498947344000157 ], [ 31.121545864000097, 1.498810591000108 ], [ 31.121557268000174, 1.498797702000047 ], [ 31.121648413000173, 1.498797781000121 ], [ 31.121656472000041, 1.498797788000047 ], [ 31.122027948000039, 1.498951745999989 ], [ 31.122080362000133, 1.498915721000117 ], [ 31.12210651200013, 1.498897748000161 ], [ 31.122172612000099, 1.498834504000058 ], [ 31.122565885000029, 1.498748655000156 ], [ 31.122847020000108, 1.498682339000027 ], [ 31.123045471000125, 1.498632592000035 ], [ 31.123227430000156, 1.498532911000098 ], [ 31.123293665000062, 1.498416490000125 ], [ 31.123376520000079, 1.498200245000078 ], [ 31.123558578000029, 1.497984087000134 ], [ 31.123773734000054, 1.497734678000029 ], [ 31.123939230000076, 1.497551784000166 ], [ 31.124178063000045, 1.497274176000133 ], [ 31.124384759000066, 1.497104274000094 ], [ 31.124602328000037, 1.496712046000141 ], [ 31.124993256999971, 1.496320376000085 ], [ 31.125556251000035, 1.496496855000032 ], [ 31.125903447000155, 1.496279686999969 ], [ 31.126337312000089, 1.496062796000047 ], [ 31.126596851000158, 1.496281951000185 ], [ 31.126729301000125, 1.496358730000054 ], [ 31.126899818000084, 1.496457576000068 ], [ 31.127765686000146, 1.496853340000087 ], [ 31.128170025000088, 1.496604334000097 ], [ 31.128716601000065, 1.49685415800019 ], [ 31.129280778000066, 1.496506719000138 ], [ 31.130019188000063, 1.495766902000071 ], [ 31.130626414000062, 1.495550576000142 ], [ 31.131581508000011, 1.494811462000087 ], [ 31.131885858000146, 1.494375851000029 ], [ 31.131886448000046, 1.49411389100004 ], [ 31.131670445, 1.493807560000164 ], [ 31.131714177000106, 1.49363306500004 ], [ 31.132017438000048, 1.49367771500016 ], [ 31.132147555000074, 1.493634474000032 ], [ 31.132278159, 1.493372941000189 ], [ 31.131758590000118, 1.493152943999974 ], [ 31.131542394000178, 1.492933938000021 ], [ 31.131629368000063, 1.492803241000104 ], [ 31.132063032000076, 1.492673675000049 ], [ 31.132366790000162, 1.492500023000048 ], [ 31.132280508000122, 1.492325102000052 ], [ 31.13167388200003, 1.492279461000123 ], [ 31.131674269000143, 1.492104827000048 ], [ 31.131891552000127, 1.491843572 ], [ 31.132543087000101, 1.491190781000114 ], [ 31.133064506000153, 1.490581239000107 ], [ 31.133151774999988, 1.490319557000134 ], [ 31.133195799000077, 1.490014078000172 ], [ 31.133239723000031, 1.489752257000077 ], [ 31.133066964000193, 1.489489733000028 ], [ 31.132547100000181, 1.489400721000152 ], [ 31.132460919000039, 1.489182142000061 ], [ 31.132591816000115, 1.488789624000106 ], [ 31.132896449000043, 1.48822302700006 ], [ 31.132853500000124, 1.488048246000062 ], [ 31.132506609000075, 1.488134442000103 ], [ 31.132246876000181, 1.488002616000188 ], [ 31.131988807000084, 1.487128569000049 ], [ 31.131989691000115, 1.486735624000175 ], [ 31.132120487000122, 1.486386774000096 ], [ 31.132511117000092, 1.486126081000066 ], [ 31.133031457000186, 1.485996791000048 ], [ 31.133638964000113, 1.485649484000021 ], [ 31.134072542000069, 1.485563573999968 ], [ 31.134810256000037, 1.485129367000013 ], [ 31.135114796000153, 1.484606428 ], [ 31.13505120800005, 1.483973144 ], [ 31.134878447000062, 1.483710620000181 ], [ 31.13409875900004, 1.483533443000169 ], [ 31.133666164000033, 1.483182759999977 ], [ 31.133146017000058, 1.483224726000117 ], [ 31.132799614000078, 1.483092623000118 ], [ 31.132281030000172, 1.482436027000119 ], [ 31.13223866800007, 1.481999286000132 ], [ 31.132282398000086, 1.481824791000179 ], [ 31.132456234000131, 1.481607053000118 ], [ 31.132976380000173, 1.481565078000074 ], [ 31.13349761000012, 1.481042850000051 ], [ 31.133930986000109, 1.481044255000086 ], [ 31.134538390000102, 1.480740606000097 ], [ 31.134929311000178, 1.480348935999984 ], [ 31.135536523000155, 1.480132603000129 ], [ 31.136101087000156, 1.479610512000022 ], [ 31.136751734000086, 1.479350657999987 ], [ 31.137517603000106, 1.47931960000011 ], [ 31.137748601000055, 1.479310232000046 ], [ 31.137965284000131, 1.479310944000076 ], [ 31.138139229000046, 1.479049537000037 ], [ 31.138098617000026, 1.477826913000172 ], [ 31.13641167500009, 1.476380641000048 ], [ 31.135762102000058, 1.476160235000066 ], [ 31.135524284000098, 1.475919333000036 ], [ 31.13451284000007, 1.475349157000153 ], [ 31.133322196000165, 1.474451137000074 ], [ 31.132602244000111, 1.473917885 ], [ 31.131827701000077, 1.472993263000092 ], [ 31.131673674000183, 1.472634923999976 ], [ 31.131358628000044, 1.471901979 ], [ 31.130837079000173, 1.469469286000106 ], [ 31.130396863000158, 1.46787512700007 ], [ 31.130011308000121, 1.466644402000099 ], [ 31.12998718900019, 1.465023649000045 ], [ 31.130018598000049, 1.463375137000071 ], [ 31.129493554000135, 1.462507222000113 ], [ 31.127959302000193, 1.460224927000183 ], [ 31.12707300400001, 1.459663208000165 ], [ 31.125909041000114, 1.459240295000086 ], [ 31.125466452000126, 1.458707958000161 ], [ 31.12519196400018, 1.457421711000052 ], [ 31.125139113000159, 1.45624795700013 ], [ 31.124835331000043, 1.455660180000052 ], [ 31.124170856000092, 1.455127112000184 ], [ 31.123700038000038, 1.45481822000005 ], [ 31.123243932000094, 1.454132157 ], [ 31.123027934000163, 1.453003261000049 ], [ 31.123024594000071, 1.452985803000047 ], [ 31.122998228000029, 1.452370982000048 ], [ 31.123109854, 1.452063977000137 ], [ 31.124303422000025, 1.451648699000089 ], [ 31.125884470000074, 1.451597937000145 ], [ 31.127327776000129, 1.451127577000136 ], [ 31.12796656200004, 1.450738453000042 ], [ 31.12894287, 1.44941077500016 ], [ 31.129134996000118, 1.449149502000125 ], [ 31.129373886000167, 1.447739169000045 ], [ 31.129541416000166, 1.447236750000172 ], [ 31.130486786000063, 1.446177983000041 ], [ 31.13134913500005, 1.445035116000042 ], [ 31.13185154100006, 1.443611664000059 ], [ 31.132130691999976, 1.442802237000137 ], [ 31.131965453000078, 1.442270791000055 ], [ 31.131246563000104, 1.441262532 ], [ 31.130707113000085, 1.440632089000189 ], [ 31.130486286000178, 1.440156349000063 ], [ 31.13046084500013, 1.439122387000111 ], [ 31.130407723000189, 1.43806040100003 ], [ 31.130635301000154, 1.435490416000107 ], [ 31.130470309000032, 1.434847199000103 ], [ 31.130390266000063, 1.433421867999982 ], [ 31.129858230000082, 1.429438336000089 ], [ 31.129307789000109, 1.427508524000132 ], [ 31.129171156999973, 1.426585973999977 ], [ 31.128756973000179, 1.425746365000066 ], [ 31.128246376000106, 1.424613051000108 ], [ 31.127833002000045, 1.423410185000023 ], [ 31.127447613000186, 1.422095645000184 ], [ 31.127085059000024, 1.421168198999965 ], [ 31.126258269, 1.420610863000036 ], [ 31.125886885000057, 1.420534800999974 ], [ 31.125862397000162, 1.420472156000017 ], [ 31.125588863000075, 1.418738840000174 ], [ 31.125690718000044, 1.416573617000154 ], [ 31.126109455000176, 1.415345488000071 ], [ 31.126611281000123, 1.414173520000077 ], [ 31.127250355000058, 1.413644667000085 ], [ 31.128110761000187, 1.413368 ], [ 31.128998473000081, 1.413287024999988 ], [ 31.129746644000079, 1.413596797000025 ], [ 31.131545185000107, 1.415530611000179 ], [ 31.133094163000067, 1.417435696000155 ], [ 31.133758705000162, 1.417940795000106 ], [ 31.13434071800009, 1.418138264000049 ], [ 31.135062020000078, 1.418056756000055 ], [ 31.135798386000033, 1.417430402000093 ], [ 31.136353960000179, 1.417040991000079 ], [ 31.136604932000182, 1.416427057000078 ], [ 31.136661935000177, 1.415728676000128 ], [ 31.136662180000144, 1.415616905000036 ], [ 31.136746126000162, 1.415281862000143 ], [ 31.137692260000108, 1.413859820000027 ], [ 31.13844406100003, 1.412520982000103 ], [ 31.138890345000164, 1.411376763000021 ], [ 31.139252438000028, 1.41067935000018 ], [ 31.139309447000016, 1.409980968000127 ], [ 31.139174696000168, 1.408192196000073 ], [ 31.139190390000067, 1.408166797000035 ], [ 31.139355624000018, 1.407899380000174 ], [ 31.140133068000068, 1.407510669999965 ], [ 31.142019427000093, 1.407349061000048 ], [ 31.143850387000043, 1.407159321000165 ], [ 31.144349870999974, 1.407049155000095 ], [ 31.145460688000185, 1.406410025000127 ], [ 31.146795230000066, 1.40493332200009 ], [ 31.147129522000057, 1.404263761000038 ], [ 31.147716371000172, 1.402253746000042 ], [ 31.147705107000149, 1.401066140000012 ], [ 31.147873468000114, 1.400172504000182 ], [ 31.148152717000073, 1.399307169000053 ], [ 31.148765706000063, 1.398023752000029 ], [ 31.149545286000091, 1.396657046000087 ], [ 31.149744629000168, 1.396024765000107 ], [ 31.149616903000037, 1.394976497000016 ], [ 31.149273645000051, 1.393403614000022 ], [ 31.14931965500017, 1.392181257000061 ], [ 31.14958376300018, 1.390304687000025 ], [ 31.149759109000115, 1.389388368000141 ], [ 31.150130663000084, 1.387926915000094 ], [ 31.150219135000157, 1.38709764000015 ], [ 31.150178089000121, 1.386049654000146 ], [ 31.149703484000042, 1.385087598000098 ], [ 31.14961918400013, 1.383995808000179 ], [ 31.150011872000164, 1.382774565000148 ], [ 31.150837920000072, 1.381554689000097 ], [ 31.151663201000076, 1.380684100999986 ], [ 31.152706218000162, 1.379333933 ], [ 31.153054704, 1.378505481000047 ], [ 31.153360622000093, 1.377327611999988 ], [ 31.153578634000041, 1.376717056000132 ], [ 31.154403537000178, 1.376021099000184 ], [ 31.155228528000123, 1.375281493000102 ], [ 31.155533204999983, 1.374671207000063 ], [ 31.155881510000142, 1.373930078000114 ], [ 31.157010333000187, 1.372973123000065 ], [ 31.157704557000102, 1.37258237900005 ], [ 31.15824655300014, 1.372670351000068 ], [ 31.15852766200004, 1.372715978000031 ], [ 31.160347217000037, 1.37298372500004 ], [ 31.161689784000032, 1.373380932000146 ], [ 31.162944646000142, 1.374258146000045 ], [ 31.164156834000039, 1.374829592000083 ], [ 31.165412267000079, 1.375444834 ], [ 31.166040402000135, 1.375555974000179 ], [ 31.167339925000078, 1.375822067000058 ], [ 31.168249616000139, 1.375999603000025 ], [ 31.168725754999969, 1.376263087000154 ], [ 31.169158355000093, 1.376613743000178 ], [ 31.169175769000105, 1.376615992000097 ], [ 31.169851555000037, 1.376703265000117 ], [ 31.171887617000152, 1.377059025000108 ], [ 31.172797495999987, 1.377149233000068 ], [ 31.173100098000191, 1.377499484 ], [ 31.1734027870001, 1.37780607500008 ], [ 31.174486208000133, 1.377809515000024 ], [ 31.175136918000135, 1.377505947000088 ], [ 31.175623981000172, 1.377384878000157 ], [ 31.176177564000056, 1.377247274000126 ], [ 31.177305729000068, 1.376595936000058 ], [ 31.178391127000168, 1.375682485000027 ], [ 31.179611889000114, 1.374756134000052 ], [ 31.179823595000016, 1.374595484999986 ], [ 31.181038534000095, 1.373900743000092 ], [ 31.181688962000123, 1.373728159000166 ], [ 31.181862308000063, 1.373728708000158 ], [ 31.182771624000168, 1.374080879000076 ], [ 31.183508163000056, 1.374170541000183 ], [ 31.185500624000156, 1.374657123000134 ], [ 31.186064375000171, 1.374484259000042 ], [ 31.186627658000191, 1.37452971200014 ], [ 31.186886744000105, 1.374967147 ], [ 31.186798279000186, 1.375796441000091 ], [ 31.18692715800006, 1.376320782 ], [ 31.187921741000025, 1.377328157000136 ], [ 31.18809433500013, 1.377677994000067 ], [ 31.188440275000119, 1.378028382000082 ], [ 31.188873742, 1.377986101000033 ], [ 31.189263495000034, 1.378118315000165 ], [ 31.189522854000074, 1.378424771000084 ], [ 31.190214647000062, 1.379169215000047 ], [ 31.191253788000154, 1.379609121000044 ], [ 31.191643258, 1.379872325000179 ], [ 31.191858435000142, 1.380571595000106 ], [ 31.192117795000115, 1.38087805300006 ], [ 31.192724328000111, 1.380967292000093 ], [ 31.193287429000065, 1.381100065000112 ], [ 31.194475319000162, 1.381488675000128 ], [ 31.194547994, 1.381415847000142 ], [ 31.195007128000157, 1.381490359999987 ], [ 31.195708410000123, 1.381370807000167 ], [ 31.196071380000149, 1.3812014720001 ], [ 31.196386368000049, 1.380861507000134 ], [ 31.19658032500007, 1.380594232000135 ], [ 31.196701982999969, 1.380229302000089 ], [ 31.196896206000133, 1.379840242000057 ], [ 31.197171206000178, 1.379522222000048 ], [ 31.197211241000048, 1.37947592300003 ], [ 31.1977191470001, 1.379355757000042 ], [ 31.198347230000138, 1.379552582999963 ], [ 31.19887846000006, 1.379822163000085 ], [ 31.199241007000126, 1.379847664000181 ], [ 31.199531615000183, 1.379605036000157 ], [ 31.199677644000076, 1.379142767000189 ], [ 31.199896202000048, 1.378680729000166 ], [ 31.200247578000187, 1.378279990000124 ], [ 31.200732040000105, 1.377818783000066 ], [ 31.201216235000118, 1.377479353000069 ], [ 31.201748256000144, 1.377383622000025 ], [ 31.202328415000125, 1.377385452000169 ], [ 31.202739467000185, 1.377338039000051 ], [ 31.202981826999974, 1.377046557000142 ], [ 31.203321351, 1.376536188999978 ], [ 31.203564188000144, 1.376025507000179 ], [ 31.203806959000076, 1.375539187000072 ], [ 31.204097722000029, 1.375223498000025 ], [ 31.204436778000058, 1.374932320000084 ], [ 31.204799427000125, 1.374909112000125 ], [ 31.205282164000153, 1.375251593000087 ], [ 31.205571973000076, 1.375374284000031 ], [ 31.205910039000173, 1.375545830000021 ], [ 31.206126238000024, 1.376179730000047 ], [ 31.206487887000037, 1.376619256000026 ], [ 31.206971202000148, 1.376693841000076 ], [ 31.207624504000023, 1.3764036500001 ], [ 31.208326110000144, 1.376137970000173 ], [ 31.208955031000016, 1.375945118 ], [ 31.209474991000093, 1.375837162000153 ], [ 31.210079588000099, 1.375717296000175 ], [ 31.210587807000138, 1.375451004000183 ], [ 31.211023708000027, 1.37508705900018 ], [ 31.211290869000038, 1.37450339600008 ], [ 31.211678266000035, 1.374212363000083 ], [ 31.212306565000063, 1.374311761000172 ], [ 31.213248122000095, 1.374874891000047 ], [ 31.214020626000035, 1.375364416000139 ], [ 31.214697065000166, 1.375561384999969 ], [ 31.215228723000052, 1.375636124000039 ], [ 31.215761003000068, 1.375418613000079 ], [ 31.216293292000159, 1.375201100000083 ], [ 31.216897890000098, 1.375081241000032 ], [ 31.217164684000124, 1.374668051000128 ], [ 31.217310765000036, 1.374181422000106 ], [ 31.217794860000026, 1.373890691000099 ], [ 31.218375334000086, 1.373746395000069 ], [ 31.218786645000137, 1.373577201000103 ], [ 31.220202754000127, 1.372668364000162 ], [ 31.220904662000123, 1.372256555000092 ], [ 31.221630760000153, 1.371844809000152 ], [ 31.222453327000096, 1.371530790000179 ], [ 31.223251103000052, 1.371508942000162 ], [ 31.223903010000072, 1.37187631900008 ], [ 31.224311509000188, 1.373022278000121 ], [ 31.224576475999982, 1.373461491000114 ], [ 31.225083491000134, 1.373755347000099 ], [ 31.225639540000032, 1.373732744000108 ], [ 31.226292791000162, 1.373466898000117 ], [ 31.226607313000102, 1.373346114000071 ], [ 31.22718773400004, 1.373226168000144 ], [ 31.227719505000096, 1.373252198000159 ], [ 31.228371871000036, 1.373400373000038 ], [ 31.228758439000046, 1.373499012000138 ], [ 31.229010641000173, 1.373489642000095 ], [ 31.22906063400012, 1.373487784000076 ], [ 31.229713274000119, 1.373514199000056 ], [ 31.229930888000183, 1.373490527000058 ], [ 31.230197936000081, 1.372955563 ], [ 31.230635982000081, 1.371593067999981 ], [ 31.231073862000073, 1.37030364300017 ], [ 31.231220979000057, 1.369329915000037 ], [ 31.231488189000174, 1.368721888000096 ], [ 31.23180395900016, 1.368016585000134 ], [ 31.232022711000127, 1.367457119 ], [ 31.232028445000083, 1.367429588000107 ], [ 31.232157044000189, 1.366812139000103 ], [ 31.232134795000036, 1.36591093800007 ], [ 31.23201605600002, 1.364912019000087 ], [ 31.231949658000076, 1.364573687000188 ], [ 31.231920404000107, 1.364424622000172 ], [ 31.231897680000031, 1.363742614000046 ], [ 31.231900691000192, 1.36233004900015 ], [ 31.232048330000055, 1.36111277200007 ], [ 31.232377340000085, 1.359859535000055 ], [ 31.232838144000027, 1.359154688000046 ], [ 31.233322809000072, 1.358596046 ], [ 31.233855549999987, 1.358159329000046 ], [ 31.234775956000135, 1.357309798000188 ], [ 31.235042643999975, 1.356945316000065 ], [ 31.235600344000147, 1.356143355000029 ], [ 31.237103289000061, 1.354175322000174 ], [ 31.237103189000038, 1.354224029000022 ], [ 31.245292479000113, 1.361668455000142 ], [ 31.245571801000153, 1.361922370000116 ], [ 31.249130607000097, 1.365136205000169 ], [ 31.249709480000092, 1.365746889000093 ], [ 31.250216250000108, 1.366162522000081 ], [ 31.250560570000175, 1.366416270000116 ], [ 31.250766935000115, 1.366572286000064 ], [ 31.25155532500014, 1.367423681999981 ], [ 31.252644056000065, 1.368596719000152 ], [ 31.253817441000081, 1.369609109000066 ], [ 31.254265019000172, 1.369970019999982 ], [ 31.255319438000129, 1.370820265000077 ], [ 31.258238880000079, 1.373270879000188 ], [ 31.261092269000187, 1.37614685900013 ], [ 31.262451106000071, 1.377191166000102 ], [ 31.263542485000073, 1.378029922000053 ], [ 31.264500013000088, 1.378805820000082 ], [ 31.265908189000072, 1.379884564000179 ], [ 31.268067071000132, 1.381984851000141 ], [ 31.269390692000172, 1.383091896000167 ], [ 31.27170021500018, 1.384719616000041 ], [ 31.273352511000155, 1.385949802000027 ], [ 31.274704435000103, 1.386896160000163 ], [ 31.275924871000143, 1.387823513000058 ], [ 31.277749343000153, 1.388979684999981 ], [ 31.277558153000143, 1.389375112000096 ], [ 31.277370001000179, 1.389772027 ], [ 31.277031586000135, 1.390131016000112 ], [ 31.27676835900013, 1.390433339000026 ], [ 31.276430095000023, 1.390584349000051 ], [ 31.276242136, 1.39071656200008 ], [ 31.276091694, 1.390924430000041 ], [ 31.27584717000002, 1.391340211000056 ], [ 31.27556518200015, 1.391604705000134 ], [ 31.275330085000178, 1.391973223000036 ], [ 31.274935214000095, 1.392464521000022 ], [ 31.274615681, 1.392691172000013 ], [ 31.274390122000113, 1.392861171000163 ], [ 31.274164534000079, 1.393068984000024 ], [ 31.273788657000182, 1.393276687000082 ], [ 31.273300075000066, 1.39346539800016 ], [ 31.272867727000175, 1.39382431700011 ], [ 31.272623229000033, 1.39420228 ], [ 31.272416276, 1.394618087000026 ], [ 31.272209143000055, 1.395279687000084 ], [ 31.272077306000028, 1.395733363000147 ], [ 31.271823062000124, 1.39659345400014 ], [ 31.271728840000151, 1.396990436000124 ], [ 31.271578134000151, 1.397557542000186 ], [ 31.271483814000135, 1.398086874000057 ], [ 31.271351782000067, 1.398805251000113 ], [ 31.2712011590001, 1.399258913000153 ], [ 31.271125875000109, 1.399447929000189 ], [ 31.271031680000021, 1.399807096000131 ], [ 31.270937415000162, 1.400260800000183 ], [ 31.270739776000028, 1.400780602000054 ], [ 31.27045743900004, 1.401517774000069 ], [ 31.270193985000105, 1.40212260800007 ], [ 31.269911996000133, 1.402387100000055 ], [ 31.269479687000171, 1.402689293000151 ], [ 31.269009860999972, 1.402915828000118 ], [ 31.26840853200008, 1.403142266000032 ], [ 31.267694456000129, 1.403406434000033 ], [ 31.267168411000057, 1.403443855000035 ], [ 31.267318577000026, 1.403614131999973 ], [ 31.267468574000077, 1.404011295000089 ], [ 31.267562198, 1.404427324000153 ], [ 31.267721051000137, 1.405552421000039 ], [ 31.267720549000103, 1.40623307900006 ], [ 31.267832932000033, 1.406686937000131 ], [ 31.268076903000065, 1.407027448000179 ], [ 31.268621372000098, 1.407481630000063 ], [ 31.269053291000034, 1.407708839000122 ], [ 31.269351480000125, 1.407821634000129 ], [ 31.269514628000081, 1.408840381000118 ], [ 31.269453391000127, 1.409994985000083 ], [ 31.269633955000131, 1.410785144000045 ], [ 31.269753819000073, 1.412000655000156 ], [ 31.269934517000138, 1.412608500999966 ], [ 31.270356702000129, 1.413277300000175 ], [ 31.270959493000191, 1.414675487000125 ], [ 31.271140237000054, 1.415222564000032 ], [ 31.271320798000147, 1.416012724000041 ], [ 31.271621991000131, 1.416985288000035 ], [ 31.27216476000018, 1.417897264000146 ], [ 31.272103609000169, 1.418930327000112 ], [ 31.271861625000042, 1.419537856000034 ], [ 31.271688770000026, 1.420285080000042 ], [ 31.271667989000036, 1.420725977000188 ], [ 31.271651095000038, 1.421208554000032 ], [ 31.271617641000091, 1.421724402000109 ], [ 31.271517997000046, 1.422306764000155 ], [ 31.271401931000014, 1.422739344000036 ], [ 31.271368688000052, 1.422972294000147 ], [ 31.271384974000114, 1.423305127000049 ], [ 31.271441883000136, 1.424594853000031 ], [ 31.271408353000027, 1.42521054700012 ], [ 31.271424477000096, 1.425759714000037 ], [ 31.27142429100013, 1.426009330000056 ], [ 31.271473709000134, 1.426258983000025 ], [ 31.27157260700011, 1.426675084000067 ], [ 31.271671430000026, 1.427191032000167 ], [ 31.271737184000131, 1.427706955000133 ], [ 31.271777579, 1.428963385000145 ], [ 31.271777242999974, 1.429412694000121 ], [ 31.271809727, 1.430194849000088 ], [ 31.271792767000022, 1.430760632000101 ], [ 31.272181082000088, 1.43110206900019 ], [ 31.272511528999985, 1.431435141 ], [ 31.27280883200018, 1.431868036000026 ], [ 31.273254850000114, 1.432434171000068 ], [ 31.273700881000025, 1.432983665000052 ], [ 31.274047776000032, 1.433433238000077 ], [ 31.274535089000096, 1.434057650000057 ], [ 31.274848940000027, 1.434473915000126 ], [ 31.275096626000106, 1.434923412999979 ], [ 31.275427051000179, 1.435289769000121 ], [ 31.27570778200004, 1.435772573000065 ], [ 31.276186733000145, 1.436521788000164 ], [ 31.276467490000186, 1.43697131100015 ], [ 31.27650038500019, 1.437204311000073 ], [ 31.276533292000124, 1.437420671000041 ], [ 31.276665309000123, 1.437770235000187 ], [ 31.276797326000121, 1.438119798000059 ], [ 31.276937679000127, 1.438377842000079 ], [ 31.277251519000174, 1.438810750000187 ], [ 31.277598391000083, 1.439293607000081 ], [ 31.277945300000113, 1.439726540000095 ], [ 31.278259165, 1.440126166000141 ], [ 31.278589502000102, 1.440609010000117 ], [ 31.27903539600004, 1.44134155900008 ], [ 31.279448309000031, 1.441957595000076 ], [ 31.279695983000067, 1.442423736000023 ], [ 31.279869307000013, 1.442814935000115 ], [ 31.280017796000152, 1.443247718000123 ], [ 31.280182683000191, 1.443863566000118 ], [ 31.280213421000099, 1.443987706000087 ], [ 31.280298077000168, 1.44432960600011 ], [ 31.280429957000081, 1.44486222300003 ], [ 31.280611440000087, 1.445394878000172 ], [ 31.28079303700008, 1.445777762000034 ], [ 31.280925055000182, 1.446127327000113 ], [ 31.281056996000132, 1.44657673800009 ], [ 31.281147732000193, 1.446851387000152 ], [ 31.281610401000023, 1.447267769000121 ], [ 31.28190775600001, 1.447634101000062 ], [ 31.282188614000177, 1.447950498000068 ], [ 31.282436364000091, 1.44831679300006 ], [ 31.282601464000038, 1.448649741999986 ], [ 31.282675489000042, 1.449157354000079 ], [ 31.282658577000063, 1.449656575000063 ], [ 31.282542529000068, 1.450055875000089 ], [ 31.28249262200012, 1.450455224000166 ], [ 31.282525529000054, 1.450671585000066 ], [ 31.282558473000108, 1.450838021000152 ], [ 31.282558335000147, 1.451021074000096 ], [ 31.282574644000135, 1.45132062800019 ], [ 31.282590764000076, 1.451869797000086 ], [ 31.282590361000132, 1.452402314000153 ], [ 31.282672810000065, 1.452701918000059 ], [ 31.282755271000099, 1.452984881000134 ], [ 31.283011144, 1.453542557000105 ], [ 31.283192753000037, 1.453908801000182 ], [ 31.283523179000042, 1.454275160000066 ], [ 31.283721361000062, 1.454591494999988 ], [ 31.283869926000193, 1.454924432000098 ], [ 31.283935802000144, 1.455273946999966 ], [ 31.284067919000165, 1.455490383000154 ], [ 31.284398269000121, 1.455956589000152 ], [ 31.284877386000062, 1.456489474000136 ], [ 31.285290450000161, 1.456905821000021 ], [ 31.28557134700003, 1.457172295000021 ], [ 31.286240549000127, 1.457796853 ], [ 31.28693459800013, 1.458363187000145 ], [ 31.287661681000145, 1.458979469000155 ], [ 31.288292628000193, 1.45949687600006 ], [ 31.288964742000019, 1.460572069000136 ], [ 31.28723770400012, 1.462049444000058 ], [ 31.286427136000043, 1.462498132000064 ], [ 31.285996903000068, 1.462913831000094 ], [ 31.285616086000061, 1.463579185000071 ], [ 31.285235447000105, 1.464011562000053 ], [ 31.284854896000184, 1.464327450999974 ], [ 31.284424840000099, 1.464510171000029 ], [ 31.2839451910001, 1.464676214000178 ], [ 31.283515187000091, 1.464792369000065 ], [ 31.283134801000017, 1.464891922000049 ], [ 31.282837014000165, 1.46509138600004 ], [ 31.282605331000127, 1.465340824000066 ], [ 31.282340589000057, 1.46557359500008 ], [ 31.281902107000178, 1.46596432399997 ], [ 31.28170346800016, 1.466247070000122 ], [ 31.28097523100007, 1.467145127000094 ], [ 31.280611100000044, 1.467610796000145 ], [ 31.280197248000093, 1.468226196999979 ], [ 31.279899257000181, 1.468691918000047 ], [ 31.279568234000067, 1.469107689000111 ], [ 31.279352983000138, 1.469490268000015 ], [ 31.279220624000118, 1.46959001200014 ], [ 31.278922862000172, 1.469756192000034 ], [ 31.278641585000059, 1.469988949000026 ], [ 31.278567004000024, 1.470213546000025 ], [ 31.278434351000158, 1.47069603500006 ], [ 31.278202437000118, 1.471245012000111 ], [ 31.277954063000038, 1.471694128000138 ], [ 31.277639420000185, 1.472309604999964 ], [ 31.277424117000066, 1.472758747 ], [ 31.27719229000013, 1.473191235000115 ], [ 31.276861355, 1.473490517000187 ], [ 31.276629644000138, 1.473773235000124 ], [ 31.276364875000127, 1.474039286 ], [ 31.276116743000046, 1.474172221000117 ], [ 31.275637094000047, 1.47433825700017 ], [ 31.275190424000073, 1.474620807000065 ], [ 31.27476031599997, 1.474870087000113 ], [ 31.274297137000133, 1.475119341000095 ], [ 31.273784211000134, 1.475551608000103 ], [ 31.273287872000026, 1.475917322000157 ], [ 31.27287429800009, 1.476166615000068 ], [ 31.27236155200012, 1.476365906000126 ], [ 31.271964488000151, 1.476648492999971 ], [ 31.271749414000112, 1.476797889000068 ], [ 31.271161472000131, 1.476797428000168 ], [ 31.270710600000143, 1.476778167000077 ], [ 31.270278323000127, 1.477004714000088 ], [ 31.270033946000069, 1.477193595000131 ], [ 31.269573615000127, 1.47725940800018 ], [ 31.269028706000029, 1.477372424000123 ], [ 31.268183147000173, 1.477560831000176 ], [ 31.267262484000128, 1.477692458000149 ], [ 31.266604912000048, 1.477729754 ], [ 31.265684280000073, 1.477823566000154 ], [ 31.26508308300015, 1.477842 ], [ 31.264838898000107, 1.47778508500005 ], [ 31.264768221000054, 1.477770802 ], [ 31.26436929800019, 1.477690180000138 ], [ 31.263974729000097, 1.477746590000152 ], [ 31.263486255000032, 1.477765113000032 ], [ 31.26297902400006, 1.477745804999984 ], [ 31.262640948000183, 1.477632095 ], [ 31.26216184600014, 1.477678986000058 ], [ 31.261504350000109, 1.477621745000022 ], [ 31.261053538000112, 1.477526854000075 ], [ 31.260734265000053, 1.477394252000124 ], [ 31.260001725, 1.477204603000189 ], [ 31.25930674500006, 1.477033889999973 ], [ 31.259152363000112, 1.477053187000081 ], [ 31.258855815000061, 1.477090255000121 ], [ 31.258442460000083, 1.47714664900019 ], [ 31.258141738000063, 1.477316575000032 ], [ 31.257784745000095, 1.477373013999966 ], [ 31.257390177000104, 1.477429424000036 ], [ 31.257164661000104, 1.477523781000116 ], [ 31.256882740000151, 1.477674815000171 ], [ 31.256600805000176, 1.477844754000103 ], [ 31.256412937000107, 1.477844606000076 ], [ 31.256074627000146, 1.478033408999977 ], [ 31.255567323000093, 1.478108635000183 ], [ 31.255041322000181, 1.47807040500004 ], [ 31.254890894000027, 1.478240449000054 ], [ 31.254871974000025, 1.478410597000106 ], [ 31.254777788000069, 1.478731943000071 ], [ 31.254608618000077, 1.478845251000052 ], [ 31.25449575000016, 1.479034232000117 ], [ 31.254476770000053, 1.479280008000046 ], [ 31.254176063000102, 1.4794310260001 ], [ 31.254065759000014, 1.47952170700006 ], [ 31.253969274000156, 1.479601026000125 ], [ 31.253574440000136, 1.47999776000006 ], [ 31.253123393000067, 1.480205380000029 ], [ 31.25287897200019, 1.480450978000079 ], [ 31.252596814000071, 1.480904522000174 ], [ 31.252314655000077, 1.481358066000041 ], [ 31.252032512000142, 1.4817927040001 ], [ 31.251618786000165, 1.482321771000102 ], [ 31.25118642100017, 1.482661753000173 ], [ 31.250997405000192, 1.482764304 ], [ 31.250591836000126, 1.482984345000034 ], [ 31.250533703000031, 1.483015764000015 ], [ 31.250530558000037, 1.483017463000067 ], [ 31.250099682000041, 1.483232885000177 ], [ 31.249752002000093, 1.483668406000049 ], [ 31.24970780200016, 1.484061239000141 ], [ 31.24940279600014, 1.484802534999972 ], [ 31.248925568000061, 1.485019320999982 ], [ 31.248622286000057, 1.484974695 ], [ 31.248102772000038, 1.484711053000069 ], [ 31.247929412000076, 1.484710498000084 ], [ 31.247538771000166, 1.484971227000074 ], [ 31.24719061400009, 1.485625062000111 ], [ 31.246105581000108, 1.486320199000147 ], [ 31.245585016000064, 1.486536847000139 ], [ 31.245540905999974, 1.486886009000102 ], [ 31.245393059000094, 1.487034157000096 ], [ 31.244455009000092, 1.487974113000064 ], [ 31.244237538000164, 1.488322718 ], [ 31.243846419000192, 1.488801761000161 ], [ 31.243197083000155, 1.488450375000184 ], [ 31.242764345000012, 1.488143353 ], [ 31.242287127000168, 1.488360137000029 ], [ 31.24180913500004, 1.488926226000046 ], [ 31.241288571000155, 1.489142873000105 ], [ 31.240725920000045, 1.488791761000186 ], [ 31.240509115000123, 1.488834729000189 ], [ 31.24020477900018, 1.489270391 ], [ 31.239814624000132, 1.489312802000029 ], [ 31.239640013000155, 1.489879858000052 ], [ 31.239423117000172, 1.489966486000128 ], [ 31.238947241000062, 1.489571996 ], [ 31.238643861000185, 1.489571020000085 ], [ 31.238382952000165, 1.489963157000147 ], [ 31.238209493999989, 1.490006262000065 ], [ 31.237775514000191, 1.490266850000125 ], [ 31.237471944999982, 1.490353196000171 ], [ 31.237255815000083, 1.490090527000177 ], [ 31.236779265000052, 1.490001673000108 ], [ 31.236432447000141, 1.490044229000091 ], [ 31.236215075000132, 1.490349171999981 ], [ 31.235737568000104, 1.490696943999978 ], [ 31.235217482000053, 1.490695274000018 ], [ 31.23474083300016, 1.490650079000147 ], [ 31.234523658000057, 1.490867699000034 ], [ 31.233808301000124, 1.490974564000055 ], [ 31.233157526000184, 1.491278109000064 ], [ 31.232550576000051, 1.491363485000022 ], [ 31.232160124000075, 1.491536887000109 ], [ 31.231770159000064, 1.491491974000041 ], [ 31.231379526000126, 1.491752698000141 ], [ 31.230902011000126, 1.492100467000057 ], [ 31.23085722899998, 1.49275526100007 ], [ 31.230832252000141, 1.492790300000024 ], [ 31.230639855000106, 1.493060201000048 ], [ 31.230336764000185, 1.492928241000129 ], [ 31.229946321000114, 1.493101642 ], [ 31.229556646000106, 1.492925738000054 ], [ 31.229124400000046, 1.492400401000168 ], [ 31.228951033000044, 1.492399843000101 ], [ 31.228690422000057, 1.492660976000138 ], [ 31.228516286, 1.493009723000114 ], [ 31.228168321999988, 1.493576216 ], [ 31.227691285000049, 1.493705671000157 ], [ 31.2267376100001, 1.49378993900001 ], [ 31.225436549, 1.494178715000032 ], [ 31.223701690000098, 1.494740752000098 ], [ 31.223007578000022, 1.49504416200017 ], [ 31.222443678000104, 1.495260662000135 ], [ 31.22195062500009, 1.495792730000119 ], [ 31.221314138000082, 1.496479580000084 ], [ 31.220593385000029, 1.497027244000094 ], [ 31.220489326000063, 1.497088200000178 ], [ 31.22008609500017, 1.497088602000019 ], [ 31.220007580000129, 1.497099221000099 ], [ 31.219894821000139, 1.497515353999972 ], [ 31.219612521000045, 1.497950800000126 ], [ 31.219386898000153, 1.498177495000164 ], [ 31.219142534000184, 1.498347454999987 ], [ 31.218916972000159, 1.498498524000183 ], [ 31.218635035000034, 1.498668453000107 ], [ 31.218259119000152, 1.498895025000024 ], [ 31.217939517, 1.499178362000123 ], [ 31.217431926000188, 1.49961279900009 ], [ 31.216849173000014, 1.500066080000181 ], [ 31.21622886200015, 1.500500423000176 ], [ 31.215765028000135, 1.501662142999976 ], [ 31.214779361000183, 1.501805072000025 ], [ 31.213760726000032, 1.501910732000056 ], [ 31.212596377000068, 1.502269207000154 ], [ 31.21131297900007, 1.502627583000105 ], [ 31.209870911000166, 1.502905953000038 ], [ 31.208779529000083, 1.503004893000082 ], [ 31.208041498000057, 1.503040960000135 ], [ 31.207708029000059, 1.503057257000137 ], [ 31.206715960000167, 1.503029810999976 ], [ 31.205671144, 1.502802635000023 ], [ 31.204666155000098, 1.502402431000121 ], [ 31.20401172000004, 1.501982549000047 ], [ 31.202914529000111, 1.501103024000031 ], [ 31.202213977000042, 1.50046345200002 ], [ 31.201645519000124, 1.500050298000133 ], [ 31.200944816000117, 1.499597097 ], [ 31.200019339, 1.499023900000111 ], [ 31.198889045000101, 1.498190943 ], [ 31.197910800999978, 1.497444642000175 ], [ 31.196948063000093, 1.49660801400006 ], [ 31.195879459000139, 1.495686364 ], [ 31.195313145000171, 1.49512958300005 ], [ 31.19263046400016, 1.493156130999978 ], [ 31.192154317000131, 1.492892628000106 ], [ 31.192142778000118, 1.492886275000046 ], [ 31.190915015000087, 1.492210345000103 ], [ 31.189440914000045, 1.491244947000155 ], [ 31.188332022000168, 1.490723881000179 ], [ 31.187345588000085, 1.490561720000187 ], [ 31.187323687000116, 1.49055812000006 ], [ 31.185678617000065, 1.490563097 ], [ 31.185338218000084, 1.490613560000043 ], [ 31.184871645000101, 1.490803470000117 ], [ 31.184657210000182, 1.49096821500018 ], [ 31.184392434000131, 1.491031427000053 ], [ 31.18405207700016, 1.491031144000146 ], [ 31.183749474000081, 1.491107011000111 ], [ 31.183358411000142, 1.49144922000005 ], [ 31.183030263000148, 1.491931032000139 ], [ 31.18272732600002, 1.492412865000119 ], [ 31.182273254000108, 1.492729648000136 ], [ 31.181957837000027, 1.493059232000064 ], [ 31.181843977000028, 1.49355390900007 ], [ 31.181692539000153, 1.493756765000114 ], [ 31.181150059000174, 1.494276457000126 ], [ 31.180550857000185, 1.494789757000149 ], [ 31.180210468000155, 1.494827533000091 ], [ 31.179655832000094, 1.494801695999968 ], [ 31.179227181000044, 1.494864770000049 ], [ 31.179012829000101, 1.494928022000124 ], [ 31.178722895000078, 1.494927780000125 ], [ 31.178432929000053, 1.494965597000146 ], [ 31.178243717000043, 1.495117675000131 ], [ 31.177953740000135, 1.495168178000142 ], [ 31.177676402000088, 1.495180632000086 ], [ 31.177474550999989, 1.495370760000185 ], [ 31.177260011000044, 1.495662368000126 ], [ 31.177119660000017, 1.495967737000115 ], [ 31.177108468000029, 1.495992088000094 ], [ 31.176982252000016, 1.496182278 ], [ 31.176793091000093, 1.496270924000044 ], [ 31.176597674, 1.496302475999983 ], [ 31.176585147000139, 1.49629276200011 ], [ 31.176433904000135, 1.496175475000086 ], [ 31.176307972000188, 1.496023132000175 ], [ 31.176118947000134, 1.495946856000046 ], [ 31.175980273000164, 1.495959426000013 ], [ 31.175715351000122, 1.496200246000058 ], [ 31.175614410000037, 1.49631433899998 ], [ 31.175286680000056, 1.496288691000188 ], [ 31.175097592000043, 1.496288532000108 ], [ 31.174933643000088, 1.496377199000051 ], [ 31.17471925000001, 1.496491197000068 ], [ 31.174435513999981, 1.496617823000065 ], [ 31.174378767000178, 1.496643148000146 ], [ 31.174164405000056, 1.496719085999985 ], [ 31.173849280000184, 1.496693449000134 ], [ 31.173827623000079, 1.496688400000153 ], [ 31.173521593000146, 1.496617056000105 ], [ 31.173269476000144, 1.496616844000073 ], [ 31.173004712000079, 1.4966673670001 ], [ 31.172765170000162, 1.496705225000028 ], [ 31.172550787000091, 1.496806536000122 ], [ 31.172424730000046, 1.496806430000106 ], [ 31.172311278000109, 1.496806335000031 ], [ 31.172160029000111, 1.496780835000038 ], [ 31.172008791000053, 1.496742648000179 ], [ 31.171907881000038, 1.496818682000082 ], [ 31.171787829000039, 1.496939299000189 ], [ 31.171718636000094, 1.497008817999983 ], [ 31.171674407000069, 1.497141026000122 ], [ 31.171549772000162, 1.497472374000154 ], [ 31.171283447000064, 1.497357327000145 ], [ 31.171132303000149, 1.497204964000048 ], [ 31.171092590000171, 1.497119134000059 ], [ 31.171044221000159, 1.49701459400012 ], [ 31.170842592000099, 1.496938306 ], [ 31.170477014000028, 1.496950685000058 ], [ 31.17040670900019, 1.496990407000169 ], [ 31.170275226000058, 1.497064693000084 ], [ 31.170086075000086, 1.497140651000166 ], [ 31.169896946000165, 1.497191237999971 ], [ 31.169653557, 1.497202697000148 ], [ 31.169632215000036, 1.497203702000149 ], [ 31.169531505000066, 1.497038693999968 ], [ 31.169355120000091, 1.496924369000055 ], [ 31.169178649000173, 1.496911533000059 ], [ 31.169027306000146, 1.497000210000181 ], [ 31.168737246000148, 1.497152203000041 ], [ 31.16869650700005, 1.497210669000083 ], [ 31.168648900000107, 1.497278991000087 ], [ 31.168497600000023, 1.497316923000028 ], [ 31.168258016000095, 1.497405526000136 ], [ 31.168106831000102, 1.497303907000173 ], [ 31.167955625000047, 1.497227662000171 ], [ 31.167653108000138, 1.4972020350001 ], [ 31.167413598000053, 1.497201833000076 ], [ 31.167407097000137, 1.497201828000186 ], [ 31.167174089000014, 1.497201631000053 ], [ 31.167035563000127, 1.497036591999972 ], [ 31.166909632000113, 1.496884249000061 ], [ 31.166758468000182, 1.496757259000049 ], [ 31.166619815, 1.496744455000055 ], [ 31.166493684000159, 1.496833153000125 ], [ 31.166468367000107, 1.496959995000111 ], [ 31.166468207999969, 1.49715029000015 ], [ 31.166404958000101, 1.497416649000058 ], [ 31.166367206000132, 1.497514732000127 ], [ 31.166299723000179, 1.497787616000153 ], [ 31.166167212000119, 1.498070385000176 ], [ 31.166018166000072, 1.498353141000109 ], [ 31.165802983000106, 1.498635841000066 ], [ 31.165640995000047, 1.498740448000092 ], [ 31.165571376000059, 1.498785406000081 ], [ 31.165306798000188, 1.498818463000077 ], [ 31.165166045000149, 1.498806400000035 ], [ 31.164978475000112, 1.49879032400014 ], [ 31.164662025000041, 1.498734718000151 ], [ 31.164364391999982, 1.498751107000032 ], [ 31.164182458000028, 1.498817513000176 ], [ 31.163983948000123, 1.498933826000098 ], [ 31.163735807000137, 1.499083377000147 ], [ 31.163471271000105, 1.499066513000173 ], [ 31.163289392000024, 1.499066359000153 ], [ 31.16319011600018, 1.499149475000081 ], [ 31.163121785000101, 1.499295604000054 ], [ 31.163090604000104, 1.499515473000031 ], [ 31.163090493000027, 1.499648593000188 ], [ 31.162958147999973, 1.499731682000061 ], [ 31.162825789000124, 1.499831409000024 ], [ 31.162743048000152, 1.499914540000077 ], [ 31.162709910000046, 1.499997713000141 ], [ 31.162660125000116, 1.500213991000066 ], [ 31.162593710000067, 1.50054673600016 ], [ 31.162477885000158, 1.500646478000078 ], [ 31.162328978000176, 1.500762833000181 ], [ 31.162260144000129, 1.500931075999972 ], [ 31.162063954000075, 1.501328370000181 ], [ 31.161865416000182, 1.501477962000138 ], [ 31.161683496000023, 1.501527728000156 ], [ 31.161451987000191, 1.501560812000037 ], [ 31.161236997000117, 1.501610548999963 ], [ 31.161022403000175, 1.501776991000099 ], [ 31.160925413000143, 1.501993411000058 ], [ 31.160482855999987, 1.502431423000075 ], [ 31.160217915000032, 1.502897118000135 ], [ 31.159886836000055, 1.503362758000094 ], [ 31.15979582000017, 1.503454201000125 ], [ 31.159622062000039, 1.503628774000106 ], [ 31.159291290000169, 1.503728333000083 ], [ 31.158883470000035, 1.503771289000042 ], [ 31.158547187000181, 1.50379426000012 ], [ 31.15833212800004, 1.503927197000166 ], [ 31.158099858000185, 1.50417812500018 ], [ 31.157620590000136, 1.504592192000018 ], [ 31.157339296000146, 1.504841553000176 ], [ 31.157132409000155, 1.504939319000073 ], [ 31.157058099000039, 1.504974434000076 ], [ 31.156887007000137, 1.504979998000181 ], [ 31.156674487000089, 1.504986910000184 ], [ 31.156264491000115, 1.504923838000138 ], [ 31.155983364000065, 1.504973517000053 ], [ 31.155569963, 1.505023085000062 ], [ 31.155024189000187, 1.505189020000046 ], [ 31.154651984, 1.505297928000175 ], [ 31.154627266000091, 1.505305160000034 ], [ 31.154065084000138, 1.505321321000054 ], [ 31.153304546000072, 1.505270752000058 ], [ 31.153180731000077, 1.505260262000093 ], [ 31.152709351000112, 1.50522032300006 ], [ 31.152345624000134, 1.50518673300013 ], [ 31.152080934000082, 1.505352906000098 ], [ 31.151832834000174, 1.505452533000096 ], [ 31.151535231000139, 1.50543564000003 ], [ 31.151402885000039, 1.505518726000162 ], [ 31.15123890600006, 1.505693698000073 ], [ 31.15106017, 1.505804183000066 ], [ 31.150766853000164, 1.506227549000073 ], [ 31.150369635000175, 1.506693128000165 ], [ 31.150238599000147, 1.506839403000072 ], [ 31.15007173500004, 1.507025672000111 ], [ 31.149823551999987, 1.507225139000013 ], [ 31.149298524000073, 1.507726103999971 ], [ 31.149062325000159, 1.507989923000082 ], [ 31.148929839000061, 1.508239408000179 ], [ 31.148880039000176, 1.508472325000184 ], [ 31.148697964000121, 1.508705127999974 ], [ 31.148515973000087, 1.508838091000086 ], [ 31.148334011000145, 1.50893777400006 ], [ 31.148102474000098, 1.509004136000044 ], [ 31.147856336000132, 1.508944136000082 ], [ 31.147457649000103, 1.508986942000035 ], [ 31.147358415000042, 1.509020136000117 ], [ 31.147176424000179, 1.509153100000105 ], [ 31.147077105000051, 1.509286133000046 ], [ 31.146977734000075, 1.509482053000056 ], [ 31.146863863000192, 1.509730673000035 ], [ 31.146861778000073, 1.509735226000146 ], [ 31.146812048000072, 1.509884943000031 ], [ 31.146613566000156, 1.509967972000027 ], [ 31.146507322000048, 1.509953622000069 ], [ 31.146365580000065, 1.509934478000105 ], [ 31.146097031000124, 1.509781520000047 ], [ 31.145869733000154, 1.509717733 ], [ 31.145638182000084, 1.509800733000134 ], [ 31.145605057000125, 1.509867265000139 ], [ 31.145538821000116, 1.509983686999988 ], [ 31.145472528000084, 1.510166669000057 ], [ 31.145373411000151, 1.51039750800004 ], [ 31.145306818000051, 1.510599163000109 ], [ 31.145191035000153, 1.510648984000056 ], [ 31.145108321000066, 1.510698832000116 ], [ 31.144942950000143, 1.51073197 ], [ 31.144645289000096, 1.510781633000136 ], [ 31.144404055000052, 1.510811134000164 ], [ 31.144149190000178, 1.510864405000063 ], [ 31.143934172000172, 1.510947419000161 ], [ 31.143636485000115, 1.511030363000089 ], [ 31.143421411000077, 1.511179936000133 ], [ 31.143231573000037, 1.51135443700008 ], [ 31.143191148000142, 1.511367185000097 ], [ 31.142974588000186, 1.511645468000097 ], [ 31.142783328000121, 1.511709445000179 ], [ 31.142726503000176, 1.511728453000103 ], [ 31.142439753000076, 1.511721180000166 ], [ 31.1424036250001, 1.511750670000083 ], [ 31.142147760000114, 1.511777873000142 ], [ 31.141949363000151, 1.511761062000062 ], [ 31.141800610000189, 1.511694374000058 ], [ 31.141668392999975, 1.511627701000123 ], [ 31.141493646000185, 1.511435519000031 ], [ 31.141486686000178, 1.511427865000144 ], [ 31.141371129999982, 1.511211447000164 ], [ 31.141172748000088, 1.511177997000061 ], [ 31.140941267000073, 1.511177797000016 ], [ 31.140759390000028, 1.511177640000142 ], [ 31.140627017000156, 1.511294005000082 ], [ 31.140544246000161, 1.511410412000032 ], [ 31.140527485000121, 1.511676635000128 ], [ 31.140480235000098, 1.511957558000177 ], [ 31.140460908000193, 1.51219241300015 ], [ 31.140394657000115, 1.512325475000125 ], [ 31.140322210000079, 1.512370956000098 ], [ 31.140262312000118, 1.512408559999983 ], [ 31.140096898000081, 1.512491616000148 ], [ 31.139931513000192, 1.512541392000173 ], [ 31.139679408000177, 1.512470681000082 ], [ 31.139633967000066, 1.512457935999976 ], [ 31.139406320000148, 1.51239175 ], [ 31.13927034000011, 1.512307863000103 ], [ 31.139055480000081, 1.512207838000108 ], [ 31.138956261000146, 1.512224392000064 ], [ 31.13882385800008, 1.512374036000153 ], [ 31.138575631000094, 1.512623419000079 ], [ 31.138416087, 1.51272948899998 ], [ 31.138301057000092, 1.512805965000098 ], [ 31.137975072000017, 1.512740055000165 ], [ 31.137812538999981, 1.512903344999984 ], [ 31.137566885000126, 1.512805583999977 ], [ 31.137434696000071, 1.512705632000063 ], [ 31.137307534000058, 1.512648623000075 ], [ 31.137137194000161, 1.512572255000123 ], [ 31.136905756000033, 1.512522135999973 ], [ 31.13664118000014, 1.512555186000043 ], [ 31.13639309500013, 1.512638170000173 ], [ 31.136153254000135, 1.51270146700017 ], [ 31.136078874000191, 1.512721097 ], [ 31.135731655000143, 1.512720796000053 ], [ 31.135384449000185, 1.512703856000087 ], [ 31.134883602000059, 1.512695021000184 ], [ 31.134392410000089, 1.512686356000074 ], [ 31.133945986000072, 1.512685969000131 ], [ 31.133730926000055, 1.512818900000013 ], [ 31.133548865000193, 1.513035060000163 ], [ 31.133449496000026, 1.5132266 ], [ 31.133316886999978, 1.513617251000085 ], [ 31.133283633000076, 1.513833540000121 ], [ 31.13320083300016, 1.513983226000107 ], [ 31.13318411400013, 1.514199529000109 ], [ 31.133233559000189, 1.514382609000165 ], [ 31.133398730000124, 1.514582429000029 ], [ 31.133663021000018, 1.514882176000015 ], [ 31.133844713000144, 1.515098650000027 ], [ 31.133910678000177, 1.515298385000108 ], [ 31.133893958000044, 1.515514688000167 ], [ 31.13384415600018, 1.515747602000033 ], [ 31.133711696000091, 1.515963804000023 ], [ 31.133463582000161, 1.516080066000029 ], [ 31.133248652000134, 1.516063241000154 ], [ 31.133066761000066, 1.516079721000096 ], [ 31.132884827000112, 1.516146123000055 ], [ 31.132697827000129, 1.516236491000086 ], [ 31.132661829000142, 1.516320821000136 ], [ 31.132630985999981, 1.516393076000156 ], [ 31.132272803000092, 1.516445106000049 ], [ 31.131975186000091, 1.516444847000116 ], [ 31.131793338000136, 1.516411410000103 ], [ 31.131628153000065, 1.516228229000092 ], [ 31.131562231000146, 1.515978574000144 ], [ 31.131496352000113, 1.515679001000137 ], [ 31.131298070000184, 1.515529071000174 ], [ 31.13123216200006, 1.515262778000078 ], [ 31.131100102000175, 1.515013066000051 ], [ 31.130687018000117, 1.514696551000043 ], [ 31.130323652000072, 1.514246962000072 ], [ 31.130075839000085, 1.514013790000149 ], [ 31.129745227000058, 1.513930303000052 ], [ 31.129365011000061, 1.513846774000172 ], [ 31.128902297000138, 1.513563496000188 ], [ 31.128390166000145, 1.513063857000134 ], [ 31.128175351000039, 1.512913913000148 ], [ 31.127944029000048, 1.512730675000114 ], [ 31.127795365, 1.512564148000081 ], [ 31.127646787000174, 1.512297783000179 ], [ 31.127647101000036, 1.511931709000066 ], [ 31.12756464500012, 1.511682042000132 ], [ 31.127465611000105, 1.511482279000177 ], [ 31.127333452000073, 1.511349046000078 ], [ 31.127102031000049, 1.511282286000096 ], [ 31.126821079000081, 1.511132284000098 ], [ 31.126738522000039, 1.510999094999988 ], [ 31.126606577000075, 1.510616266000056 ], [ 31.126457928000093, 1.510433100000171 ], [ 31.126448283000116, 1.510428236000109 ], [ 31.126259603000165, 1.510333089000142 ], [ 31.126061180000136, 1.510349556000165 ], [ 31.125713921000113, 1.510399173999986 ], [ 31.125333593000107, 1.51044876200001 ], [ 31.125052469000082, 1.510498436000034 ], [ 31.124773775000108, 1.510734211000113 ], [ 31.124647420000088, 1.510697760000028 ], [ 31.124465445, 1.510814080000046 ], [ 31.124316523000118, 1.510947068000064 ], [ 31.124309957000094, 1.510955314 ], [ 31.124290905000123, 1.510957040000164 ], [ 31.124093176000031, 1.510863675000166 ], [ 31.123927921000131, 1.510763693000058 ], [ 31.123696501000154, 1.510696932000144 ], [ 31.123514525000189, 1.510813252000162 ] ] ] } },
{ "type": "Feature", "properties": { "Sub_County": "BUHIMBA", "adm4_pcode": "UG41180102" }, "geometry": { "type": "Polygon", "coordinates": [ [ [ 31.278996185000096, 1.384159947000171 ], [ 31.278961464000133, 1.384223901000155 ], [ 31.278904941000178, 1.384450747000074 ], [ 31.278848377000088, 1.384734315000117 ], [ 31.278716586000144, 1.385131271999967 ], [ 31.278565968000123, 1.385584938000022 ], [ 31.278415363000192, 1.386019695000016 ], [ 31.278245874999982, 1.386586789999967 ], [ 31.278104615000018, 1.387087730000019 ], [ 31.27804796900017, 1.387484742000026 ], [ 31.277972315999989, 1.388184257000091 ], [ 31.27787800100009, 1.388713592000101 ], [ 31.277749343000153, 1.388979684999981 ], [ 31.275924871000143, 1.387823513000058 ], [ 31.274704435000103, 1.386896160000163 ], [ 31.273352511000155, 1.385949802000027 ], [ 31.27170021500018, 1.384719616000041 ], [ 31.269390692000172, 1.383091896000167 ], [ 31.268067071000132, 1.381984851000141 ], [ 31.265908189000072, 1.379884564000179 ], [ 31.264500013000088, 1.378805820000082 ], [ 31.263542485000073, 1.378029922000053 ], [ 31.262451106000071, 1.377191166000102 ], [ 31.261092269000187, 1.37614685900013 ], [ 31.258238880000079, 1.373270879000188 ], [ 31.255319438000129, 1.370820265000077 ], [ 31.254265019000172, 1.369970019999982 ], [ 31.253817441000081, 1.369609109000066 ], [ 31.252644056000065, 1.368596719000152 ], [ 31.25155532500014, 1.367423681999981 ], [ 31.250766935000115, 1.366572286000064 ], [ 31.250560570000175, 1.366416270000116 ], [ 31.250216250000108, 1.366162522000081 ], [ 31.249709480000092, 1.365746889000093 ], [ 31.249130607000097, 1.365136205000169 ], [ 31.245571801000153, 1.361922370000116 ], [ 31.245292479000113, 1.361668455000142 ], [ 31.237103189000038, 1.354224029000022 ], [ 31.237103289000061, 1.354175322000174 ], [ 31.237310339000146, 1.354013284000075 ], [ 31.237839041000029, 1.35320455800013 ], [ 31.238117646000035, 1.352618601000074 ], [ 31.238229660000059, 1.352115955000045 ], [ 31.238231319000135, 1.351333520000082 ], [ 31.238176978000183, 1.350802408000163 ], [ 31.238317261000134, 1.350048346000108 ], [ 31.237972725000077, 1.349027304 ], [ 31.237502814000152, 1.348271332000024 ], [ 31.236590250000177, 1.346983039000065 ], [ 31.236370378000061, 1.346032253000089 ], [ 31.2361216380001, 1.345612306000078 ], [ 31.235817911000083, 1.344968641000037 ], [ 31.235819986000024, 1.343990598 ], [ 31.236044235000179, 1.342873530000134 ], [ 31.235978071000034, 1.341378302000066 ], [ 31.235758130000022, 1.340455454000107 ], [ 31.235928931000046, 1.338388110000096 ], [ 31.236069086000043, 1.337689940000075 ], [ 31.236214895000103, 1.337319494000155 ], [ 31.236431604000188, 1.336768913000128 ], [ 31.236848883000164, 1.336183389000041 ], [ 31.237265990000083, 1.335681695000062 ], [ 31.237377932000129, 1.335206995000078 ], [ 31.237478228999976, 1.333684338000126 ], [ 31.237341145000187, 1.332929416000184 ], [ 31.237508981000076, 1.332259277000048 ], [ 31.23771769200016, 1.331984708000164 ], [ 31.237953997000091, 1.33167383600005 ], [ 31.238731956000095, 1.331033546000185 ], [ 31.23934338100014, 1.330448622000063 ], [ 31.23992731200002, 1.329751834000149 ], [ 31.240344116000074, 1.329389862000028 ], [ 31.241177496000091, 1.328777686000024 ], [ 31.24187248000004, 1.328025352000111 ], [ 31.242511821999983, 1.327356678000058 ], [ 31.242901602000131, 1.326659286000051 ], [ 31.243096570999967, 1.326268669000171 ], [ 31.243472098000041, 1.325752874000045 ], [ 31.243445186000145, 1.325361562000182 ], [ 31.243640108000079, 1.324998901000072 ], [ 31.24405691100003, 1.324636918000067 ], [ 31.244196711000086, 1.324106405000123 ], [ 31.244699657000126, 1.322347481000122 ], [ 31.244756247000169, 1.321816714000136 ], [ 31.244564334000188, 1.320754225000087 ], [ 31.244150297000147, 1.319802828000149 ], [ 31.243903140000043, 1.318628392000107 ], [ 31.243808207000086, 1.317608133000022 ], [ 31.243726172000095, 1.317048989000114 ], [ 31.243977736000147, 1.316127605000077 ], [ 31.243978675000164, 1.315680502000134 ], [ 31.243883388000143, 1.315175421000163 ], [ 31.243704377000029, 1.314226541000153 ], [ 31.241563863000181, 1.309930418000079 ], [ 31.240901670000028, 1.308279650000088 ], [ 31.240486918000158, 1.307663582000089 ], [ 31.239241399000036, 1.306430160000161 ], [ 31.2385209790001, 1.30609259400012 ], [ 31.23788346900011, 1.305895007000061 ], [ 31.237883582000052, 1.305839113000047 ], [ 31.238133442000105, 1.305728113999976 ], [ 31.239218121000079, 1.304306324000152 ], [ 31.239663292000046, 1.30363704399997 ], [ 31.239984923000122, 1.302366578000033 ], [ 31.24068082500014, 1.301167132000103 ], [ 31.241153370000063, 1.300509274000035 ], [ 31.241181529000187, 1.300470072000167 ], [ 31.241737646000104, 1.299801137000145 ], [ 31.242543034000107, 1.299300631000108 ], [ 31.243486801000131, 1.298940280000068 ], [ 31.24423683200007, 1.298383719000071 ], [ 31.244460187000186, 1.297685806000175 ], [ 31.244489151000096, 1.29709906100004 ], [ 31.244295927999985, 1.296651349000115 ], [ 31.243853798000032, 1.295867536000173 ], [ 31.243288172000121, 1.29445459100009 ], [ 31.242984599000124, 1.293727102 ], [ 31.24295913800006, 1.292637192000086 ], [ 31.242793373000097, 1.292329291000101 ], [ 31.24276674500004, 1.291798263000032 ], [ 31.24276861300001, 1.290904048000186 ], [ 31.242401850000135, 1.290260058 ], [ 31.242354100000114, 1.290176213000109 ], [ 31.242299853000134, 1.289589208000109 ], [ 31.24241248900006, 1.288779170000055 ], [ 31.242663393000043, 1.288165171000173 ], [ 31.24319106500019, 1.287831472000164 ], [ 31.24407982200006, 1.287247390000175 ], [ 31.244372124999984, 1.286731325000176 ], [ 31.244124782000085, 1.28564073299998 ], [ 31.244014766000191, 1.285193284 ], [ 31.243962791000058, 1.283516452000185 ], [ 31.244074148000152, 1.283321189000105 ], [ 31.244435466000027, 1.282959027000175 ], [ 31.244574665000073, 1.282707962000075 ], [ 31.244470269000146, 1.282068514000116 ], [ 31.244437728000037, 1.281869201000063 ], [ 31.244549551000148, 1.281450380000138 ], [ 31.244855976000167, 1.280808609000076 ], [ 31.245078616000114, 1.280446017999964 ], [ 31.245495291000054, 1.280139918000032 ], [ 31.245995341000025, 1.279750247000038 ], [ 31.246217981000143, 1.27938765500005 ], [ 31.24659319, 1.279011565000019 ], [ 31.247204765000106, 1.278342788000032 ], [ 31.247788609000054, 1.277673926000148 ], [ 31.249596351000093, 1.275304222000159 ], [ 31.250514985000052, 1.273686278000071 ], [ 31.250579803000107, 1.273620686000129 ], [ 31.250582711000163, 1.273617744000092 ], [ 31.251492010000163, 1.27247118400004 ], [ 31.251611600000103, 1.272162296999966 ], [ 31.251782641000148, 1.271424317000026 ], [ 31.251868295000122, 1.27085793100008 ], [ 31.251988068000173, 1.270274402000041 ], [ 31.252039508000166, 1.269862476000014 ], [ 31.252039659000104, 1.269639332000054 ], [ 31.251971615000116, 1.269381810000084 ], [ 31.251852443000075, 1.26907275800005 ], [ 31.251750279000134, 1.268832379000173 ], [ 31.251699220000091, 1.268677858000103 ], [ 31.251767575000144, 1.268471925000028 ], [ 31.252177201999984, 1.267991584000129 ], [ 31.252347965000183, 1.267665565000073 ], [ 31.252450521000128, 1.267322334000028 ], [ 31.252510402000041, 1.267039152000052 ], [ 31.252578712000172, 1.266901878000056 ], [ 31.252834746000076, 1.266575917000182 ], [ 31.25309075600012, 1.266284284999983 ], [ 31.253204574000108, 1.266145373000086 ], [ 31.253329713000085, 1.265992643000061 ], [ 31.253449289000173, 1.265700918000164 ], [ 31.253500624000083, 1.265443478000179 ], [ 31.253500785000028, 1.265203167000095 ], [ 31.253500969000186, 1.264928527000109 ], [ 31.25360343400007, 1.264722617000132 ], [ 31.253808223000021, 1.264516775000118 ], [ 31.253944773000171, 1.264345217000141 ], [ 31.254115454000157, 1.264139353000189 ], [ 31.254269105000162, 1.263899146000085 ], [ 31.25445678300008, 1.263779119000048 ], [ 31.254746855000064, 1.263556170000129 ], [ 31.254883381000184, 1.263418942000158 ], [ 31.254917605000173, 1.263247315000058 ], [ 31.254951921000156, 1.262938367000118 ], [ 31.254952012000103, 1.262801047000096 ], [ 31.255046046000075, 1.262449227000104 ], [ 31.255080476000046, 1.261968628999966 ], [ 31.255114780000042, 1.261676846000057 ], [ 31.255200200000047, 1.261453758000073 ], [ 31.255251581000095, 1.261127657000031 ], [ 31.25533740200018, 1.260303793000048 ], [ 31.255371717000116, 1.259994845999984 ], [ 31.255491257000017, 1.259754616 ], [ 31.255781375000083, 1.259463006000033 ], [ 31.256003253000131, 1.259205679000161 ], [ 31.256156902000157, 1.258965472999989 ], [ 31.256242368000073, 1.258673725000051 ], [ 31.256285524000134, 1.257892744000173 ], [ 31.25628575200011, 1.25754944199997 ], [ 31.256285866000155, 1.25737779200017 ], [ 31.256354186000124, 1.257223353000086 ], [ 31.256456626000045, 1.257051771000135 ], [ 31.256695500000092, 1.256880281000122 ], [ 31.256849091000106, 1.256725899000173 ], [ 31.256934443000091, 1.256605800999978 ], [ 31.256900448000181, 1.256434126999977 ], [ 31.256866466000019, 1.256245289 ], [ 31.256747177000193, 1.256107888000088 ], [ 31.256525619000172, 1.255884593000189 ], [ 31.256457504000139, 1.255730062000112 ], [ 31.256287133000171, 1.255472472000122 ], [ 31.256150847000072, 1.255249234000075 ], [ 31.256014549000156, 1.255043161 ], [ 31.255920859000071, 1.254880030000095 ], [ 31.255886841000063, 1.254742687000032 ], [ 31.255938106000144, 1.254588237 ], [ 31.256057612000063, 1.254399502000126 ], [ 31.256279546000144, 1.254056349000052 ], [ 31.256450271000176, 1.253781823000111 ], [ 31.25668914400012, 1.253610333000097 ], [ 31.256893910000031, 1.253438820000042 ], [ 31.257081586000083, 1.25331879099997 ], [ 31.257303360000151, 1.25321594899998 ], [ 31.257593464000138, 1.252941502000112 ], [ 31.257883536000179, 1.252718551000044 ], [ 31.258293111000057, 1.252306864 ], [ 31.258463733000156, 1.252186823000102 ], [ 31.258753758000069, 1.252032532000044 ], [ 31.259060804000057, 1.251929746999963 ], [ 31.259401992000051, 1.251775489000181 ], [ 31.259538506000126, 1.251655426000127 ], [ 31.259623970000121, 1.251363676000153 ], [ 31.259828859000095, 1.251003346000175 ], [ 31.260136040000191, 1.250694580000186 ], [ 31.260357882000108, 1.250488748 ], [ 31.260485909000124, 1.250308600000039 ], [ 31.260554284000193, 1.250068334000048 ], [ 31.260571508000169, 1.249810869000157 ], [ 31.260571599000116, 1.249673548000089 ], [ 31.260639952000133, 1.249467613000036 ], [ 31.260674231000053, 1.249210160000132 ], [ 31.260657289000108, 1.249038497000015 ], [ 31.260555156000066, 1.248746622000112 ], [ 31.260504174000118, 1.248471946000166 ], [ 31.260470201000032, 1.248265943000035 ], [ 31.260470393000048, 1.247974136000153 ], [ 31.260470563000069, 1.24771665999998 ], [ 31.260385438000071, 1.247493457000076 ], [ 31.260249128000169, 1.247304550000024 ], [ 31.260289982000131, 1.247100425999975 ], [ 31.260260446000188, 1.246782569000061 ], [ 31.260227406000126, 1.246029854000028 ], [ 31.25977123500013, 1.245033926000076 ], [ 31.25968977000008, 1.244327276000035 ], [ 31.259882763000121, 1.242944363000106 ], [ 31.26005541000012, 1.242618659000186 ], [ 31.25930282600018, 1.242204572000105 ], [ 31.258206521000147, 1.241125787000101 ], [ 31.257484484000031, 1.240359752000018 ], [ 31.25695458000007, 1.240078382000036 ], [ 31.256519879000052, 1.239847563000012 ], [ 31.256137686000159, 1.239278630000115 ], [ 31.256042227000137, 1.238942359000077 ], [ 31.256025353000155, 1.238667706 ], [ 31.256042553000157, 1.238444572000049 ], [ 31.256059709000169, 1.23829009800005 ], [ 31.256145103000108, 1.238101339000139 ], [ 31.256162338000024, 1.237826710000093 ], [ 31.256094278000091, 1.237586353000154 ], [ 31.255906851000134, 1.237328754000089 ], [ 31.255821794000099, 1.237002561000168 ], [ 31.255770777000066, 1.23677938100019 ], [ 31.255736747000071, 1.236659204000091 ], [ 31.255736826000032, 1.236539048000111 ], [ 31.255771036000169, 1.236384586000099 ], [ 31.255788213000073, 1.236195781000049 ], [ 31.25575453100015, 1.235543487000086 ], [ 31.255754823000188, 1.235097196000027 ], [ 31.255755227, 1.234479254 ], [ 31.255696126000032, 1.233578050000062 ], [ 31.255645176000087, 1.233251880000068 ], [ 31.25559420400009, 1.23296004000008 ], [ 31.255509146000179, 1.232633848000091 ], [ 31.255458163000128, 1.232359174000123 ], [ 31.255373005000024, 1.232187467000017 ], [ 31.255100250999988, 1.232015636000142 ], [ 31.254895714000043, 1.231843850000132 ], [ 31.254657056000042, 1.231689207000045 ], [ 31.25457186400007, 1.231568996000135 ], [ 31.254567568000084, 1.231542949000186 ], [ 31.254554877000032, 1.231465994000132 ], [ 31.254640327000175, 1.231191410000122 ], [ 31.254828191000058, 1.230779573000063 ], [ 31.254947894000111, 1.230281865000109 ], [ 31.255016322000074, 1.229955775000121 ], [ 31.255127593000168, 1.229312158000084 ], [ 31.255196134000016, 1.228814417000024 ], [ 31.255247676000067, 1.228230840000151 ], [ 31.255230990000086, 1.227664382000171 ], [ 31.255180006000103, 1.227389707999976 ], [ 31.255026709000163, 1.22709780100007 ], [ 31.254771131000155, 1.226737167000067 ], [ 31.254634810000141, 1.226565425999979 ], [ 31.254583748000186, 1.226410908 ], [ 31.254583815000103, 1.226307918000032 ], [ 31.25458388200019, 1.226204927000083 ], [ 31.254618068000184, 1.226084795000133 ], [ 31.254703439000025, 1.225930365000124 ], [ 31.254805853000164, 1.225793112000076 ], [ 31.254925321000087, 1.225655870000082 ], [ 31.254968083999984, 1.225458500000059 ], [ 31.254951175000087, 1.225235344000112 ], [ 31.254900090000035, 1.225115155000026 ], [ 31.254763814000171, 1.224874754000098 ], [ 31.254661644000066, 1.224634377000029 ], [ 31.254576530000122, 1.224394011000186 ], [ 31.254440209000109, 1.224222271000031 ], [ 31.25426979100007, 1.224033343000031 ], [ 31.254048166000075, 1.223913042000106 ], [ 31.253741293000189, 1.223758355000029 ], [ 31.253315052000175, 1.223586425000178 ], [ 31.252974106000067, 1.223380220000081 ], [ 31.252582107000023, 1.223002333000181 ], [ 31.252258270000141, 1.222710314000039 ], [ 31.252036656000087, 1.222572848000084 ], [ 31.251900324000189, 1.222418274000063 ], [ 31.251866294000024, 1.222298096000088 ], [ 31.251747004000094, 1.222160698000039 ], [ 31.251661823000063, 1.222023322000041 ], [ 31.251559655000165, 1.221782944999973 ], [ 31.251525780000122, 1.221422457000187 ], [ 31.251398003000133, 1.221224974999984 ], [ 31.251278747000185, 1.221036082000069 ], [ 31.251108307000095, 1.220881485000177 ], [ 31.25097190800011, 1.220829900000069 ], [ 31.250722936000102, 1.220755248000103 ], [ 31.250685047000104, 1.220751650000182 ], [ 31.250685073000113, 1.220743895000169 ], [ 31.2506850850001, 1.220740101000047 ], [ 31.250592122000114, 1.220740843000101 ], [ 31.250592151000035, 1.220742829000073 ], [ 31.250238664, 1.22070926400005 ], [ 31.24952248500017, 1.22057147300012 ], [ 31.248976956999968, 1.220262145000106 ], [ 31.24839743299998, 1.21978114500007 ], [ 31.246029500000077, 1.215814482000042 ], [ 31.245228411000141, 1.214445979000061 ], [ 31.244930679000049, 1.21393736300007 ], [ 31.246818724000036, 1.212560065 ], [ 31.247947700000168, 1.211641757000052 ], [ 31.249171705000094, 1.210724111000161 ], [ 31.250038695000057, 1.20985147500005 ], [ 31.250617428000112, 1.209214311000096 ], [ 31.251886362000107, 1.208647391000113 ], [ 31.252919440000142, 1.207732410000176 ], [ 31.254420018000133, 1.206327724000118 ], [ 31.256235322000066, 1.204623579000042 ], [ 31.258173342000191, 1.202945835000151 ], [ 31.258386402000042, 1.202761389000159 ], [ 31.25888696300018, 1.202454535000186 ], [ 31.260021835000089, 1.201758836000067 ], [ 31.261766859000033, 1.201028484000062 ], [ 31.262813168000037, 1.200590568000052 ], [ 31.263488484000106, 1.200385457000039 ], [ 31.264486634000093, 1.200082294000083 ], [ 31.265804826000135, 1.199379942000064 ], [ 31.266359659000102, 1.199084318000132 ], [ 31.268035382000107, 1.198458575000132 ], [ 31.270128377000162, 1.198381438000069 ], [ 31.271327720000045, 1.198428078000177 ], [ 31.272233699000083, 1.198281038000118 ], [ 31.273932738999974, 1.197679240000014 ], [ 31.275670258000162, 1.197548237000149 ], [ 31.277163876000088, 1.197741566000047 ], [ 31.278511334000029, 1.198120101000029 ], [ 31.279784354000185, 1.198661716000174 ], [ 31.282013728000095, 1.19952731300009 ], [ 31.283076989000051, 1.199853357000052 ], [ 31.284514966000074, 1.200468656999988 ], [ 31.285695672000088, 1.200867477000145 ], [ 31.286049595000179, 1.201110712000116 ], [ 31.286258647000068, 1.201254386000073 ], [ 31.28734648700015, 1.202248362999967 ], [ 31.287519938000059, 1.202406849000113 ], [ 31.288327559000152, 1.203668075000053 ], [ 31.289160740000113, 1.204835790000118 ], [ 31.289752579000094, 1.20557579300015 ], [ 31.290015353000172, 1.20584584 ], [ 31.290381876000026, 1.206222507000177 ], [ 31.290941240000166, 1.206797370000061 ], [ 31.291712183000072, 1.207493827000064 ], [ 31.292342830000109, 1.208070061000114 ], [ 31.292442540000025, 1.208158235000099 ], [ 31.29244264600004, 1.208158329000128 ], [ 31.29233892700006, 1.208880779000026 ], [ 31.292338918000155, 1.208880836000162 ], [ 31.292423573000121, 1.209423035000157 ], [ 31.292423606000057, 1.209423075000132 ], [ 31.29283785500013, 1.209923572999969 ], [ 31.293352690000177, 1.210545596000031 ], [ 31.294824655000014, 1.211866654000119 ], [ 31.294966101000171, 1.211989904000177 ], [ 31.296203835000085, 1.213068401000157 ], [ 31.296437080000146, 1.213285314000075 ], [ 31.296694190000096, 1.213524423000024 ], [ 31.298075637000068, 1.214608705000046 ], [ 31.298141979000036, 1.214686653000115 ], [ 31.29905183000011, 1.215755672000171 ], [ 31.299537899000086, 1.216345193 ], [ 31.299957653000035, 1.216854285000011 ], [ 31.300498892000121, 1.217070180000064 ], [ 31.300553841000124, 1.21709209800008 ], [ 31.301443625000047, 1.217447023000034 ], [ 31.302493877000074, 1.217730545000052 ], [ 31.302803207000068, 1.217814050000129 ], [ 31.303160644000059, 1.218026504000136 ], [ 31.303743174000147, 1.218372752000164 ], [ 31.30479381400005, 1.219356639000125 ], [ 31.305482647000076, 1.220615590000136 ], [ 31.306876569000167, 1.222287697000183 ], [ 31.307111804000158, 1.222469287000081 ], [ 31.307344970000088, 1.222649280000155 ], [ 31.308632748000036, 1.223661251000124 ], [ 31.308886712000117, 1.22400582400013 ], [ 31.309142355, 1.224352678000059 ], [ 31.309774122000192, 1.225413644000071 ], [ 31.310282065000024, 1.226266666000129 ], [ 31.31136938700007, 1.227815347000103 ], [ 31.312025033000168, 1.228447076000066 ], [ 31.312489492000111, 1.228894592000188 ], [ 31.313210608000134, 1.229792365000094 ], [ 31.313371568000093, 1.229992755000183 ], [ 31.313443802000052, 1.230129883000131 ], [ 31.313784328000168, 1.23077632900015 ], [ 31.314762863, 1.232874973999969 ], [ 31.315028386000051, 1.233444439000095 ], [ 31.315415574000099, 1.234321529000056 ], [ 31.316677797000182, 1.235427030000096 ], [ 31.318340756000055, 1.23670478300005 ], [ 31.318774212, 1.236888928000099 ], [ 31.319731709999985, 1.237295701000107 ], [ 31.321055668000156, 1.237968562000106 ], [ 31.321438230000183, 1.23816298600002 ], [ 31.323021516000097, 1.23864009600004 ], [ 31.323716611000123, 1.238621304999981 ], [ 31.324543477000134, 1.238598950000039 ], [ 31.32486676200017, 1.238620995000133 ], [ 31.326466175000064, 1.23873005400003 ], [ 31.326875513000175, 1.238709068000048 ], [ 31.327465428000039, 1.238678823000157 ], [ 31.328971626000168, 1.238658244000135 ], [ 31.329605127000093, 1.238649588000101 ], [ 31.333942809000177, 1.238650991000156 ], [ 31.334393453000132, 1.238656255000024 ], [ 31.337031996000064, 1.238687073000108 ], [ 31.338205917000096, 1.238542568000128 ], [ 31.339342989000045, 1.238402598000107 ], [ 31.340266990000032, 1.23833825000014 ], [ 31.341853913000136, 1.23822773400002 ], [ 31.343611668000165, 1.238285137000048 ], [ 31.345197240000118, 1.23864476100016 ], [ 31.346187810000174, 1.238835529000141 ], [ 31.346689128999969, 1.23893207500015 ], [ 31.347378215000163, 1.239041751000173 ], [ 31.348537417000159, 1.239226252000037 ], [ 31.34929727500014, 1.239264411000079 ], [ 31.352674668000077, 1.238948859000118 ], [ 31.352738005000106, 1.238942942000051 ], [ 31.352790353000159, 1.238932331000171 ], [ 31.354432166000038, 1.238599546000046 ], [ 31.355148257, 1.238467366000123 ], [ 31.357199125000079, 1.238088804000085 ], [ 31.358821116000058, 1.23779102400016 ], [ 31.361279568999976, 1.237873672000035 ], [ 31.363378531000137, 1.238075639000158 ], [ 31.363723220000111, 1.238108812000121 ], [ 31.363883125000143, 1.238127568000095 ], [ 31.365881306000176, 1.238361944000133 ], [ 31.367733753000039, 1.238603989000183 ], [ 31.367991426000117, 1.238637658000187 ], [ 31.36896106800009, 1.238891382000077 ], [ 31.369256831000143, 1.239009159000091 ], [ 31.369798447000164, 1.239224819000185 ], [ 31.370373495000138, 1.24022307600012 ], [ 31.371167176000029, 1.242212699000163 ], [ 31.37146133300007, 1.242986960000167 ], [ 31.371913798000151, 1.244177911 ], [ 31.372140979, 1.244821880000131 ], [ 31.372364620000155, 1.245455815000071 ], [ 31.3726100290001, 1.246246181000117 ], [ 31.372823488999984, 1.246933655000134 ], [ 31.372911505000161, 1.247069782000096 ], [ 31.37296198700011, 1.247147858000176 ], [ 31.373247021000054, 1.247527755000078 ], [ 31.374147966000066, 1.248814077000134 ], [ 31.374343265000164, 1.249165328000117 ], [ 31.374626484000032, 1.249674702 ], [ 31.374672126000121, 1.249768914000185 ], [ 31.375020493000079, 1.250488003000044 ], [ 31.375143583000124, 1.250819 ], [ 31.375204386000064, 1.250982504000035 ], [ 31.375301819000072, 1.251244509000117 ], [ 31.375677019000193, 1.25209561500003 ], [ 31.376418066000156, 1.25373164400014 ], [ 31.37651215000011, 1.253965645000051 ], [ 31.376699427000062, 1.254431427000043 ], [ 31.376842810000142, 1.254742207000163 ], [ 31.376861066, 1.254781777000062 ], [ 31.377010188000099, 1.255104996000057 ], [ 31.377074650000111, 1.255244716999982 ], [ 31.377600175000168, 1.256039194000095 ], [ 31.37814447400018, 1.256852592000087 ], [ 31.379186429000129, 1.257959380000159 ], [ 31.379551013000082, 1.258311479000099 ], [ 31.380538236000177, 1.259264900000176 ], [ 31.381006747000129, 1.259714909000024 ], [ 31.381739847, 1.260419061 ], [ 31.381887763000179, 1.260545966000109 ], [ 31.382124395000062, 1.260748987000113 ], [ 31.383129301000054, 1.261611156000129 ], [ 31.384176390999983, 1.262218815000097 ], [ 31.385298349000095, 1.262869921000117 ], [ 31.386325040000088, 1.263495620000128 ], [ 31.386913372000095, 1.263854168000137 ], [ 31.38696851200018, 1.263887806000071 ], [ 31.388340602000028, 1.264724848000014 ], [ 31.389993167000057, 1.265765845000089 ], [ 31.392077611000047, 1.267147463000185 ], [ 31.392105148000098, 1.267163151999966 ], [ 31.392941486000041, 1.267639623000036 ], [ 31.392974394000078, 1.267650865000121 ], [ 31.394099192000056, 1.268035103000102 ], [ 31.394106004000093, 1.268037430000049 ], [ 31.395608540000069, 1.268662348000021 ], [ 31.397223809000081, 1.269268430000068 ], [ 31.397235451000142, 1.269272995000051 ], [ 31.398576115000026, 1.269798712000068 ], [ 31.399721839000165, 1.270215415 ], [ 31.402455072000066, 1.270566928000051 ], [ 31.404183488000115, 1.270492371000046 ], [ 31.406719834000171, 1.270248139000046 ], [ 31.408914675000119, 1.26994915400013 ], [ 31.412177819000135, 1.269504639 ], [ 31.412511887000051, 1.269456321000121 ], [ 31.414000290000047, 1.269241046000161 ], [ 31.414807255000085, 1.269168246000163 ], [ 31.415063478000036, 1.26914513100013 ], [ 31.416602394000051, 1.269006296999976 ], [ 31.417635665000148, 1.26900693500005 ], [ 31.41769043700009, 1.269003724000015 ], [ 31.418016045, 1.268984642000078 ], [ 31.418406658000094, 1.26896175000013 ], [ 31.4184063780001, 1.268963648000124 ], [ 31.418107731000134, 1.270982729000082 ], [ 31.417634942000177, 1.27239064000014 ], [ 31.417186995000179, 1.274370758000032 ], [ 31.416869783000038, 1.27633864000012 ], [ 31.41680034400008, 1.277340255000126 ], [ 31.416660046000175, 1.278580480000187 ], [ 31.416353072000163, 1.27967803700011 ], [ 31.415926785000181, 1.280537423000169 ], [ 31.414990178000039, 1.281815286000096 ], [ 31.414420801000063, 1.282436567000104 ], [ 31.413969441000063, 1.282604536000065 ], [ 31.413756658000125, 1.283224984000071 ], [ 31.413757780000026, 1.283821080000166 ], [ 31.414069017000088, 1.28498871100004 ], [ 31.414379622000126, 1.285822523000149 ], [ 31.41502339800013, 1.286846301000082 ], [ 31.415774537000175, 1.288072514000021 ], [ 31.416204545000085, 1.289192176000142 ], [ 31.416325870000037, 1.29050331600007 ], [ 31.416161697000064, 1.291695905000097 ], [ 31.415844948000085, 1.293926070000111 ], [ 31.415894150000042, 1.294808181 ], [ 31.41570740800006, 1.296644618000187 ], [ 31.414774400000113, 1.299853832000167 ], [ 31.41444381600013, 1.301046804000066 ], [ 31.414389993000043, 1.301241947000165 ], [ 31.414149590000136, 1.302113572000053 ], [ 31.414042399000039, 1.302502230000073 ], [ 31.413735987999985, 1.303909754000188 ], [ 31.413167317000102, 1.304912530000024 ], [ 31.41258646700004, 1.305760353999972 ], [ 31.412042645000156, 1.307335328000079 ], [ 31.411523564000106, 1.309434814999975 ], [ 31.411300902000164, 1.311140182000145 ], [ 31.411183104000145, 1.311712715000169 ], [ 31.411256999000159, 1.313095502000124 ], [ 31.411710940000148, 1.314310485000021 ], [ 31.412117348000038, 1.315525578000063 ], [ 31.412489661000166, 1.317587222000157 ], [ 31.412610609000069, 1.318707615000051 ], [ 31.412589763000085, 1.320281366000131 ], [ 31.41268755800013, 1.321735627000123 ], [ 31.412156423000113, 1.32375168100009 ], [ 31.4116108, 1.324372900000071 ], [ 31.411019229000033, 1.325852607000058 ], [ 31.410355543000151, 1.326903285000128 ], [ 31.409975582000072, 1.327118771000187 ], [ 31.409333940000124, 1.327239477000035 ], [ 31.408216617000107, 1.327242077000051 ], [ 31.407218613000168, 1.327482840000187 ], [ 31.406293512000047, 1.328581816000167 ], [ 31.405498321000096, 1.329475562000027 ], [ 31.405475059000139, 1.329501709000169 ], [ 31.404786753, 1.330099399000062 ], [ 31.404563292000091, 1.330365382000139 ], [ 31.404525824000189, 1.330409976000055 ], [ 31.404743400000086, 1.332364682000161 ], [ 31.404760956000075, 1.335428585000102 ], [ 31.404853840000158, 1.336544171000014 ], [ 31.404858215000047, 1.336596709000105 ], [ 31.404733553000028, 1.337406842000064 ], [ 31.404686096000148, 1.337715240000023 ], [ 31.404623309000158, 1.338123269000107 ], [ 31.40460235300003, 1.33964932900011 ], [ 31.404889018000063, 1.340963750000071 ], [ 31.404973978000157, 1.34135330700002 ], [ 31.405570061000162, 1.342305685000156 ], [ 31.406570241000168, 1.343233289000182 ], [ 31.407618536000086, 1.344470745000024 ], [ 31.408334145000083, 1.345780506000153 ], [ 31.408680495000112, 1.346673851000105 ], [ 31.408611203000078, 1.347770836000166 ], [ 31.408353311000042, 1.349726641000075 ], [ 31.408094845000164, 1.351372475000176 ], [ 31.408109083999989, 1.352648092000095 ], [ 31.407873017000099, 1.353554712000175 ], [ 31.407328175000146, 1.354605106000065 ], [ 31.406972858000131, 1.355297405000044 ], [ 31.406428181000138, 1.356443166000076 ], [ 31.406049401000018, 1.357302431 ], [ 31.405825288000074, 1.358244785000181 ], [ 31.405746348000093, 1.358694976000038 ], [ 31.405703525000035, 1.358939206000173 ], [ 31.405637075000186, 1.359318194000082 ], [ 31.405378472000052, 1.36089249500003 ], [ 31.404975207000177, 1.361370297000178 ], [ 31.404936126000052, 1.361403102000111 ], [ 31.404600793999975, 1.361684583000056 ], [ 31.404405533000102, 1.361848499000132 ], [ 31.403787520000037, 1.361897603000102 ], [ 31.402836818000083, 1.36201901600009 ], [ 31.402195078000091, 1.362092036000092 ], [ 31.40167203600015, 1.362069395000105 ], [ 31.401284106, 1.362449949000109 ], [ 31.400738426000146, 1.362220687000161 ], [ 31.39940478800014, 1.362331641000139 ], [ 31.398237625000093, 1.362778248000041 ], [ 31.396681766000086, 1.362833127000044 ], [ 31.395348613000181, 1.362217073000068 ], [ 31.391238145000045, 1.360201067000048 ], [ 31.390626337000072, 1.361095429000159 ], [ 31.389903287000095, 1.362157486000172 ], [ 31.388735793000137, 1.363107394999986 ], [ 31.386958315000129, 1.362211423000133 ], [ 31.38490312800019, 1.361147493000033 ], [ 31.383070278000048, 1.359971868000173 ], [ 31.381514806000155, 1.359467509000126 ], [ 31.380125655000029, 1.35952249200011 ], [ 31.378847372000052, 1.359969011000032 ], [ 31.378124060000061, 1.361422520000133 ], [ 31.377401459000055, 1.361813490000145 ], [ 31.376678746000039, 1.362372229000073 ], [ 31.375400537000075, 1.362706897000066 ], [ 31.375014087000068, 1.362626103000139 ], [ 31.374954278000189, 1.362656149000145 ], [ 31.374182112000085, 1.362494712 ], [ 31.373412396000163, 1.362300484000116 ], [ 31.373017027, 1.362200718000054 ], [ 31.371223271000133, 1.361725202000116 ], [ 31.369863109, 1.361118902000044 ], [ 31.366156748000037, 1.359466768000118 ], [ 31.364933515000189, 1.358916752000084 ], [ 31.364487267000186, 1.358616893000089 ], [ 31.362884625000106, 1.356735269000183 ], [ 31.362777957000162, 1.356595125000126 ], [ 31.362421529000187, 1.356901371000049 ], [ 31.359865521000074, 1.358871680999982 ], [ 31.359836967000035, 1.358898549000116 ], [ 31.360211611000125, 1.357837489000076 ], [ 31.360824504999982, 1.356006585000102 ], [ 31.359788441999967, 1.354645940000069 ], [ 31.358955391000052, 1.353111169000158 ], [ 31.358168686000113, 1.351661785000147 ], [ 31.35718853200018, 1.349856001000092 ], [ 31.355215083000019, 1.347867118000124 ], [ 31.353836245000025, 1.34662223800018 ], [ 31.352145996000047, 1.345096202000036 ], [ 31.35090908300009, 1.343979457999978 ], [ 31.349131569000122, 1.343002071000058 ], [ 31.348473859000023, 1.342640421000112 ], [ 31.346696725000072, 1.341663241000106 ], [ 31.346843825000178, 1.340848586000106 ], [ 31.346945946000176, 1.33915474000014 ], [ 31.347070741000152, 1.337110832000121 ], [ 31.346970712000086, 1.335687874000143 ], [ 31.346882129000164, 1.333926140000017 ], [ 31.346389246000115, 1.33271747900011 ], [ 31.346378482000148, 1.332702742000095 ], [ 31.34582812300016, 1.331949190000046 ], [ 31.344645012000058, 1.331948389000104 ], [ 31.343063042999972, 1.33182309700004 ], [ 31.34203102500004, 1.331461027999978 ], [ 31.341346977000114, 1.330884634000085 ], [ 31.340819037000131, 1.331765110000106 ], [ 31.340515675000063, 1.332386005000046 ], [ 31.340234942000052, 1.332724596000105 ], [ 31.339382176000186, 1.332769187000167 ], [ 31.339079602000027, 1.332215638000093 ], [ 31.338653500000078, 1.331820102000052 ], [ 31.337935703000142, 1.33137919800015 ], [ 31.336118411000029, 1.330813325000122 ], [ 31.334895587000119, 1.33055276000016 ], [ 31.333403328000031, 1.33051786600015 ], [ 31.3324383100001, 1.330641428000035 ], [ 31.331383646000063, 1.330595538000182 ], [ 31.33011601200019, 1.330233306000025 ], [ 31.329656117000013, 1.330041017000042 ], [ 31.328930411000044, 1.329830491 ], [ 31.328758680000135, 1.32978067300013 ], [ 31.327850322000131, 1.32907990700005 ], [ 31.32720012600015, 1.328232513000103 ], [ 31.326113129000191, 1.326221677000035 ], [ 31.325928149000163, 1.32579483000012 ], [ 31.325294949000124, 1.324905524000087 ], [ 31.324768273000075, 1.323911412000086 ], [ 31.32454455900006, 1.322889274999966 ], [ 31.324472433000153, 1.321692205000033 ], [ 31.324703369000076, 1.320314658000029 ], [ 31.324827002000063, 1.319998548000171 ], [ 31.325074033000192, 1.319716400000118 ], [ 31.32511901100014, 1.319569626000032 ], [ 31.32482635700012, 1.319069766000041 ], [ 31.324805209000147, 1.319033012000034 ], [ 31.324507950000111, 1.31892553 ], [ 31.324353070000086, 1.318901440000161 ], [ 31.324301318000096, 1.318893391000131 ], [ 31.324289182000143, 1.318891503000145 ], [ 31.322803690000171, 1.317151427000056 ], [ 31.322501165000119, 1.316530126000089 ], [ 31.322086281000054, 1.316145894999977 ], [ 31.321424652000132, 1.315620338000087 ], [ 31.321060344000159, 1.315106277000098 ], [ 31.320948409000039, 1.314710959000081 ], [ 31.32083682200016, 1.313796180000168 ], [ 31.320657543000152, 1.31343469400008 ], [ 31.320259505000081, 1.31302789 ], [ 31.319996823000167, 1.31282807700012 ], [ 31.319881436000117, 1.312740307000126 ], [ 31.319782881000094, 1.312688788 ], [ 31.319401529000118, 1.312496555 ], [ 31.318577415000163, 1.311665989000062 ], [ 31.318061863000139, 1.310818693000101 ], [ 31.317434759000093, 1.309000158000174 ], [ 31.317255737000039, 1.30825472500004 ], [ 31.316908228000159, 1.307791493000082 ], [ 31.316459768000186, 1.307283022000036 ], [ 31.316313206000132, 1.307135312000071 ], [ 31.315332456000192, 1.306841849000023 ], [ 31.315319086000102, 1.306842014000154 ], [ 31.314995312000178, 1.306846027 ], [ 31.315039815000034, 1.306709075000072 ], [ 31.314990346000116, 1.306694813000149 ], [ 31.313060214000075, 1.307145209000112 ], [ 31.312566400000094, 1.307348141000034 ], [ 31.311443862000147, 1.308160445000055 ], [ 31.310848948000114, 1.308543988999986 ], [ 31.309367614000109, 1.308994685000187 ], [ 31.308694214000184, 1.309299126000042 ], [ 31.308357540000031, 1.309411822000129 ], [ 31.307212972000173, 1.309614309000096 ], [ 31.30563091, 1.309692278000057 ], [ 31.305271851000043, 1.3097259110001 ], [ 31.303970950000178, 1.30882162100005 ], [ 31.302950625000051, 1.307804597000143 ], [ 31.301896648000138, 1.306776259000117 ], [ 31.300640646000147, 1.305849416000058 ], [ 31.299844545000042, 1.30509227500005 ], [ 31.299530617000187, 1.304753286000164 ], [ 31.299284244000148, 1.304064275000087 ], [ 31.299037810000186, 1.303465605000099 ], [ 31.298667821000038, 1.303070115000082 ], [ 31.297871889000078, 1.302064540000117 ], [ 31.297423270000024, 1.301804508000089 ], [ 31.296840030000055, 1.301521798000124 ], [ 31.296032704000083, 1.300775944000065 ], [ 31.295517048000193, 1.300098043 ], [ 31.294933975, 1.299566899000126 ], [ 31.294530449000035, 1.298990709000066 ], [ 31.294137007000131, 1.298326403000146 ], [ 31.293958513000121, 1.298583790000066 ], [ 31.293643813000187, 1.299396634000175 ], [ 31.293183185000089, 1.300311010000144 ], [ 31.293328913000096, 1.300503081000102 ], [ 31.2939455610001, 1.301158465000185 ], [ 31.294214524999973, 1.301621640000064 ], [ 31.29468523200012, 1.302401142000065 ], [ 31.294976528000063, 1.30302242700003 ], [ 31.295077019000132, 1.30374521400006 ], [ 31.295569900000146, 1.304919969000025 ], [ 31.295849732000192, 1.305902607000121 ], [ 31.296140663000187, 1.307065932 ], [ 31.296229887000152, 1.307856467000136 ], [ 31.296195235000084, 1.309324466000021 ], [ 31.29591410400019, 1.310261549000188 ], [ 31.295778723000126, 1.311356827000054 ], [ 31.295340337000084, 1.312553529000127 ], [ 31.295311080000033, 1.312575819000187 ], [ 31.293858302000103, 1.314043115000061 ], [ 31.293319272000076, 1.314742877000072 ], [ 31.292129006000039, 1.316153614000029 ], [ 31.291253611000172, 1.316514368000185 ], [ 31.290187531000072, 1.316795941000123 ], [ 31.288874539000119, 1.317190268000161 ], [ 31.287763265000024, 1.317934799000057 ], [ 31.287179314000127, 1.318690987000082 ], [ 31.28720076400009, 1.32013643300013 ], [ 31.2874691560001, 1.32142395600016 ], [ 31.287692017000154, 1.323660014000097 ], [ 31.287954310000089, 1.325388036000049 ], [ 31.287824651000108, 1.326573554000106 ], [ 31.287380224, 1.327786124000056 ], [ 31.287095771000054, 1.32856222200013 ], [ 31.286475724000127, 1.330253944000162 ], [ 31.284701808000079, 1.331946562000041 ], [ 31.28330725100011, 1.334130587000175 ], [ 31.285401759000024, 1.333810303000121 ], [ 31.286299461000056, 1.333652840000184 ], [ 31.287499893000074, 1.334395661999963 ], [ 31.288564913000073, 1.335054693000075 ], [ 31.289417158000163, 1.335732837000023 ], [ 31.29098647800015, 1.337856919000103 ], [ 31.291411205000031, 1.34020604900013 ], [ 31.291574257000036, 1.341605747000131 ], [ 31.291925923000178, 1.342222114000094 ], [ 31.293097550000027, 1.343459464000148 ], [ 31.293444946000193, 1.344069501999968 ], [ 31.293640950000054, 1.344566509000174 ], [ 31.293825684000069, 1.345136909000075 ], [ 31.294042240000067, 1.347127465000142 ], [ 31.293854958000168, 1.347403893000092 ], [ 31.293394536000108, 1.347979484 ], [ 31.291329243000177, 1.349141145000146 ], [ 31.290610791000063, 1.349671381000121 ], [ 31.29021780700009, 1.350077630000044 ], [ 31.289846937000107, 1.350946886000031 ], [ 31.289810147000082, 1.351659094000183 ], [ 31.290333444000112, 1.353177489000132 ], [ 31.290462331000072, 1.353380846000164 ], [ 31.290714373000128, 1.353962585999966 ], [ 31.29107862800015, 1.354527467000082 ], [ 31.291391614000133, 1.356198973 ], [ 31.291408218000072, 1.356520820000071 ], [ 31.291374379, 1.356774875000042 ], [ 31.291340239000192, 1.356887776000065 ], [ 31.291183194000098, 1.35740711700015 ], [ 31.290891027000157, 1.358039286000121 ], [ 31.290413523000097, 1.358964926000169 ], [ 31.289997426000014, 1.360319723000089 ], [ 31.289851274, 1.360731791999967 ], [ 31.289621064000187, 1.361013939000145 ], [ 31.289228191000063, 1.361256445000151 ], [ 31.288678193000067, 1.3615609470001 ], [ 31.287628196000128, 1.362864470000034 ], [ 31.287358759000142, 1.363084480000168 ], [ 31.28681442300018, 1.363315584000077 ], [ 31.285203394000064, 1.364658225000085 ], [ 31.284782109999981, 1.365408866999985 ], [ 31.2845571470001, 1.366199174000087 ], [ 31.284489433000033, 1.366752453000117 ], [ 31.284466632000033, 1.367260596000165 ], [ 31.28434259200003, 1.368130022000173 ], [ 31.284038536000139, 1.369693801000153 ], [ 31.283847453000192, 1.370173591000082 ], [ 31.283628380000096, 1.370568667000043 ], [ 31.283325205000153, 1.370895927000163 ], [ 31.283274553000069, 1.371121739000159 ], [ 31.282128727000099, 1.373051910000072 ], [ 31.281892750000054, 1.373548604000177 ], [ 31.281724247000056, 1.373830791000159 ], [ 31.281533295000031, 1.374124255000083 ], [ 31.281409592000045, 1.374519399000121 ], [ 31.280914670000129, 1.37624677600013 ], [ 31.280577548999986, 1.376969243000133 ], [ 31.280375142000025, 1.377590177000172 ], [ 31.280184002000055, 1.378143365000085 ], [ 31.279946885000072, 1.380220991000044 ], [ 31.279935112000032, 1.380988864000074 ], [ 31.279934909000133, 1.381271174000176 ], [ 31.27973255600017, 1.381813061000173 ], [ 31.278996185000096, 1.384159947000171 ] ] ] } },
{ "type": "Feature", "properties": { "Sub_County": "BUHIMBA TOWN COUNCIL", "adm4_pcode": "UG41180103" }, "geometry": { "type": "Polygon", "coordinates": [ [ [ 31.27995764200017, 1.383525059000021 ], [ 31.279544249000139, 1.383657108000023 ], [ 31.279299959000184, 1.383751466000035 ], [ 31.2792669910001, 1.383790119000139 ], [ 31.27907433200005, 1.38401600300017 ], [ 31.278996185000096, 1.384159947000171 ], [ 31.27973255600017, 1.381813061000173 ], [ 31.279934909000133, 1.381271174000176 ], [ 31.279935112000032, 1.380988864000074 ], [ 31.279946885000072, 1.380220991000044 ], [ 31.280184002000055, 1.378143365000085 ], [ 31.280375142000025, 1.377590177000172 ], [ 31.280577548999986, 1.376969243000133 ], [ 31.280914670000129, 1.37624677600013 ], [ 31.281409592000045, 1.374519399000121 ], [ 31.281533295000031, 1.374124255000083 ], [ 31.281724247000056, 1.373830791000159 ], [ 31.281892750000054, 1.373548604000177 ], [ 31.282128727000099, 1.373051910000072 ], [ 31.283274553000069, 1.371121739000159 ], [ 31.283325205000153, 1.370895927000163 ], [ 31.283628380000096, 1.370568667000043 ], [ 31.283847453000192, 1.370173591000082 ], [ 31.284038536000139, 1.369693801000153 ], [ 31.28434259200003, 1.368130022000173 ], [ 31.284466632000033, 1.367260596000165 ], [ 31.284489433000033, 1.366752453000117 ], [ 31.2845571470001, 1.366199174000087 ], [ 31.284782109999981, 1.365408866999985 ], [ 31.285203394000064, 1.364658225000085 ], [ 31.28681442300018, 1.363315584000077 ], [ 31.287358759000142, 1.363084480000168 ], [ 31.287628196000128, 1.362864470000034 ], [ 31.288678193000067, 1.3615609470001 ], [ 31.289228191000063, 1.361256445000151 ], [ 31.289621064000187, 1.361013939000145 ], [ 31.289851274, 1.360731791999967 ], [ 31.289997426000014, 1.360319723000089 ], [ 31.290413523000097, 1.358964926000169 ], [ 31.290891027000157, 1.358039286000121 ], [ 31.291183194000098, 1.35740711700015 ], [ 31.291340239000192, 1.356887776000065 ], [ 31.291374379, 1.356774875000042 ], [ 31.291408218000072, 1.356520820000071 ], [ 31.291391614000133, 1.356198973 ], [ 31.29107862800015, 1.354527467000082 ], [ 31.290714373000128, 1.353962585999966 ], [ 31.290462331000072, 1.353380846000164 ], [ 31.290333444000112, 1.353177489000132 ], [ 31.289810147000082, 1.351659094000183 ], [ 31.289846937000107, 1.350946886000031 ], [ 31.29021780700009, 1.350077630000044 ], [ 31.290610791000063, 1.349671381000121 ], [ 31.291329243000177, 1.349141145000146 ], [ 31.293394536000108, 1.347979484 ], [ 31.293854958000168, 1.347403893000092 ], [ 31.294042240000067, 1.347127465000142 ], [ 31.293825684000069, 1.345136909000075 ], [ 31.293640950000054, 1.344566509000174 ], [ 31.293444946000193, 1.344069501999968 ], [ 31.293097550000027, 1.343459464000148 ], [ 31.291925923000178, 1.342222114000094 ], [ 31.291574257000036, 1.341605747000131 ], [ 31.291411205000031, 1.34020604900013 ], [ 31.29098647800015, 1.337856919000103 ], [ 31.289417158000163, 1.335732837000023 ], [ 31.288564913000073, 1.335054693000075 ], [ 31.287499893000074, 1.334395661999963 ], [ 31.286299461000056, 1.333652840000184 ], [ 31.285401759000024, 1.333810303000121 ], [ 31.28330725100011, 1.334130587000175 ], [ 31.284701808000079, 1.331946562000041 ], [ 31.286475724000127, 1.330253944000162 ], [ 31.287095771000054, 1.32856222200013 ], [ 31.287380224, 1.327786124000056 ], [ 31.287824651000108, 1.326573554000106 ], [ 31.287954310000089, 1.325388036000049 ], [ 31.287692017000154, 1.323660014000097 ], [ 31.2874691560001, 1.32142395600016 ], [ 31.28720076400009, 1.32013643300013 ], [ 31.287179314000127, 1.318690987000082 ], [ 31.287763265000024, 1.317934799000057 ], [ 31.288874539000119, 1.317190268000161 ], [ 31.290187531000072, 1.316795941000123 ], [ 31.291253611000172, 1.316514368000185 ], [ 31.292129006000039, 1.316153614000029 ], [ 31.293319272000076, 1.314742877000072 ], [ 31.293858302000103, 1.314043115000061 ], [ 31.295311080000033, 1.312575819000187 ], [ 31.295340337000084, 1.312553529000127 ], [ 31.295778723000126, 1.311356827000054 ], [ 31.29591410400019, 1.310261549000188 ], [ 31.296195235000084, 1.309324466000021 ], [ 31.296229887000152, 1.307856467000136 ], [ 31.296140663000187, 1.307065932 ], [ 31.295849732000192, 1.305902607000121 ], [ 31.295569900000146, 1.304919969000025 ], [ 31.295077019000132, 1.30374521400006 ], [ 31.294976528000063, 1.30302242700003 ], [ 31.29468523200012, 1.302401142000065 ], [ 31.294214524999973, 1.301621640000064 ], [ 31.2939455610001, 1.301158465000185 ], [ 31.293328913000096, 1.300503081000102 ], [ 31.293183185000089, 1.300311010000144 ], [ 31.293643813000187, 1.299396634000175 ], [ 31.293958513000121, 1.298583790000066 ], [ 31.294137007000131, 1.298326403000146 ], [ 31.294530449000035, 1.298990709000066 ], [ 31.294933975, 1.299566899000126 ], [ 31.295517048000193, 1.300098043 ], [ 31.296032704000083, 1.300775944000065 ], [ 31.296840030000055, 1.301521798000124 ], [ 31.297423270000024, 1.301804508000089 ], [ 31.297871889000078, 1.302064540000117 ], [ 31.298667821000038, 1.303070115000082 ], [ 31.299037810000186, 1.303465605000099 ], [ 31.299284244000148, 1.304064275000087 ], [ 31.299530617000187, 1.304753286000164 ], [ 31.299844545000042, 1.30509227500005 ], [ 31.300640646000147, 1.305849416000058 ], [ 31.301896648000138, 1.306776259000117 ], [ 31.302950625000051, 1.307804597000143 ], [ 31.303970950000178, 1.30882162100005 ], [ 31.305271851000043, 1.3097259110001 ], [ 31.30563091, 1.309692278000057 ], [ 31.307212972000173, 1.309614309000096 ], [ 31.308357540000031, 1.309411822000129 ], [ 31.308694214000184, 1.309299126000042 ], [ 31.309367614000109, 1.308994685000187 ], [ 31.310848948000114, 1.308543988999986 ], [ 31.311443862000147, 1.308160445000055 ], [ 31.312566400000094, 1.307348141000034 ], [ 31.313060214000075, 1.307145209000112 ], [ 31.314990346000116, 1.306694813000149 ], [ 31.315039815000034, 1.306709075000072 ], [ 31.314995312000178, 1.306846027 ], [ 31.315319086000102, 1.306842014000154 ], [ 31.315332456000192, 1.306841849000023 ], [ 31.316313206000132, 1.307135312000071 ], [ 31.316459768000186, 1.307283022000036 ], [ 31.316908228000159, 1.307791493000082 ], [ 31.317255737000039, 1.30825472500004 ], [ 31.317434759000093, 1.309000158000174 ], [ 31.318061863000139, 1.310818693000101 ], [ 31.318577415000163, 1.311665989000062 ], [ 31.319401529000118, 1.312496555 ], [ 31.319782881000094, 1.312688788 ], [ 31.319881436000117, 1.312740307000126 ], [ 31.319996823000167, 1.31282807700012 ], [ 31.320259505000081, 1.31302789 ], [ 31.320657543000152, 1.31343469400008 ], [ 31.32083682200016, 1.313796180000168 ], [ 31.320948409000039, 1.314710959000081 ], [ 31.321060344000159, 1.315106277000098 ], [ 31.321424652000132, 1.315620338000087 ], [ 31.322086281000054, 1.316145894999977 ], [ 31.322501165000119, 1.316530126000089 ], [ 31.322803690000171, 1.317151427000056 ], [ 31.324289182000143, 1.318891503000145 ], [ 31.324301318000096, 1.318893391000131 ], [ 31.324353070000086, 1.318901440000161 ], [ 31.324507950000111, 1.31892553 ], [ 31.324805209000147, 1.319033012000034 ], [ 31.32482635700012, 1.319069766000041 ], [ 31.32511901100014, 1.319569626000032 ], [ 31.325074033000192, 1.319716400000118 ], [ 31.324827002000063, 1.319998548000171 ], [ 31.324703369000076, 1.320314658000029 ], [ 31.324472433000153, 1.321692205000033 ], [ 31.32454455900006, 1.322889274999966 ], [ 31.324768273000075, 1.323911412000086 ], [ 31.325294949000124, 1.324905524000087 ], [ 31.325928149000163, 1.32579483000012 ], [ 31.326113129000191, 1.326221677000035 ], [ 31.32720012600015, 1.328232513000103 ], [ 31.327850322000131, 1.32907990700005 ], [ 31.328758680000135, 1.32978067300013 ], [ 31.328930411000044, 1.329830491 ], [ 31.329656117000013, 1.330041017000042 ], [ 31.33011601200019, 1.330233306000025 ], [ 31.331383646000063, 1.330595538000182 ], [ 31.3324383100001, 1.330641428000035 ], [ 31.333403328000031, 1.33051786600015 ], [ 31.334895587000119, 1.33055276000016 ], [ 31.336118411000029, 1.330813325000122 ], [ 31.337935703000142, 1.33137919800015 ], [ 31.338653500000078, 1.331820102000052 ], [ 31.339079602000027, 1.332215638000093 ], [ 31.339382176000186, 1.332769187000167 ], [ 31.340234942000052, 1.332724596000105 ], [ 31.340515675000063, 1.332386005000046 ], [ 31.340819037000131, 1.331765110000106 ], [ 31.341346977000114, 1.330884634000085 ], [ 31.34203102500004, 1.331461027999978 ], [ 31.343063042999972, 1.33182309700004 ], [ 31.344645012000058, 1.331948389000104 ], [ 31.34582812300016, 1.331949190000046 ], [ 31.346378482000148, 1.332702742000095 ], [ 31.346389246000115, 1.33271747900011 ], [ 31.346882129000164, 1.333926140000017 ], [ 31.346970712000086, 1.335687874000143 ], [ 31.347070741000152, 1.337110832000121 ], [ 31.346945946000176, 1.33915474000014 ], [ 31.346843825000178, 1.340848586000106 ], [ 31.346696725000072, 1.341663241000106 ], [ 31.348473859000023, 1.342640421000112 ], [ 31.349131569000122, 1.343002071000058 ], [ 31.35090908300009, 1.343979457999978 ], [ 31.352145996000047, 1.345096202000036 ], [ 31.353836245000025, 1.34662223800018 ], [ 31.355215083000019, 1.347867118000124 ], [ 31.35718853200018, 1.349856001000092 ], [ 31.358168686000113, 1.351661785000147 ], [ 31.358955391000052, 1.353111169000158 ], [ 31.359788441999967, 1.354645940000069 ], [ 31.360824504999982, 1.356006585000102 ], [ 31.360211611000125, 1.357837489000076 ], [ 31.359836967000035, 1.358898549000116 ], [ 31.35973412300001, 1.358995321000123 ], [ 31.359702600000162, 1.359279099000162 ], [ 31.359617864000086, 1.360041917000046 ], [ 31.359446874000128, 1.360625562999985 ], [ 31.35900893600018, 1.362120391000019 ], [ 31.358782472000087, 1.362893390000124 ], [ 31.357447338999975, 1.365241214000093 ], [ 31.356891014000041, 1.366247434 ], [ 31.354500426000129, 1.368203065999978 ], [ 31.353110599000161, 1.369264628000053 ], [ 31.351377616000036, 1.370376515000146 ], [ 31.35032719700007, 1.372307558000159 ], [ 31.350321360000066, 1.37230628500015 ], [ 31.348996943000145, 1.37222027700011 ], [ 31.34788855700009, 1.372162780000053 ], [ 31.347681953000063, 1.372087005000083 ], [ 31.347325159000036, 1.371859860000029 ], [ 31.346987230000082, 1.371519282000122 ], [ 31.346893880000152, 1.370668357000113 ], [ 31.346687498000108, 1.37027114600005 ], [ 31.34646217300002, 1.370100817000093 ], [ 31.345955228000093, 1.369665581000106 ], [ 31.345598525000185, 1.369306081000047 ], [ 31.345279344000119, 1.369022240000106 ], [ 31.344884990000025, 1.368776162000188 ], [ 31.344622040000104, 1.368681439000056 ], [ 31.344283904, 1.36864338800018 ], [ 31.343851911000058, 1.36849182300017 ], [ 31.343589, 1.368340377000095 ], [ 31.343232090000015, 1.368283404000067 ], [ 31.34289381100001, 1.368453340000087 ], [ 31.342724612000154, 1.368623393000064 ], [ 31.342442668000103, 1.368831184000101 ], [ 31.342141910000066, 1.369076777000089 ], [ 31.341925699000058, 1.369312976000174 ], [ 31.341718810000089, 1.369653174000064 ], [ 31.341399135000188, 1.370087834000174 ], [ 31.340910209000015, 1.370768177000059 ], [ 31.340684533, 1.37110836200003 ], [ 31.340196077000087, 1.371108021000111 ], [ 31.340027127000155, 1.370918823000068 ], [ 31.339858072000141, 1.370880890000024 ], [ 31.338937533000092, 1.370861338000054 ], [ 31.338693396000053, 1.370728811000163 ], [ 31.338430447, 1.370634088000031 ], [ 31.338242579000109, 1.370633957000109 ], [ 31.33792325700017, 1.370558102000189 ], [ 31.337622800000076, 1.370368812000152 ], [ 31.337247378000086, 1.369914760000029 ], [ 31.337021977, 1.369857878000118 ], [ 31.33651476100016, 1.369819708000023 ], [ 31.336270572000103, 1.369762813000023 ], [ 31.336045236000132, 1.369611391999968 ], [ 31.335556938000025, 1.369384155000091 ], [ 31.335172065000108, 1.369015183000158 ], [ 31.334721590000186, 1.368428723000079 ], [ 31.334402634000128, 1.367823449000127 ], [ 31.333680254, 1.366508847000034 ], [ 31.333117215000073, 1.365695416000165 ], [ 31.332385072000136, 1.364919682000107 ], [ 31.33178409400017, 1.364635644000032 ], [ 31.331164291000107, 1.364408316000095 ], [ 31.330469212000082, 1.364370014000087 ], [ 31.329586280000058, 1.364312672000153 ], [ 31.328478039000061, 1.364066094000179 ], [ 31.326814814000045, 1.363795754000023 ], [ 31.326083016000098, 1.363676806000115 ], [ 31.324993315000086, 1.363789488 ], [ 31.324378039000123, 1.363789055999973 ], [ 31.324298212000031, 1.363789000000168 ], [ 31.3239225210001, 1.363732012000071 ], [ 31.32365965300005, 1.363523843000166 ], [ 31.323265318000153, 1.363258857000119 ], [ 31.322889758000031, 1.363012793000166 ], [ 31.322270142999969, 1.362520756000038 ], [ 31.321819384000094, 1.36235027000015 ], [ 31.32159723500007, 1.362314808000065 ], [ 31.321462479000104, 1.362293296000075 ], [ 31.321049215000016, 1.36223628200014 ], [ 31.320767443000193, 1.362198269000089 ], [ 31.320504458000187, 1.362160268000082 ], [ 31.320384733000139, 1.362188661000175 ], [ 31.319987744000059, 1.362282806000053 ], [ 31.319405349000078, 1.362301303000095 ], [ 31.319142272000079, 1.362395657000093 ], [ 31.318954170000154, 1.362735863000182 ], [ 31.318597042000079, 1.363000320000083 ], [ 31.318371394000053, 1.363302684000075 ], [ 31.318314785000098, 1.363661890000117 ], [ 31.318295551000119, 1.364304739000147 ], [ 31.318145088000165, 1.364550433000034 ], [ 31.318144969000059, 1.364720602000148 ], [ 31.318069612000158, 1.365023072000156 ], [ 31.317982807000192, 1.3651277620001 ], [ 31.31788159000007, 1.365249832000075 ], [ 31.317599726000026, 1.36534417200005 ], [ 31.317167610000126, 1.365381682000134 ], [ 31.31669906400009, 1.365437485000029 ], [ 31.31637851000005, 1.365475663000041 ], [ 31.316059048000056, 1.365607792000048 ], [ 31.316032169000039, 1.365619531 ], [ 31.315363260000026, 1.365698254000051 ], [ 31.314734318000035, 1.366252304000056 ], [ 31.314684537000119, 1.36627230400012 ], [ 31.314245603000018, 1.366391177000082 ], [ 31.31396324800005, 1.36649428700008 ], [ 31.313493459000142, 1.366585879000013 ], [ 31.312934247000044, 1.366803289000075 ], [ 31.312648473000024, 1.366787107000164 ], [ 31.312234186000126, 1.366696155999989 ], [ 31.311876231000099, 1.366562436000152 ], [ 31.311543906000054, 1.366584498000179 ], [ 31.311441032000062, 1.366681806999964 ], [ 31.311389846000111, 1.366691676000187 ], [ 31.311292021999975, 1.366822757000079 ], [ 31.311167037000018, 1.366940980000038 ], [ 31.310036668000066, 1.367675975000168 ], [ 31.309514349999972, 1.367850792000183 ], [ 31.309341287000166, 1.367881403000126 ], [ 31.309269998000048, 1.367932575000111 ], [ 31.309238937000032, 1.367942971000048 ], [ 31.308596158000057, 1.368388451000158 ], [ 31.308280341000113, 1.368555456000024 ], [ 31.308251195000025, 1.368561301000057 ], [ 31.307969437000168, 1.368504378000068 ], [ 31.307744120000052, 1.368334049000111 ], [ 31.307537536000041, 1.368239365000079 ], [ 31.307274525000025, 1.368239178000124 ], [ 31.307245975000171, 1.368258942000182 ], [ 31.307178398000133, 1.368253662000086 ], [ 31.306808107000165, 1.368551373000116 ], [ 31.306513362000032, 1.368682964000072 ], [ 31.306287468000164, 1.368819157000075 ], [ 31.306025968000029, 1.368854855 ], [ 31.305693675000157, 1.368832322 ], [ 31.305535134000081, 1.368897893 ], [ 31.305367230000058, 1.36890903800014 ], [ 31.305141713000125, 1.369022323000024 ], [ 31.305050701000084, 1.369062956000107 ], [ 31.304762989000039, 1.369143813000107 ], [ 31.304170047000184, 1.369242840000027 ], [ 31.303788944000189, 1.369229341000107 ], [ 31.303281858000162, 1.369020996000188 ], [ 31.302906343000075, 1.368718207000086 ], [ 31.3026059070001, 1.368510009999966 ], [ 31.302267806000089, 1.368434138000111 ], [ 31.302192592000097, 1.368421466000143 ], [ 31.301900019000129, 1.368357235000076 ], [ 31.301760693000176, 1.368263608 ], [ 31.301704580000035, 1.368207053000049 ], [ 31.301418689000116, 1.367803620000188 ], [ 31.300887279, 1.367401899000072 ], [ 31.300244926000062, 1.367245362000176 ], [ 31.299624508000079, 1.367400997000175 ], [ 31.29955843900018, 1.367519540000103 ], [ 31.299525621000157, 1.367543525000031 ], [ 31.299393984000176, 1.367732507000028 ], [ 31.299281118000067, 1.367940408000095 ], [ 31.299130654000066, 1.368186099000127 ], [ 31.298839219, 1.36853568000015 ], [ 31.298723220000113, 1.368643293000105 ], [ 31.298436109000079, 1.368849383000111 ], [ 31.298391148000178, 1.368874024000093 ], [ 31.298375270000065, 1.368876676000127 ], [ 31.298143870000104, 1.368894424000189 ], [ 31.297899580000148, 1.368988787000092 ], [ 31.297877210000081, 1.369003773999964 ], [ 31.297806741000045, 1.369027359000086 ], [ 31.29747427500007, 1.369250088000115 ], [ 31.29714179399997, 1.369495114000131 ], [ 31.296587932000193, 1.369517014000166 ], [ 31.296409597999968, 1.369588659000158 ], [ 31.296358672000054, 1.36959272200005 ], [ 31.296304329000066, 1.369630949999987 ], [ 31.296144729, 1.369695069000102 ], [ 31.295723426000052, 1.370229887999983 ], [ 31.295435047000069, 1.370764802000053 ], [ 31.29541089200012, 1.370809771000097 ], [ 31.295324499000174, 1.370896597000183 ], [ 31.295155221000186, 1.371180087000027 ], [ 31.295136505000073, 1.371320602000026 ], [ 31.294991858000117, 1.371589890999985 ], [ 31.294929450000097, 1.371652612000105 ], [ 31.294816557000047, 1.371898328000043 ], [ 31.294630517000144, 1.372225453 ], [ 31.294303903000127, 1.372592318999978 ], [ 31.294118650000144, 1.372819866999976 ], [ 31.293979846000013, 1.37290927600003 ], [ 31.293955819000075, 1.372931699 ], [ 31.293683231000102, 1.373104695000109 ], [ 31.293398479000132, 1.373533912000028 ], [ 31.293246601000192, 1.373721768999985 ], [ 31.29294577700017, 1.374061886000163 ], [ 31.292814124000017, 1.374269773000037 ], [ 31.292751575000125, 1.374489515000107 ], [ 31.292663075000064, 1.374620134000168 ], [ 31.292286850000096, 1.375070946000164 ], [ 31.291968012000041, 1.375290166000184 ], [ 31.291723601000115, 1.37555469300014 ], [ 31.291403923000132, 1.375989333000064 ], [ 31.29110311200003, 1.376310543000159 ], [ 31.29082115500006, 1.376537228000188 ], [ 31.29067772500008, 1.376602063000121 ], [ 31.290512688000035, 1.376669874000129 ], [ 31.290463843000168, 1.376698744 ], [ 31.290445306000152, 1.376707123000074 ], [ 31.290437501000099, 1.376714314000083 ], [ 31.290135914000132, 1.376892568000073 ], [ 31.289941451000118, 1.377443784000036 ], [ 31.289918722000095, 1.377500854000118 ], [ 31.289758720000179, 1.377945062000094 ], [ 31.289551828000128, 1.378285246000189 ], [ 31.289175736000061, 1.378795474000128 ], [ 31.288762179000059, 1.379154415000073 ], [ 31.288348635000148, 1.379494448000059 ], [ 31.287841160000141, 1.379834413000026 ], [ 31.287596708000024, 1.380155661000174 ], [ 31.28735220100009, 1.380552539000121 ], [ 31.287126399000101, 1.381062875000055 ], [ 31.286938223000163, 1.381497608000075 ], [ 31.286618515000157, 1.381970060000071 ], [ 31.286223744000097, 1.382329014000106 ], [ 31.285866586, 1.382631272000083 ], [ 31.285565923000092, 1.382744496000043 ], [ 31.285180728000114, 1.382848207000166 ], [ 31.284635897000044, 1.382885625000085 ], [ 31.284391607000089, 1.382979984000144 ], [ 31.283996985000158, 1.383130955000127 ], [ 31.283489673000076, 1.383244028000149 ], [ 31.282982374000142, 1.383338195000022 ], [ 31.282155654000121, 1.383507758000121 ], [ 31.28162952800011, 1.383658632000163 ], [ 31.28099082000017, 1.38362035 ], [ 31.28059640400005, 1.383487711000157 ], [ 31.280277037000189, 1.383487478000063 ], [ 31.27995764200017, 1.383525059000021 ] ] ] } },
{ "type": "Feature", "properties": { "Sub_County": "KABWOYA", "adm4_pcode": "UG41180104" }, "geometry": { "type": "Polygon", "coordinates": [ [ [ 30.890451658000188, 1.546937305000085 ], [ 30.88139449300013, 1.546925835000025 ], [ 30.803422413000078, 1.546935639000139 ], [ 30.803420912000036, 1.546933950999971 ], [ 30.723750101, 1.457316101 ], [ 30.720886805000077, 1.454095333000168 ], [ 30.66064421800013, 1.387400434000142 ], [ 30.775019516000043, 1.385182285000042 ], [ 30.838126543000044, 1.385202195999966 ], [ 30.846368753000036, 1.384448206000116 ], [ 30.847157800000048, 1.384286389000181 ], [ 30.852438833000122, 1.383203323999965 ], [ 30.855875090000154, 1.382498589000022 ], [ 30.858783765000169, 1.382128947000183 ], [ 30.874733871000046, 1.381115212000054 ], [ 30.875442502000169, 1.381131456000162 ], [ 30.875684591000038, 1.381116070000132 ], [ 30.877376901000105, 1.381154863000063 ], [ 30.878274224000165, 1.381175433000124 ], [ 30.884700385000144, 1.378803130000051 ], [ 30.893616279000128, 1.376099736000015 ], [ 30.893893716000036, 1.376015613999982 ], [ 30.896619333000046, 1.376359583000124 ], [ 30.898685697000133, 1.377448552999965 ], [ 30.89956825500019, 1.377776273000109 ], [ 30.89967509100012, 1.377815945000179 ], [ 30.899816875000113, 1.377868594000176 ], [ 30.900565266000172, 1.377820669000016 ], [ 30.901435744000025, 1.377764925000065 ], [ 30.902137297000081, 1.378259584000034 ], [ 30.902728622000097, 1.378385743000081 ], [ 30.902745411000126, 1.378388882000081 ], [ 30.903414989000112, 1.378514079000013 ], [ 30.903678303000049, 1.378435655000146 ], [ 30.903731114000095, 1.378299725999966 ], [ 30.903754191000132, 1.378240328000061 ], [ 30.903751676000184, 1.378209631000061 ], [ 30.903735705000031, 1.378014680000035 ], [ 30.903454556000099, 1.377839330000086 ], [ 30.903344985, 1.377442685 ], [ 30.903306687000054, 1.377047677 ], [ 30.903109987000107, 1.376311217000023 ], [ 30.903004373000101, 1.375745752000057 ], [ 30.902617600000156, 1.375004938000018 ], [ 30.902470399000151, 1.374185152000052 ], [ 30.902171415000055, 1.373756018999984 ], [ 30.902038742, 1.373330701000157 ], [ 30.901834140000176, 1.372931880000124 ], [ 30.901724243000046, 1.372549308000089 ], [ 30.901730828000154, 1.372267939000153 ], [ 30.901411379000081, 1.371697573 ], [ 30.900956631000099, 1.370814449000136 ], [ 30.90088070000013, 1.369996290000017 ], [ 30.900521642000115, 1.369087198000159 ], [ 30.900601094000081, 1.367723639000019 ], [ 30.900357531000111, 1.366957957000068 ], [ 30.900414931000057, 1.366536991999965 ], [ 30.900208349000025, 1.366222586999982 ], [ 30.900051258000076, 1.365824855000142 ], [ 30.900139, 1.365123060000087 ], [ 30.900171320000084, 1.36475782500014 ], [ 30.899771380000175, 1.364579753000157 ], [ 30.899729793, 1.364325431000054 ], [ 30.899678928000185, 1.363451552000129 ], [ 30.899756791000129, 1.363171810999972 ], [ 30.900217416000146, 1.36278823300006 ], [ 30.900390310000034, 1.362510666999981 ], [ 30.900605452000093, 1.362459288000082 ], [ 30.901199400000053, 1.362472891999971 ], [ 30.901490427000056, 1.362226185000111 ], [ 30.901712818000078, 1.361865302000183 ], [ 30.901819695000086, 1.36136100900012 ], [ 30.901638850000154, 1.360962738000069 ], [ 30.900979818000167, 1.359666726000171 ], [ 30.900309924000169, 1.358834974999979 ], [ 30.899712620000116, 1.357948581000187 ], [ 30.899721179000039, 1.35758279800001 ], [ 30.900016809000135, 1.357139136000114 ], [ 30.900069592000193, 1.356915125000114 ], [ 30.900030639000079, 1.356548253000142 ], [ 30.899896647000162, 1.356179206000093 ], [ 30.899500002000138, 1.355860452000172 ], [ 30.898956853000186, 1.355707263 ], [ 30.898766791000128, 1.355702903000179 ], [ 30.898485643000129, 1.355527557000073 ], [ 30.898273788000097, 1.355438251000123 ], [ 30.897803238000051, 1.355230410000104 ], [ 30.897502942000074, 1.35485756200012 ], [ 30.897353748000171, 1.354122184000062 ], [ 30.897458655000037, 1.353702307000049 ], [ 30.897508089000041, 1.352605506000145 ], [ 30.897353631000044, 1.352095228000053 ], [ 30.897367126, 1.351518426999974 ], [ 30.897569039000132, 1.351016311000024 ], [ 30.897601357000156, 1.350651067000172 ], [ 30.89772607000009, 1.35040055800016 ], [ 30.898145757000066, 1.349734519000037 ], [ 30.898202494000031, 1.349341690000131 ], [ 30.898331159000122, 1.348922350000066 ], [ 30.898478313000055, 1.34872865 ], [ 30.898768018000112, 1.348538221000126 ], [ 30.899349404000077, 1.348072947000048 ], [ 30.899549339000032, 1.34765524400018 ], [ 30.900018513000134, 1.346905868000022 ], [ 30.900365611000041, 1.346294472000068 ], [ 30.90037350900019, 1.345956823999984 ], [ 30.900150403, 1.345332369000118 ], [ 30.899706238000135, 1.345012529000087 ], [ 30.899335989000122, 1.344581776000098 ], [ 30.899187773000108, 1.343804201000125 ], [ 30.899067604000038, 1.342844274000015 ], [ 30.898851744000126, 1.341910315000121 ], [ 30.898748087000172, 1.341260449000174 ], [ 30.898409484000126, 1.340492588000131 ], [ 30.898246468000139, 1.340348103000167 ], [ 30.897534385000085, 1.340303648000145 ], [ 30.897255213999983, 1.34004389100005 ], [ 30.897214940000026, 1.339733290000026 ], [ 30.897176634000061, 1.33933828500011 ], [ 30.896167550000087, 1.338780310000061 ], [ 30.89558347100018, 1.338344662000054 ], [ 30.895124761000034, 1.337630360000105 ], [ 30.894949175000079, 1.337006994000035 ], [ 30.894540611000025, 1.336181239000041 ], [ 30.894555753000191, 1.335534089000134 ], [ 30.894492369000091, 1.335194806 ], [ 30.894636236000053, 1.335141797000176 ], [ 30.895405048000043, 1.33479342000004 ], [ 30.89615470300015, 1.334247529000095 ], [ 30.896441769000091, 1.334169648000113 ], [ 30.897045589000186, 1.333761180000067 ], [ 30.897498306000045, 1.333715241999982 ], [ 30.897980703000087, 1.333416609000096 ], [ 30.898273362000054, 1.333099556000036 ], [ 30.898810514000104, 1.3324924960001 ], [ 30.899034862000178, 1.332047193999983 ], [ 30.899145690000125, 1.331374080999979 ], [ 30.89908559700018, 1.330894122000188 ], [ 30.898904748000064, 1.330495856000084 ], [ 30.898396539000032, 1.329864882000095 ], [ 30.898121318000108, 1.329436307000094 ], [ 30.898012397000059, 1.329011531000106 ], [ 30.898024891000034, 1.328476927999986 ], [ 30.897890245000042, 1.328136019000112 ], [ 30.897267126000088, 1.32632003000009 ], [ 30.896872701000063, 1.324889324000026 ], [ 30.896976636000034, 1.320443676000025 ], [ 30.896867141000143, 1.316992544000129 ], [ 30.897000396000067, 1.316376248000154 ], [ 30.897130368000148, 1.315900637000141 ], [ 30.897726858000112, 1.314788191000105 ], [ 30.898172908999982, 1.314010143000189 ], [ 30.898663847000137, 1.313345720000029 ], [ 30.898984534000078, 1.312846309000179 ], [ 30.899019475000046, 1.312368523000089 ], [ 30.89916654100017, 1.311161344000141 ], [ 30.899331440000026, 1.310207946000105 ], [ 30.899438308000185, 1.309703651000063 ], [ 30.899687725000092, 1.309202623000147 ], [ 30.899887647000128, 1.308784905000039 ], [ 30.900116584000159, 1.308142645000032 ], [ 30.90041482700002, 1.307586423000032 ], [ 30.900658652000061, 1.307324558000118 ], [ 30.90094900500003, 1.307105976000116 ], [ 30.90161816900013, 1.306952363000107 ], [ 30.901907206000146, 1.306790061000186 ], [ 30.902111076000153, 1.306203522000089 ], [ 30.903387329000168, 1.305500751000125 ], [ 30.903325921000032, 1.305077062000123 ], [ 30.903428838000139, 1.304741593000188 ], [ 30.903966630000184, 1.304106386000115 ], [ 30.904347373000178, 1.303803666000078 ], [ 30.904620579000039, 1.303586447000157 ], [ 30.904813929000056, 1.30345010700006 ], [ 30.90497628900016, 1.30362272300016 ], [ 30.905703581000125, 1.304033482000136 ], [ 30.905838891000144, 1.304346255000155 ], [ 30.905864714000018, 1.305275868000081 ], [ 30.906019188000016, 1.305786135000062 ], [ 30.906435981000129, 1.306260183000063 ], [ 30.907206187000099, 1.306868985000165 ], [ 30.907866150000075, 1.307109291000131 ], [ 30.908215947000144, 1.307398813000134 ], [ 30.908425818000012, 1.307572525000126 ], [ 30.908684524000137, 1.307691045000126 ], [ 30.909563572000025, 1.30771114200013 ], [ 30.909918625000159, 1.307775563 ], [ 30.910414912000135, 1.307899523000174 ], [ 30.910862363000092, 1.308078666000142 ], [ 30.911048484000162, 1.308251831000177 ], [ 30.911354711000172, 1.308371446000024 ], [ 30.91206416000017, 1.308528423000155 ], [ 30.912394796000171, 1.30862044100013 ], [ 30.9126164, 1.308728738000127 ], [ 30.912817840000173, 1.30882718099997 ], [ 30.913137591000066, 1.308876713000188 ], [ 30.913488277000113, 1.308756550000112 ], [ 30.913676744000156, 1.308691972000076 ], [ 30.914294454000128, 1.3087061 ], [ 30.914718805000177, 1.308856561000141 ], [ 30.91562798200016, 1.309088702000054 ], [ 30.915687623, 1.309103930000049 ], [ 30.916567332000056, 1.309095882000122 ], [ 30.917193589000078, 1.30874422100004 ], [ 30.917798050000101, 1.30830759700018 ], [ 30.918333214000143, 1.307784933000107 ], [ 30.918602440000029, 1.30745325700002 ], [ 30.918857768000066, 1.306698984000036 ], [ 30.918918427000165, 1.306137316000104 ], [ 30.919026607000092, 1.305576742000085 ], [ 30.919224229000065, 1.30525750400011 ], [ 30.91952575900018, 1.304560586000036 ], [ 30.91974878000002, 1.304171554000163 ], [ 30.92038028900015, 1.303594778000047 ], [ 30.920990011000185, 1.302933057000075 ], [ 30.921114722000084, 1.302682538000056 ], [ 30.921339707000129, 1.302209089000087 ], [ 30.92167889600006, 1.301935316000083 ], [ 30.922131614000193, 1.301889353999968 ], [ 30.922940703000108, 1.30185154000003 ], [ 30.923536620000107, 1.301780700000052 ], [ 30.924353593000092, 1.30140523100016 ], [ 30.924690152000153, 1.301244008000083 ], [ 30.924975911000104, 1.301222386000063 ], [ 30.925408148000031, 1.301035198000022 ], [ 30.925510413999973, 1.30072785100009 ], [ 30.925773061000143, 1.300677555000163 ], [ 30.926203335000025, 1.300574774000097 ], [ 30.926326073000041, 1.300408660000016 ], [ 30.92745245499998, 1.29899862100018 ], [ 30.934900245, 1.292566975000057 ], [ 30.947326990000136, 1.280576116000077 ], [ 30.95031969300004, 1.276604484000075 ], [ 30.955947533000142, 1.262586011000053 ], [ 30.958000570000081, 1.255073737000032 ], [ 30.958302725000124, 1.254348643000128 ], [ 30.958430548000138, 1.252943900000162 ], [ 30.95863307500008, 1.25241360900003 ], [ 30.958831015000158, 1.252080291000027 ], [ 30.959232786000086, 1.251160400000174 ], [ 30.959346181000114, 1.25037469800003 ], [ 30.959361262000016, 1.249727520000135 ], [ 30.959332114000119, 1.248938567000096 ], [ 30.959469268000078, 1.248153400999968 ], [ 30.959379563000027, 1.247591320000083 ], [ 30.959441101000152, 1.247305972000106 ], [ 30.959671014000094, 1.246239873000093 ], [ 30.959332172000131, 1.245396665000158 ], [ 30.959593411000128, 1.244151355000156 ], [ 30.959820515000104, 1.243231169000012 ], [ 30.96006949700012, 1.242222338000147 ], [ 30.96018586200006, 1.24092820400017 ], [ 30.960142062000159, 1.238596330000178 ], [ 30.959631264000166, 1.237277813000048 ], [ 30.959071018000031, 1.23559304600002 ], [ 30.958997863000093, 1.235348870000053 ], [ 30.958416219000071, 1.234494300000051 ], [ 30.958294350000074, 1.234103624000056 ], [ 30.95796655200013, 1.233432164000078 ], [ 30.957286827000075, 1.232089253000083 ], [ 30.956994446000124, 1.23118582900014 ], [ 30.956843670000126, 1.229330109000045 ], [ 30.95700889699998, 1.228231305000065 ], [ 30.957401380000078, 1.226558674000159 ], [ 30.957903801000157, 1.225313343000039 ], [ 30.958574402000124, 1.223872657000072 ], [ 30.958715598000083, 1.222798275000173 ], [ 30.95830229600017, 1.221797183000092 ], [ 30.958166720000122, 1.220905964000167 ], [ 30.958331867000027, 1.219782743000053 ], [ 30.958835954999984, 1.219050176999986 ], [ 30.960208076000129, 1.218244287000118 ], [ 30.961170580000157, 1.21756052000012 ], [ 30.960996623000085, 1.215997802000118 ], [ 30.960872743000152, 1.214996691000181 ], [ 30.961194216000024, 1.213739161000035 ], [ 30.962011606000146, 1.212933316999965 ], [ 30.962973785000088, 1.21215186500018 ], [ 30.963865936000104, 1.212078539000117 ], [ 30.964516502000095, 1.211883139000122 ], [ 30.964538373000039, 1.21119944700007 ], [ 30.964028992000067, 1.210320451000143 ], [ 30.963883311000188, 1.210027455000045 ], [ 30.964240835999988, 1.20873329300008 ], [ 30.96455325800008, 1.208391416000154 ], [ 30.965115986000114, 1.207158275000154 ], [ 30.965449150000154, 1.205790859 ], [ 30.965637360000073, 1.204350198999975 ], [ 30.965223730000162, 1.203251440000145 ], [ 30.964571884000065, 1.203056159000027 ], [ 30.963606254000069, 1.202787655 ], [ 30.962784940000176, 1.202397047000034 ], [ 30.962133336000079, 1.202275020000172 ], [ 30.961456966000071, 1.201957654000182 ], [ 30.961166258000162, 1.201567002 ], [ 30.96088540400001, 1.200504862000059 ], [ 30.960810150000043, 1.199625835000063 ], [ 30.960760546000188, 1.199210746000119 ], [ 30.960446209, 1.198966594000126 ], [ 30.960155334000035, 1.198527112000022 ], [ 30.95998296700003, 1.197452750000139 ], [ 30.959737200000063, 1.196060968999973 ], [ 30.959565155000121, 1.19508428600011 ], [ 30.959282514999984, 1.193484966000085 ], [ 30.959326974000021, 1.192337338000186 ], [ 30.959517909000112, 1.191726879000043 ], [ 30.960455626000169, 1.190847758000018 ], [ 30.961032134999982, 1.190139586000043 ], [ 30.961029158000031, 1.189236134000112 ], [ 30.960641890000147, 1.188821080000025 ], [ 30.960182756000165, 1.188552526000024 ], [ 30.959603918000028, 1.188552586000014 ], [ 30.959374488000094, 1.188635128000101 ], [ 30.958857127000158, 1.188821258000075 ], [ 30.958157863000054, 1.188870157999986 ], [ 30.957953653000175, 1.188803559000121 ], [ 30.957409381000105, 1.188626054000054 ], [ 30.957239265000055, 1.188235393000184 ], [ 30.957295409999972, 1.186977885000033 ], [ 30.957342037000046, 1.186489532000053 ], [ 30.956712947000028, 1.185879158000148 ], [ 30.955819764000125, 1.185635067000135 ], [ 30.955287796000164, 1.185220028000174 ], [ 30.955092590000163, 1.184536353000169 ], [ 30.955161885000109, 1.183608489000108 ], [ 30.955206088000125, 1.182387608999989 ], [ 30.955212390000156, 1.180641753000145 ], [ 30.95492062600016, 1.179933677000179 ], [ 30.954148361000136, 1.179787254000075 ], [ 30.953569119000122, 1.179665223000029 ], [ 30.952826197000149, 1.179708289000189 ], [ 30.952725139000108, 1.179714147000141 ], [ 30.951736541000059, 1.179787500000089 ], [ 30.950991574000113, 1.179771529000107 ], [ 30.950602900000149, 1.179763197000113 ], [ 30.950071414000035, 1.179494657000077 ], [ 30.949272850000057, 1.178688964000116 ], [ 30.948860996000064, 1.178127408000023 ], [ 30.948593352000103, 1.177419333000159 ], [ 30.948564800000042, 1.176076379000051 ], [ 30.948659338000084, 1.175490350000189 ], [ 30.948666683000056, 1.174061938000079 ], [ 30.948277567, 1.173085278000144 ], [ 30.947503362000191, 1.17235284100002 ], [ 30.94619921300017, 1.171815791000142 ], [ 30.945668295000132, 1.171718185000088 ], [ 30.945400543000176, 1.171563608000156 ], [ 30.944822552000062, 1.171229924999977 ], [ 30.944386645000122, 1.170692787000121 ], [ 30.943516709999983, 1.170180114000061 ], [ 30.942913115000067, 1.169984842000076 ], [ 30.942453414000113, 1.16954538300007 ], [ 30.941946459, 1.169398928000135 ], [ 30.941415618000065, 1.169325736000076 ], [ 30.940932207000117, 1.169008360000134 ], [ 30.939965876000031, 1.168520115000149 ], [ 30.939374462000103, 1.168361468000057 ], [ 30.939108607000037, 1.168190574000164 ], [ 30.939201124000135, 1.166994120000084 ], [ 30.939342275, 1.165919747000089 ], [ 30.939292268000088, 1.165382572000169 ], [ 30.938927911, 1.164601253000058 ], [ 30.9384908830001, 1.163722279000183 ], [ 30.938632199000097, 1.162696744000129 ], [ 30.938581784000064, 1.162037479000048 ], [ 30.93836383900009, 1.161768916000142 ], [ 30.938060629, 1.16124398200003 ], [ 30.936732614, 1.16078019400004 ], [ 30.93559842500008, 1.160584987000107 ], [ 30.93434309100013, 1.160218864000115 ], [ 30.933448962000114, 1.159681783000167 ], [ 30.932941028000187, 1.159242330000154 ], [ 30.932022051000104, 1.158485492000068 ], [ 30.930740905000107, 1.157606622000174 ], [ 30.930330261000108, 1.15741132900007 ], [ 30.92980722700014, 1.157617580000021 ], [ 30.929463155000121, 1.157753259000117 ], [ 30.928186045000132, 1.158095238000101 ], [ 30.927732898000045, 1.157961312 ], [ 30.927401462000148, 1.1578633580001 ], [ 30.926724548999971, 1.157375091000119 ], [ 30.926432316000046, 1.15652052400003 ], [ 30.926477799000168, 1.155690342000071 ], [ 30.926184350000142, 1.154469523000046 ], [ 30.925893888000076, 1.154152127999964 ], [ 30.925530516000038, 1.153663824999967 ], [ 30.924637350000069, 1.153419756000119 ], [ 30.9238166290001, 1.153200090000098 ], [ 30.922704641999985, 1.152418868000098 ], [ 30.921664675000045, 1.151539968 ], [ 30.920997689999979, 1.150404657000138 ], [ 30.9205844600001, 1.149428026000066 ], [ 30.919712920000109, 1.148427025000103 ], [ 30.918719010000132, 1.146888869000065 ], [ 30.918280854000102, 1.145668071000102 ], [ 30.918060565000076, 1.144691418000036 ], [ 30.918142916000022, 1.144068773000129 ], [ 30.91797368400006, 1.143946708000044 ], [ 30.917179094000062, 1.144058583000174 ], [ 30.917105867000146, 1.14406889300011 ], [ 30.916286035000155, 1.144117815000072 ], [ 30.916240204000189, 1.144056229000171 ], [ 30.91606801100005, 1.143824843000175 ], [ 30.91611107500006, 1.142262158000108 ], [ 30.915891510000108, 1.141505252 ], [ 30.915240419000156, 1.141529745000184 ], [ 30.914998319000176, 1.141702664000036 ], [ 30.914590794000105, 1.141993739000043 ], [ 30.91425476400002, 1.142482118000032 ], [ 30.913821298000073, 1.142677502000026 ], [ 30.913386299000024, 1.142408961000115 ], [ 30.913369985000088, 1.142385675000128 ], [ 30.913095515000123, 1.141993912000146 ], [ 30.913045507000106, 1.141456747000177 ], [ 30.91248927200013, 1.140992889000188 ], [ 30.911837049000098, 1.140675538000096 ], [ 30.911135627000135, 1.140065201000141 ], [ 30.910771284000134, 1.139283908000095 ], [ 30.910166174000153, 1.138624721000156 ], [ 30.909971451000104, 1.138087571000142 ], [ 30.909618961999968, 1.137245229000087 ], [ 30.909566602000098, 1.135999983000033 ], [ 30.910239856000032, 1.135389485000189 ], [ 30.910720263000087, 1.134803426000076 ], [ 30.911297539000032, 1.134339443000158 ], [ 30.911534785000129, 1.134275304000084 ], [ 30.912445729000183, 1.134533833000091 ], [ 30.912759256000129, 1.134533801999964 ], [ 30.912844311000129, 1.134377846000064 ], [ 30.913358540000161, 1.133434966000038 ], [ 30.913428381000131, 1.13267804100002 ], [ 30.913569440000174, 1.131579260000137 ], [ 30.913602743000183, 1.130712459000108 ], [ 30.91355256300011, 1.130126465999979 ], [ 30.912899615000072, 1.129589374000147 ], [ 30.91207695200012, 1.128783715 ], [ 30.91142481300011, 1.12849079300014 ], [ 30.910723315000155, 1.127856037000186 ], [ 30.909973415000081, 1.127172457000086 ], [ 30.909344018000127, 1.12646444700016 ], [ 30.908569191000083, 1.125536700000055 ], [ 30.907939953000039, 1.124877530000049 ], [ 30.906960250999987, 1.123986437000099 ], [ 30.906674467000187, 1.123807075000173 ], [ 30.90637165000004, 1.123541565000039 ], [ 30.906447084000092, 1.123444463 ], [ 30.907100325000044, 1.122844077000082 ], [ 30.907764649000114, 1.122350394000023 ], [ 30.908680068000081, 1.121840044000066 ], [ 30.90927724900007, 1.12161023900012 ], [ 30.909946865000052, 1.121520874000112 ], [ 30.910700151000185, 1.121465262000129 ], [ 30.911362389000089, 1.121487239000089 ], [ 30.911552065000137, 1.121473236000099 ], [ 30.911927684000034, 1.121438068000032 ], [ 30.912429934000045, 1.121320505000142 ], [ 30.912854155000048, 1.121079341999973 ], [ 30.913066324000113, 1.120877336000149 ], [ 30.913295239000149, 1.1206641120001 ], [ 30.913563285000123, 1.120349836000059 ], [ 30.913853627000151, 1.120063653000045 ], [ 30.914166237000074, 1.119850488000111 ], [ 30.914696424000169, 1.11967678700006 ], [ 30.915003267000088, 1.119727548000071 ], [ 30.915230556000154, 1.119813930000078 ], [ 30.915647074000105, 1.11967747000017 ], [ 30.915953918000127, 1.119728230000135 ], [ 30.916338808000148, 1.119874510000159 ], [ 30.916634448000138, 1.119987033000143 ], [ 30.917024947000186, 1.120094008000024 ], [ 30.917691787000138, 1.120111125999983 ], [ 30.918021632000148, 1.120027336000021 ], [ 30.918339853000077, 1.119769250000161 ], [ 30.918596652000133, 1.119578506000153 ], [ 30.918859112000177, 1.119269840000015 ], [ 30.919188636000058, 1.118809601000066 ], [ 30.919741281000029, 1.118439371000136 ], [ 30.920165424000061, 1.118310517000168 ], [ 30.920729039000037, 1.11820984100018 ], [ 30.920996865000177, 1.118204417000072 ], [ 30.921043892000114, 1.118240326000091 ], [ 30.921132796000165, 1.118308211000112 ], [ 30.921679693000044, 1.118210521000037 ], [ 30.921947519000184, 1.118205096000054 ], [ 30.921994546000064, 1.118241005000073 ], [ 30.922131548000038, 1.118345616000113 ], [ 30.922221793000119, 1.118489008999973 ], [ 30.922506347000024, 1.11886708100019 ], [ 30.922484221000161, 1.119126358000074 ], [ 30.922476073000041, 1.119240022000042 ], [ 30.922395233000088, 1.119475423999972 ], [ 30.922338641000181, 1.119645888000036 ], [ 30.922408821000147, 1.119740203000106 ], [ 30.922460868000087, 1.119759646000034 ], [ 30.922467952000147, 1.119769846 ], [ 30.922576121000134, 1.119820288000085 ], [ 30.922758042000169, 1.11979233500017 ], [ 30.922935582000093, 1.119711269000049 ], [ 30.923193760000174, 1.119678977000035 ], [ 30.923411523000141, 1.119760326000119 ], [ 30.923524352000129, 1.119922792000068 ], [ 30.923635671000056, 1.1202060170001 ], [ 30.923515969000107, 1.120369348000054 ], [ 30.923346474000027, 1.120482897000102 ], [ 30.92316886500015, 1.120661394000081 ], [ 30.923104193000142, 1.120848092000074 ], [ 30.923112084000138, 1.121099795000021 ], [ 30.923208760000136, 1.121286608999981 ], [ 30.923323037000102, 1.121344217000171 ], [ 30.923450696000089, 1.121408572000064 ], [ 30.923692608000067, 1.121563011000148 ], [ 30.923693551000042, 1.121785000000102 ], [ 30.923547017000146, 1.122098780000158 ], [ 30.923522642000023, 1.122342342000024 ], [ 30.923570891000168, 1.122561598000061 ], [ 30.923586934000184, 1.122691518000181 ], [ 30.923562582000102, 1.122902602000067 ], [ 30.923570483000162, 1.12313806700007 ], [ 30.923642958000187, 1.123324864000153 ], [ 30.92378022600019, 1.123359507000089 ], [ 30.923901068000077, 1.123390003000111 ], [ 30.924215674000152, 1.123422706000099 ], [ 30.92485295900002, 1.12347999800005 ], [ 30.924854166000046, 1.123480111000106 ], [ 30.924959137000144, 1.123471955000184 ], [ 30.925588423000136, 1.123431809000067 ], [ 30.925870817000032, 1.123383296000043 ], [ 30.926492157000155, 1.123172639000074 ], [ 30.926992560000031, 1.122856344000127 ], [ 30.927767313000118, 1.122459051000021 ], [ 30.928372542000034, 1.122215904000086 ], [ 30.928856593000035, 1.122208130000161 ], [ 30.929655434000097, 1.121973241000148 ], [ 30.930026518000091, 1.12199786400015 ], [ 30.930232188000048, 1.122083863000057 ], [ 30.930357185000162, 1.122136129000125 ], [ 30.930607247000069, 1.122176904000014 ], [ 30.931268776000024, 1.122177376000081 ], [ 30.931406474000028, 1.12215289 ], [ 30.931769020000047, 1.122088420000182 ], [ 30.932422494000093, 1.122072648000142 ], [ 30.932752134000168, 1.122088315000099 ], [ 30.933116271000188, 1.122105621000117 ], [ 30.933850272000086, 1.122301008000022 ], [ 30.934148681000181, 1.12242301100008 ], [ 30.934366451000074, 1.122496239999975 ], [ 30.93452784100009, 1.122439520000114 ], [ 30.934899012000187, 1.122342352000032 ], [ 30.934905236000191, 1.1223443290001 ], [ 30.93533455700009, 1.122480692000124 ], [ 30.935346357000185, 1.122486641000023 ], [ 30.935478504000173, 1.12244019700006 ], [ 30.935849676000146, 1.122343030000081 ], [ 30.936285221000048, 1.12248136900007 ], [ 30.936352222000153, 1.122515145000023 ], [ 30.93639943900007, 1.122513928000046 ], [ 30.936583013000188, 1.122591063000129 ], [ 30.936720767, 1.122619708000059 ], [ 30.937043534000168, 1.122522506000053 ], [ 30.937350104000132, 1.122514605 ], [ 30.937640447000092, 1.122636602000057 ], [ 30.937643863000176, 1.12263970000015 ], [ 30.937762778000149, 1.122604212000056 ], [ 30.93821444200006, 1.122766920000174 ], [ 30.938235042000144, 1.122775576000038 ], [ 30.93841488400011, 1.122693989000084 ], [ 30.93871344300004, 1.122604889 ], [ 30.939165108, 1.122767597000177 ], [ 30.939745795000192, 1.123011592000182 ], [ 30.940286253000124, 1.123101289000033 ], [ 30.940746089000186, 1.123117854999975 ], [ 30.941197806000162, 1.123207489000151 ], [ 30.941988100000174, 1.123662738000064 ], [ 30.942657383000039, 1.124117899000169 ], [ 30.943157352000128, 1.124503252000125 ], [ 30.943205677000094, 1.124540498000044 ], [ 30.943366952000076, 1.124646165000172 ], [ 30.943576701999973, 1.124654433000103 ], [ 30.943923604000076, 1.124654680000049 ], [ 30.944107815000166, 1.124638921000098 ], [ 30.944107861000134, 1.124608859000091 ], [ 30.944505986000138, 1.124818729000026 ], [ 30.94482386400017, 1.12515154700003 ], [ 30.945187016000034, 1.125566585000115 ], [ 30.946379901000057, 1.125746874000185 ], [ 30.946821275000161, 1.125816603000033 ], [ 30.947441880000042, 1.126025293000055 ], [ 30.947841716000084, 1.126317125000014 ], [ 30.948420977000183, 1.126470251000114 ], [ 30.948547743000177, 1.126475770000127 ], [ 30.948918737000156, 1.126456722000114 ], [ 30.949636100000077, 1.126387815000044 ], [ 30.949870782000119, 1.126138084000047 ], [ 30.949746776000154, 1.125929747000157 ], [ 30.949719499000139, 1.125485465000168 ], [ 30.949898915000063, 1.125360642000032 ], [ 30.950395440000193, 1.12547206 ], [ 30.950560983000116, 1.125458294000111 ], [ 30.950602464000099, 1.125319491000084 ], [ 30.950671582000098, 1.125111291999985 ], [ 30.950809683000102, 1.124889257 ], [ 30.951264882000032, 1.124917347 ], [ 30.951569329000051, 1.125271394000094 ], [ 30.951622256000064, 1.125111966000077 ], [ 30.951760357000069, 1.124889931000098 ], [ 30.952215556000169, 1.124918021000099 ], [ 30.952573923000045, 1.125334772000031 ], [ 30.952821885000162, 1.125820862000069 ], [ 30.953014765000091, 1.12616808000007 ], [ 30.953497447000075, 1.126348904999986 ], [ 30.954131793000158, 1.12664090300018 ], [ 30.954754170000058, 1.126908406000041 ], [ 30.954795050000087, 1.126683023000112 ], [ 30.955043585000112, 1.126350000000173 ], [ 30.955609142000071, 1.126378167000098 ], [ 30.955783332000124, 1.126633305999974 ], [ 30.955994262000161, 1.126350673000161 ], [ 30.956559819000177, 1.126378840000086 ], [ 30.956779379000182, 1.126700432000064 ], [ 30.957045491000031, 1.126944574000163 ], [ 30.957191912000155, 1.127457313000036 ], [ 30.957193127000153, 1.127823581000143 ], [ 30.957338248000156, 1.127945647000104 ], [ 30.957496026000058, 1.128250844999968 ], [ 30.958147131000032, 1.128226336000182 ], [ 30.958871478, 1.128470414000105 ], [ 30.959475404000045, 1.128763346000028 ], [ 30.960223787000075, 1.128982998000083 ], [ 30.960803353000074, 1.129202679000059 ], [ 30.961150608000139, 1.129298425000172 ], [ 30.961152528000127, 1.129297588000156 ], [ 30.961154768000085, 1.12929957200015 ], [ 30.961599983000099, 1.129422329000079 ], [ 30.961753891000058, 1.129450620000057 ], [ 30.962103210000066, 1.129298261000145 ], [ 30.962435598000013, 1.129592654000078 ], [ 30.962462815000094, 1.129590065000116 ], [ 30.9627661990001, 1.129729113000053 ], [ 30.962794790000089, 1.129767536000145 ], [ 30.96280640599997, 1.129770792000045 ], [ 30.963123790000111, 1.129618300000061 ], [ 30.963413497000033, 1.129590738000104 ], [ 30.963716882000028, 1.129729786000041 ], [ 30.964006298000129, 1.130118725000159 ], [ 30.964331208000033, 1.130299438000122 ], [ 30.964531516000079, 1.130299580000099 ], [ 30.964540897000063, 1.130348016000028 ], [ 30.964682071000027, 1.130355220000126 ], [ 30.964958003000106, 1.130299882000145 ], [ 30.965482200000054, 1.130300251999984 ], [ 30.965553574000069, 1.130668774000128 ], [ 30.965605906000178, 1.130938975000163 ], [ 30.965927951000083, 1.131311658000186 ], [ 30.966308852000054, 1.131772475000048 ], [ 30.966687764000142, 1.132254371000101 ], [ 30.966735769000138, 1.132800148000058 ], [ 30.967024475000187, 1.133049556000117 ], [ 30.96741130200013, 1.133383729000116 ], [ 30.967811270000027, 1.133495079000113 ], [ 30.968238896000059, 1.133509265000043 ], [ 30.968680336000148, 1.133495694000089 ], [ 30.969080353000152, 1.13353762800017 ], [ 30.969659702, 1.133579688000111 ], [ 30.969935489000193, 1.133732600000144 ], [ 30.969940645000065, 1.133735372 ], [ 30.970088476000171, 1.133593875000088 ], [ 30.970254304000036, 1.133177489000104 ], [ 30.970309677000046, 1.132899861000055 ], [ 30.970323693000182, 1.132580552000036 ], [ 30.970448118000036, 1.132191903000091 ], [ 30.970959306000054, 1.131067708000103 ], [ 30.971497889000148, 1.130221199000118 ], [ 30.972381552000172, 1.129069496000113 ], [ 30.972533496000096, 1.128778051000097 ], [ 30.972630194000146, 1.128583751000178 ], [ 30.973416715000099, 1.128264985000101 ], [ 30.974216905000048, 1.128126713000029 ], [ 30.974395672000185, 1.128260768000189 ], [ 30.975167594000084, 1.12812738100007 ], [ 30.975573078000082, 1.128431448000072 ], [ 30.976178238000045, 1.12909064500019 ], [ 30.976976826000055, 1.129896319000068 ], [ 30.977388299999973, 1.130335783000021 ], [ 30.978466009000101, 1.131666399000153 ], [ 30.979013966000025, 1.131866647000038 ], [ 30.979671271000143, 1.131887155000129 ], [ 30.980547489000173, 1.132188474000088 ], [ 30.980799670000181, 1.132569542000169 ], [ 30.98160292, 1.132570107000106 ], [ 30.981927029000076, 1.132570335000139 ], [ 30.982877724000161, 1.132571002000134 ], [ 30.983022564000066, 1.132571105000011 ], [ 30.983973260000027, 1.132571772000176 ], [ 30.984929317000024, 1.132632583000145 ], [ 30.985153837000098, 1.13263274100018 ], [ 30.985552284000107, 1.132532786000127 ], [ 30.985930978000169, 1.132192253000142 ], [ 30.986269765000088, 1.131951928000035 ], [ 30.987086577000127, 1.13175203000003 ], [ 30.987763888000131, 1.131652270000131 ], [ 30.98824220400013, 1.131271712000057 ], [ 30.988481383000078, 1.13105136300004 ], [ 30.989039236000167, 1.130871331000094 ], [ 30.989477493000095, 1.130811497000082 ], [ 30.98970641000011, 1.130963496000163 ], [ 30.989989934000107, 1.130871996000053 ], [ 30.990428192000138, 1.130812161000165 ], [ 30.990756799000053, 1.131030351999982 ], [ 30.990951381000173, 1.130972902000053 ], [ 30.991748496000127, 1.130452237000043 ], [ 30.992226481000159, 1.130552805000036 ], [ 30.992446924000035, 1.130617681000047 ], [ 30.992699196000103, 1.130452900000023 ], [ 30.993177181000135, 1.130553469000063 ], [ 30.993415796000079, 1.130623693000189 ], [ 30.994178881000039, 1.130052991000071 ], [ 30.995195271000114, 1.129291911000166 ], [ 30.99611184600019, 1.128851514000019 ], [ 30.997425874000044, 1.128479673000072 ], [ 30.997805288000166, 1.128371561 ], [ 30.998064262000128, 1.128331647000095 ], [ 30.998503043000085, 1.128444296999987 ], [ 30.998533284000189, 1.128435680000109 ], [ 30.998755991000053, 1.128372221000063 ], [ 30.999014965000185, 1.128332307000164 ], [ 30.999484391000124, 1.128452825000181 ], [ 30.999709880000182, 1.128535771000088 ], [ 30.999772288000031, 1.128715624000165 ], [ 30.999774138000191, 1.128726845000131 ], [ 30.999834261000103, 1.129091560000177 ], [ 31.000003901000071, 1.129659790000119 ], [ 31.000226956000176, 1.13005552900006 ], [ 31.000897351000106, 1.130996713000172 ], [ 31.001136756000108, 1.131422160000113 ], [ 31.001244198000109, 1.131613093000169 ], [ 31.00135604500008, 1.132047968 ], [ 31.001595289000136, 1.132978171000161 ], [ 31.001688470000147, 1.133340468000029 ], [ 31.0017700840001, 1.133372126000154 ], [ 31.002060809000113, 1.133814440000151 ], [ 31.002197930000193, 1.134041118000084 ], [ 31.002318352000032, 1.134375055000078 ], [ 31.002509086000146, 1.134651434000148 ], [ 31.002570766000133, 1.134853759000066 ], [ 31.002680558000122, 1.134898047000036 ], [ 31.002967178000063, 1.134882903000175 ], [ 31.003202231000046, 1.134870779000039 ], [ 31.003295523000133, 1.134953740000071 ], [ 31.003515000000107, 1.135197054000173 ], [ 31.003635732000134, 1.135302140000135 ], [ 31.003756494000186, 1.135363014 ], [ 31.003964289000066, 1.135470427000143 ], [ 31.004217300000107, 1.135447454000087 ], [ 31.004306676000056, 1.135439339000015 ], [ 31.004596462000052, 1.135612288000061 ], [ 31.004618453000148, 1.135790561000135 ], [ 31.004496338000081, 1.136076811 ], [ 31.004460809000079, 1.136113401000046 ], [ 31.004250028000172, 1.13633048000014 ], [ 31.004189496000095, 1.136518335000119 ], [ 31.004306415000087, 1.136672513000121 ], [ 31.004481215000169, 1.136722116000044 ], [ 31.004612049000173, 1.136759242000096 ], [ 31.004740271000117, 1.136754368000027 ], [ 31.004897734999986, 1.136684622000132 ], [ 31.005040447000113, 1.136767617000146 ], [ 31.005023913000116, 1.136856028000125 ], [ 31.004879494000193, 1.137038038000071 ], [ 31.004866114000151, 1.137076429000103 ], [ 31.004837759, 1.13715779 ], [ 31.004856883000173, 1.137184295000168 ], [ 31.004867058000059, 1.13719839800018 ], [ 31.004932407000013, 1.137288972000022 ], [ 31.005129798000098, 1.137349347000168 ], [ 31.005489275000116, 1.137320262000117 ], [ 31.005616702000054, 1.137221185000044 ], [ 31.005726506000087, 1.137248894000095 ], [ 31.005949914000098, 1.137429025000188 ], [ 31.006000037000092, 1.137425659000087 ], [ 31.006237767000016, 1.137419357000056 ], [ 31.006296792000057, 1.137310081000123 ], [ 31.006406667000135, 1.137232788000176 ], [ 31.006576972000119, 1.137116853000123 ], [ 31.006813197000042, 1.136962277000123 ], [ 31.006998249000048, 1.136973249000107 ], [ 31.007319526000117, 1.136753091 ], [ 31.008164015999967, 1.136826542000165 ], [ 31.008270237000147, 1.13675375300005 ], [ 31.009081120000189, 1.136824281000031 ], [ 31.009350209000161, 1.136798251000016 ], [ 31.009860971000137, 1.136671498000112 ], [ 31.010289321000073, 1.136611004999963 ], [ 31.010657271000127, 1.136544945000026 ], [ 31.010931828000025, 1.136545135000063 ], [ 31.011103663000142, 1.13663092500002 ], [ 31.011240033000036, 1.136611666000135 ], [ 31.011607984000193, 1.136545605000094 ], [ 31.011882541000091, 1.136545796000178 ], [ 31.012248741000178, 1.136728623000124 ], [ 31.012745959000085, 1.136868014000015 ], [ 31.013200213000061, 1.136839612000188 ], [ 31.013617475000103, 1.136933851000038 ], [ 31.013993127999981, 1.137085713000033 ], [ 31.014165407000121, 1.137016489000132 ], [ 31.014741836000155, 1.137142048000158 ], [ 31.014840735000064, 1.137127803000112 ], [ 31.015116122, 1.13701714900003 ], [ 31.015424705000044, 1.137084365000078 ], [ 31.015890780000177, 1.136888368000086 ], [ 31.016735094000012, 1.136852005000037 ], [ 31.017142531000104, 1.136876062000169 ], [ 31.017685811000092, 1.136852664000173 ], [ 31.01863709100013, 1.136908832000017 ], [ 31.019185417000187, 1.137059294000039 ], [ 31.019351401000051, 1.137074460000065 ], [ 31.020406097000091, 1.136595909000164 ], [ 31.020699765000074, 1.136596113000166 ], [ 31.020920988000171, 1.136794316000135 ], [ 31.02135681600015, 1.136596567000026 ], [ 31.02165048300003, 1.136596770000153 ], [ 31.02191625800009, 1.136834888000124 ], [ 31.022479992, 1.136782085000107 ], [ 31.023990126000115, 1.135977633000152 ], [ 31.02423278800012, 1.136034427000084 ], [ 31.024464871000191, 1.136231843000076 ], [ 31.02494084600005, 1.135978289000036 ], [ 31.025183509000158, 1.136035083000138 ], [ 31.02556114600003, 1.136356312000146 ], [ 31.025852028000145, 1.136577571999965 ], [ 31.026202222000165, 1.136747707000097 ], [ 31.027065796000045, 1.136846449000132 ], [ 31.027899762000118, 1.137280848000103 ], [ 31.028197227000135, 1.137391748000027 ], [ 31.028775084000074, 1.137377606000086 ], [ 31.0299681730001, 1.13728605700004 ], [ 31.030243463000147, 1.137323195000135 ], [ 31.030274158999987, 1.137336185000152 ], [ 31.030918898000152, 1.137286712000048 ], [ 31.031194187000096, 1.137323848999984 ], [ 31.031699496000101, 1.137537685000098 ], [ 31.031877383000165, 1.137706537000042 ], [ 31.031949333000057, 1.137580029000048 ], [ 31.031973307999976, 1.137537874000031 ], [ 31.032000922000123, 1.137305779000087 ], [ 31.032000230999984, 1.137298979999969 ], [ 31.032183663000069, 1.137119324000025 ], [ 31.032444351000152, 1.13716864100013 ], [ 31.032799743000055, 1.137242355000183 ], [ 31.032972785000027, 1.137278254000023 ], [ 31.033134388000121, 1.137119978000101 ], [ 31.033395077000137, 1.137169294999978 ], [ 31.033653711000056, 1.137222940000072 ], [ 31.033798439000122, 1.137178118000122 ], [ 31.034776223000165, 1.13690002200002 ], [ 31.03513192600002, 1.136949996000055 ], [ 31.03567989600009, 1.136835107000081 ], [ 31.036179083999968, 1.136814857000161 ], [ 31.036678593000033, 1.13677085900008 ], [ 31.036777086000086, 1.136510351000027 ], [ 31.03701717500013, 1.136322077000045 ], [ 31.037741891000053, 1.136315278000097 ], [ 31.037884585000143, 1.136388065 ], [ 31.037967903000094, 1.136322729000142 ], [ 31.03869262000012, 1.136315929000091 ], [ 31.038975801000049, 1.136460379000141 ], [ 31.03954373300013, 1.136630568000101 ], [ 31.039804734000143, 1.13665613500018 ], [ 31.040325793000193, 1.136778506999974 ], [ 31.040466120000133, 1.136945711000124 ], [ 31.040788156000133, 1.13745178 ], [ 31.040815204000069, 1.137494287000038 ], [ 31.041171548000079, 1.13749678 ], [ 31.041481010000098, 1.137451457000054 ], [ 31.042118956000138, 1.137717118000126 ], [ 31.042688469999973, 1.137768590000121 ], [ 31.042880097000136, 1.137651206000157 ], [ 31.043068245000086, 1.137794998000174 ], [ 31.043371398000033, 1.138224528000023 ], [ 31.043457770000032, 1.138376581000045 ], [ 31.043533906000107, 1.13851061400004 ], [ 31.043528381000101, 1.138571785000067 ], [ 31.043506046000118, 1.138819105000096 ], [ 31.043716065000183, 1.139105520000044 ], [ 31.044159864000051, 1.139678504000017 ], [ 31.044512419000171, 1.139965914000186 ], [ 31.044862765000062, 1.140419523000162 ], [ 31.045265362000066, 1.140517323999973 ], [ 31.045548544000042, 1.140661774000023 ], [ 31.04585294900005, 1.140996336 ], [ 31.046228635999967, 1.141331400000013 ], [ 31.046654354000054, 1.141476855000064 ], [ 31.047271072000058, 1.141552406000187 ], [ 31.047482352000145, 1.141743843000143 ], [ 31.047549205000109, 1.142076742000029 ], [ 31.047682271999975, 1.142790030000072 ], [ 31.047682624, 1.142792246999988 ], [ 31.047714689000088, 1.142993884000077 ], [ 31.047737085000165, 1.143134726000028 ], [ 31.047732354000061, 1.143490871999973 ], [ 31.04791527000009, 1.143677440000147 ], [ 31.047919883000191, 1.143682145000128 ], [ 31.047701653000104, 1.144013052000048 ], [ 31.047634961000085, 1.14407187300003 ], [ 31.047461252000176, 1.144225077000101 ], [ 31.047741595000048, 1.144583215000068 ], [ 31.047976316000188, 1.144798565000087 ], [ 31.048139143000071, 1.145060903000115 ], [ 31.048447968000119, 1.145063069000116 ], [ 31.048567073000129, 1.145040152000092 ], [ 31.048778352999989, 1.145231597000077 ], [ 31.048914579000098, 1.145707459000164 ], [ 31.04922151400018, 1.145852074000118 ], [ 31.049407782000117, 1.146138325000095 ], [ 31.049403361000032, 1.146470722000174 ], [ 31.049686544999986, 1.146615182000062 ], [ 31.050042883000174, 1.146617668999966 ], [ 31.050183529000094, 1.146761132000051 ], [ 31.050271932000044, 1.147260395000046 ], [ 31.050506024000072, 1.14752323600004 ], [ 31.050743585000077, 1.147524899000075 ], [ 31.050934265000024, 1.147478744000068 ], [ 31.050972986000147, 1.148031494000179 ], [ 31.050974206000035, 1.148048908000021 ], [ 31.050985708000098, 1.14813308100014 ], [ 31.051039159000027, 1.148524266999971 ], [ 31.05112882300017, 1.148928570000123 ], [ 31.051126177000128, 1.149127571000179 ], [ 31.051123771999983, 1.149308457000018 ], [ 31.051106098000162, 1.149385963000043 ], [ 31.051048087000026, 1.149640360000035 ], [ 31.051149900000041, 1.149702624000042 ], [ 31.051283758000068, 1.14978448300019 ], [ 31.0511368, 1.150115894000123 ], [ 31.051052342000105, 1.150162658000113 ], [ 31.050861547000068, 1.150268302000143 ], [ 31.051162490000024, 1.150864044000059 ], [ 31.051211811000087, 1.15107265000006 ], [ 31.051229972000101, 1.151149464000071 ], [ 31.051008910000064, 1.151694059000079 ], [ 31.050972704000117, 1.151781363 ], [ 31.050910724000119, 1.151930820000018 ], [ 31.051261390000036, 1.152360692000059 ], [ 31.051447338000116, 1.152670685000032 ], [ 31.051538572000027, 1.152956270000175 ], [ 31.051749852000114, 1.153147708000176 ], [ 31.051961132000031, 1.15333915500014 ], [ 31.052050796000117, 1.153743450000093 ], [ 31.052072026000133, 1.15393356200002 ], [ 31.052403983000147, 1.153983374000063 ], [ 31.05299631400004, 1.15410625300018 ], [ 31.053206964000083, 1.154345181000053 ], [ 31.053487307000069, 1.154703321 ], [ 31.053506965999986, 1.155012152999973 ], [ 31.053524564000043, 1.155169729000079 ], [ 31.053528196000173, 1.155202257000099 ], [ 31.053488265000169, 1.155336242999965 ], [ 31.053455016000157, 1.155447803000129 ], [ 31.053610906000074, 1.156128907000038 ], [ 31.053628666000122, 1.156580197000039 ], [ 31.054142469999988, 1.157248661000096 ], [ 31.054574229000139, 1.157833449000179 ], [ 31.054852992000178, 1.158310309000058 ], [ 31.055323386, 1.158669786000189 ], [ 31.055534666000085, 1.158861225000123 ], [ 31.05609977600011, 1.159245110000029 ], [ 31.056762742000103, 1.159415973000023 ], [ 31.057687674000078, 1.159541177000108 ], [ 31.057829582000068, 1.15958966300002 ], [ 31.058002987000123, 1.159847959000047 ], [ 31.058134456000062, 1.159858999000107 ], [ 31.058165467000094, 1.15995606700011 ], [ 31.058324049000078, 1.159925565000094 ], [ 31.058776685, 1.159833750000075 ], [ 31.059085204000041, 1.159859658000073 ], [ 31.0592448700001, 1.160359426000014 ], [ 31.059288591000097, 1.1606446830001 ], [ 31.0598562240001, 1.16083862000005 ], [ 31.06030665000003, 1.160913014000187 ], [ 31.060365854000167, 1.160922551000169 ], [ 31.060620048000033, 1.160541283000043 ], [ 31.060786978000181, 1.160494954000058 ], [ 31.061165820000099, 1.160592595000026 ], [ 31.061465422000026, 1.16069999400014 ], [ 31.061570797000115, 1.16054194000003 ], [ 31.061737728000139, 1.160495612000091 ], [ 31.061803348000069, 1.160512524000069 ], [ 31.061856972000044, 1.160431214000084 ], [ 31.062025793000089, 1.16024243600009 ], [ 31.062429337000083, 1.160269009999979 ], [ 31.062622860000033, 1.160009167000112 ], [ 31.063123641000175, 1.159870200000057 ], [ 31.063361846000078, 1.159824373000049 ], [ 31.063459712000167, 1.159611352000127 ], [ 31.063842657000123, 1.159400322000067 ], [ 31.064013369000065, 1.159069083000134 ], [ 31.064466006000089, 1.158977267000125 ], [ 31.064895833000037, 1.15881405600004 ], [ 31.065396934000034, 1.158651349000024 ], [ 31.065588246000061, 1.158557703999975 ], [ 31.065675914000053, 1.158329925000032 ], [ 31.065691420000064, 1.158289637000109 ], [ 31.065834343000063, 1.157918298000027 ], [ 31.066148543000168, 1.157516824000027 ], [ 31.066366457000072, 1.157209653000109 ], [ 31.06649186500016, 1.156711885000107 ], [ 31.067050890000132, 1.155765975000179 ], [ 31.067313476000152, 1.15567283200005 ], [ 31.067620415000079, 1.155817448999983 ], [ 31.067797318000032, 1.156112359000076 ], [ 31.06800164200007, 1.155766628000151 ], [ 31.068264228000146, 1.155673485000023 ], [ 31.068400193000116, 1.155737546000069 ], [ 31.068667601000016, 1.155682307 ], [ 31.069000821000088, 1.155637148000096 ], [ 31.069211473999985, 1.155876077000073 ], [ 31.069248084000037, 1.155891048000171 ], [ 31.069284812000035, 1.15575186000018 ], [ 31.069555595000168, 1.155695924000156 ], [ 31.069595369000069, 1.155593815000145 ], [ 31.06966309500018, 1.155505599000151 ], [ 31.069885497000087, 1.155215916000088 ], [ 31.070125591000078, 1.155027629000017 ], [ 31.070509796000124, 1.154721626000025 ], [ 31.070583279000061, 1.154555919000074 ], [ 31.071012157000041, 1.154463945000089 ], [ 31.07102632200008, 1.154175069000189 ], [ 31.071039063000114, 1.15391522200008 ], [ 31.071044747000087, 1.153799296999978 ], [ 31.071329515000173, 1.153825029000188 ], [ 31.071586733000174, 1.154135526 ], [ 31.071984303000193, 1.154028330000017 ], [ 31.071989817000087, 1.153915873000074 ], [ 31.071995500000128, 1.153799948000142 ], [ 31.072219713000152, 1.15382020800007 ], [ 31.072280726000088, 1.153760449000174 ], [ 31.072539213000084, 1.153975967000065 ], [ 31.072969360000059, 1.153789012000118 ], [ 31.073044724000113, 1.153480844000057 ], [ 31.07359333900007, 1.153318470000102 ], [ 31.073671232000038, 1.152820351000173 ], [ 31.073865073000036, 1.152536763000171 ], [ 31.074388667000164, 1.152469186000189 ], [ 31.07462939100003, 1.152233416 ], [ 31.074798522000094, 1.152020885000127 ], [ 31.075249900000131, 1.152024044000086 ], [ 31.075469392000173, 1.151598160000049 ], [ 31.075864998000043, 1.151327847000175 ], [ 31.07626981300001, 1.151259439000171 ], [ 31.076463654000179, 1.150975850000066 ], [ 31.076824735000116, 1.150622190000092 ], [ 31.076730020000184, 1.150597783000137 ], [ 31.076733710000155, 1.15054665200006 ], [ 31.076759139000046, 1.15019430600006 ], [ 31.0767688950001, 1.15019437400008 ], [ 31.077044218000083, 1.150196305000122 ], [ 31.077235539000185, 1.150102658000094 ], [ 31.077549108000085, 1.149748660000114 ], [ 31.077621952000072, 1.149630441000056 ], [ 31.077886117, 1.149418585000092 ], [ 31.078099292000161, 1.149467563000087 ], [ 31.078480977000027, 1.149351498000158 ], [ 31.078581370000052, 1.148948531000087 ], [ 31.078774890000091, 1.148688673000095 ], [ 31.078767791000132, 1.148602066000137 ], [ 31.078733994000061, 1.148189731 ], [ 31.078739273000053, 1.148172118000105 ], [ 31.078783716000089, 1.148023858000045 ], [ 31.079121985000143, 1.147598802000061 ], [ 31.079285153000114, 1.14738149700014 ], [ 31.07935361, 1.147290327000064 ], [ 31.079388039000094, 1.147244474000047 ], [ 31.079389986000024, 1.147222215000113 ], [ 31.079444067000111, 1.146603737000078 ], [ 31.079448223000099, 1.146580679000124 ], [ 31.079469717000109, 1.14646144000011 ], [ 31.079588172000058, 1.14625412800018 ], [ 31.079591342000128, 1.146248578999973 ], [ 31.079608600000142, 1.146236274000159 ], [ 31.07961361200006, 1.146232700000041 ], [ 31.079736129000139, 1.146145343000171 ], [ 31.079855188000124, 1.146060452000143 ], [ 31.080001825000068, 1.145752784000081 ], [ 31.080432601000041, 1.145518334999963 ], [ 31.08081901200012, 1.145046126000068 ], [ 31.081176943000173, 1.144929896000065 ], [ 31.081585537000024, 1.144576562000111 ], [ 31.082031811000036, 1.144069152000043 ], [ 31.082414762000155, 1.143858114000182 ], [ 31.083108116000176, 1.143530517000158 ], [ 31.083202274000143, 1.143297158000109 ], [ 31.083280091000063, 1.143104301000051 ], [ 31.083284507000087, 1.142771887000094 ], [ 31.083329503000073, 1.142724448000024 ], [ 31.083597754000152, 1.142441636000058 ], [ 31.084055438, 1.141969916999983 ], [ 31.084135598999978, 1.141865501999973 ], [ 31.084345563000113, 1.141592011000171 ], [ 31.084415417000059, 1.141628162000075 ], [ 31.084654986000089, 1.141680856000164 ], [ 31.085067710000089, 1.141890430000103 ], [ 31.085132643000065, 1.141923402000145 ], [ 31.085451047000106, 1.142137344000105 ], [ 31.085666836000144, 1.142308472000025 ], [ 31.085818907000032, 1.142493806000118 ], [ 31.085942690000024, 1.142639937000013 ], [ 31.086041662000071, 1.142835921000085 ], [ 31.086229083000035, 1.143088959000067 ], [ 31.086582719000148, 1.143545152000058 ], [ 31.087212312000077, 1.144179637000036 ], [ 31.087396180000042, 1.144450484000174 ], [ 31.087495168000032, 1.144625095000151 ], [ 31.087558791000106, 1.144753375000107 ], [ 31.087629426000149, 1.144984961999967 ], [ 31.087661155000035, 1.145173777000082 ], [ 31.087696381000114, 1.145426713 ], [ 31.087738614000102, 1.145786518000023 ], [ 31.087802146000058, 1.146053721000044 ], [ 31.087901074000058, 1.146317387000181 ], [ 31.087939860000063, 1.146538267000153 ], [ 31.087918454000089, 1.146794727000042 ], [ 31.08791483300007, 1.146915837000165 ], [ 31.088023902000089, 1.147196019000035 ], [ 31.088321453000106, 1.14753592400001 ], [ 31.089127917000042, 1.148316578000106 ], [ 31.090038320000133, 1.149120978000099 ], [ 31.090127335000147, 1.149300454000183 ], [ 31.09018659700007, 1.149545697000121 ], [ 31.090289821000113, 1.149856894000038 ], [ 31.090435904000174, 1.149952542000108 ], [ 31.090548746000138, 1.150048306999963 ], [ 31.090738842, 1.150138143000106 ], [ 31.090928950000148, 1.150210038000125 ], [ 31.09114881000005, 1.150222148000069 ], [ 31.091469702000097, 1.150216384000089 ], [ 31.09160639300012, 1.150192554000114 ], [ 31.091807277000044, 1.150183286000015 ], [ 31.091861923000124, 1.150180765000073 ], [ 31.091980774000092, 1.150174865000167 ], [ 31.092024210000147, 1.150218638000126 ], [ 31.092099573000098, 1.150222789 ], [ 31.092420466000078, 1.150217025000074 ], [ 31.092557156, 1.150193195000043 ], [ 31.092812687000105, 1.150181406000058 ], [ 31.092931538000073, 1.150175506000096 ], [ 31.093109690000063, 1.150355043000104 ], [ 31.093288035000171, 1.150889161000066 ], [ 31.093531185000074, 1.150977304000037 ], [ 31.094024242999978, 1.15121686000009 ], [ 31.094451999000057, 1.151360682000131 ], [ 31.094725266000182, 1.151486457000146 ], [ 31.094874164000089, 1.151561510000022 ], [ 31.095640613000171, 1.151182066000104 ], [ 31.096439231000147, 1.15079419500006 ], [ 31.096697546000144, 1.150621780999984 ], [ 31.097305720000179, 1.150447939000173 ], [ 31.09761755400001, 1.150642951000123 ], [ 31.097648312000103, 1.150622421000037 ], [ 31.098256487000072, 1.150448579000056 ], [ 31.099293277000015, 1.151096956000117 ], [ 31.100304429000062, 1.151887643000123 ], [ 31.101360575, 1.152868603000115 ], [ 31.103214829000137, 1.154703747000042 ], [ 31.103305527000032, 1.154733259000182 ], [ 31.103666469000018, 1.154704049999964 ], [ 31.104094320000172, 1.15471031900006 ], [ 31.104492483000172, 1.154680684000027 ], [ 31.104718331000186, 1.154627011000116 ], [ 31.104789917000062, 1.154707220000091 ], [ 31.105045092000125, 1.154710959000113 ], [ 31.105443255000125, 1.154681323000148 ], [ 31.105669103000025, 1.154627651000169 ], [ 31.105749542000183, 1.154717779000123 ], [ 31.105892262000054, 1.154877694000163 ], [ 31.106214858000101, 1.15605738000005 ], [ 31.10637962800007, 1.157208119000131 ], [ 31.106432846000018, 1.157368287000054 ], [ 31.106269552000015, 1.159824872 ], [ 31.106170214000144, 1.161937579000153 ], [ 31.106086502000153, 1.16245534899997 ], [ 31.105963128999974, 1.163218417000053 ], [ 31.106166225000095, 1.164027202999989 ], [ 31.106747901000062, 1.165847841000186 ], [ 31.107134744, 1.167132832 ], [ 31.107338789000153, 1.167870386000118 ], [ 31.108073449000187, 1.168133739000154 ], [ 31.108428296000113, 1.168097722000084 ], [ 31.110498331000088, 1.167874736000101 ], [ 31.112257643000135, 1.167792048000024 ], [ 31.112710269000104, 1.167816106000089 ], [ 31.113208423000117, 1.167792692000091 ], [ 31.114751699000124, 1.167874719000054 ], [ 31.115535692000037, 1.167880195000123 ], [ 31.116151811000123, 1.168003235000185 ], [ 31.118291613000054, 1.168789936000167 ], [ 31.119376884000076, 1.169367431000069 ], [ 31.119969040000058, 1.170309314000122 ], [ 31.120051662000151, 1.170440732000145 ], [ 31.119917420000036, 1.171603358000084 ], [ 31.119875377000028, 1.172980347000077 ], [ 31.119555173000151, 1.173832971000081 ], [ 31.119090535000112, 1.174827071999971 ], [ 31.118047878000084, 1.177301260999968 ], [ 31.117527523000092, 1.178912361000073 ], [ 31.117081904000088, 1.180262785000082 ], [ 31.117006760000095, 1.181010179000111 ], [ 31.118099691000168, 1.182487356000024 ], [ 31.118099707000169, 1.182487377000086 ], [ 31.119843742000171, 1.183919715000116 ], [ 31.120723355, 1.184265758000095 ], [ 31.121880217000182, 1.184820014000081 ], [ 31.121943073000011, 1.184849955000175 ], [ 31.12329684700012, 1.185494821000077 ], [ 31.124501545000157, 1.186025666000035 ], [ 31.125682483000162, 1.186556346000032 ], [ 31.126603042000056, 1.187013968000088 ], [ 31.127241342000104, 1.187255901000128 ], [ 31.128800885000089, 1.188798448000114 ], [ 31.129569743000104, 1.189943650000032 ], [ 31.130503969000131, 1.191161256000044 ], [ 31.131228781000061, 1.192044941000063 ], [ 31.131735437000088, 1.19212861800014 ], [ 31.132725668000035, 1.192013928000051 ], [ 31.132745290000059, 1.1920109510001 ], [ 31.133773225000084, 1.191855030000056 ], [ 31.135084003000031, 1.191555491000088 ], [ 31.135772225000096, 1.191616145000125 ], [ 31.136034804000076, 1.191556140000046 ], [ 31.136912904999974, 1.191633528000011 ], [ 31.137495191000028, 1.191640680000091 ], [ 31.139157866, 1.191661098 ], [ 31.140423167000165, 1.191669948000026 ], [ 31.14165385400014, 1.191542072000118 ], [ 31.141901077000057, 1.191552797000043 ], [ 31.142329078000046, 1.191571354000018 ], [ 31.142604659000028, 1.191542719000097 ], [ 31.142851882000116, 1.191553443999965 ], [ 31.143279102000122, 1.191571967000186 ], [ 31.145576440000127, 1.191379530000177 ], [ 31.147873663000041, 1.19105126400018 ], [ 31.149374203000036, 1.190776790000029 ], [ 31.150728729000036, 1.190762512000106 ], [ 31.150986793000072, 1.190770458000031 ], [ 31.15167953800011, 1.19076315500007 ], [ 31.152016210000056, 1.190773522000086 ], [ 31.152791712000123, 1.190797402000157 ], [ 31.153201462000084, 1.190637308000021 ], [ 31.154895857000042, 1.190079228000059 ], [ 31.157605485000033, 1.189112673000068 ], [ 31.158921608000128, 1.188786113000049 ], [ 31.161189933000173, 1.188635900000179 ], [ 31.162578438000025, 1.188196647000154 ], [ 31.165070732000174, 1.186514125000031 ], [ 31.167049412000097, 1.185080056000118 ], [ 31.169199417000129, 1.183378155000071 ], [ 31.17093056200008, 1.182422376000147 ], [ 31.172813717, 1.181658082000126 ], [ 31.174601675000133, 1.181065969000088 ], [ 31.176902786000028, 1.180933522000032 ], [ 31.180116630000043, 1.180916508000053 ], [ 31.182398693000096, 1.180841460000067 ], [ 31.182482347000132, 1.180870605999985 ], [ 31.183349516000192, 1.180842088000134 ], [ 31.184395205000101, 1.181206414000087 ], [ 31.18698078400007, 1.182299028000045 ], [ 31.190687445000094, 1.184808655000154 ], [ 31.191667265000149, 1.185485470000117 ], [ 31.191749394000112, 1.18546894900004 ], [ 31.191847308000035, 1.185545690000083 ], [ 31.192110626000158, 1.185752069000046 ], [ 31.192601811000031, 1.186137041999984 ], [ 31.193285770000045, 1.186521767000102 ], [ 31.194370165000123, 1.187170503000175 ], [ 31.195466786, 1.187777875000165 ], [ 31.196280754000043, 1.188228697000113 ], [ 31.197366729000123, 1.188758705000112 ], [ 31.198357980000139, 1.18926430700003 ], [ 31.199490835000177, 1.189842145000057 ], [ 31.200951281000016, 1.190802216000179 ], [ 31.201939701000128, 1.191521525000098 ], [ 31.203304795000065, 1.192504683000095 ], [ 31.204148459000066, 1.193389215000082 ], [ 31.205110920000038, 1.194274583000151 ], [ 31.206575848999989, 1.195792754000081 ], [ 31.206726860000174, 1.195973795000043 ], [ 31.207651752000118, 1.197082616000046 ], [ 31.208350660000065, 1.198132372000032 ], [ 31.208859497000105, 1.199180807 ], [ 31.209650915000054, 1.20042119500016 ], [ 31.210424949000185, 1.202077034000126 ], [ 31.211093795000068, 1.203601539000033 ], [ 31.211877346000165, 1.205435557000101 ], [ 31.212239536000084, 1.206791689000056 ], [ 31.212655545000132, 1.207673251000131 ], [ 31.21330825300015, 1.209518234000143 ], [ 31.213999921000038, 1.21111414100011 ], [ 31.21413867800004, 1.211465490000137 ], [ 31.21413869100013, 1.211465519000058 ], [ 31.21462061800014, 1.2126858150001 ], [ 31.214937848000091, 1.213339456000085 ], [ 31.215407002000177, 1.214306132000161 ], [ 31.216587769000057, 1.215751098000169 ], [ 31.217714031000185, 1.21682759600003 ], [ 31.218257028000096, 1.217092607000041 ], [ 31.219417451000083, 1.217385680000064 ], [ 31.220506274, 1.217701994000095 ], [ 31.22151939600019, 1.217826992000141 ], [ 31.221533977000036, 1.218010516000049 ], [ 31.221567180000079, 1.218428432000167 ], [ 31.221596800000043, 1.218801257 ], [ 31.22155513600012, 1.221045113000059 ], [ 31.221671420000177, 1.221235909000029 ], [ 31.221728510000105, 1.222304945000189 ], [ 31.22199156500011, 1.22396911900006 ], [ 31.222677550000071, 1.225992455000096 ], [ 31.22278978200012, 1.227382470000123 ], [ 31.222878516000037, 1.227858039000125 ], [ 31.222892190000096, 1.228618060000031 ], [ 31.222952123000141, 1.229473397 ], [ 31.222585959000071, 1.23020701400003 ], [ 31.22219319400017, 1.231154174000096 ], [ 31.222111829000085, 1.231913528 ], [ 31.222022899000024, 1.233242774000018 ], [ 31.221975752000105, 1.23410923400013 ], [ 31.221736891000148, 1.234202553000159 ], [ 31.221022216000108, 1.234340053000153 ], [ 31.219661629000029, 1.234805493000124 ], [ 31.219350236000139, 1.234993297000187 ], [ 31.218655537000132, 1.235415896000063 ], [ 31.216905019000023, 1.236614790000147 ], [ 31.215439301000117, 1.237839414000064 ], [ 31.214113608000105, 1.239255003000039 ], [ 31.213226990000123, 1.240709273000107 ], [ 31.212865869000154, 1.241062959000033 ], [ 31.212453129000096, 1.241725003000113 ], [ 31.211824342000057, 1.242551762000062 ], [ 31.210596530000032, 1.243754294000041 ], [ 31.210382667000033, 1.244008239000038 ], [ 31.209769357000084, 1.244736497000076 ], [ 31.209514506000062, 1.244747405000055 ], [ 31.209120619000089, 1.244731276000095 ], [ 31.2086951980001, 1.24474684300003 ], [ 31.208332737000092, 1.244857603000128 ], [ 31.207970286000034, 1.244952505000185 ], [ 31.20757634600011, 1.245015667000075 ], [ 31.207308442000112, 1.245094775000041 ], [ 31.207040527000061, 1.245189741000104 ], [ 31.206615031000069, 1.245316316000185 ], [ 31.206142279000176, 1.245427 ], [ 31.205842820000044, 1.245569517999968 ], [ 31.205543447000025, 1.24558517100013 ], [ 31.205102196000041, 1.245711734 ], [ 31.204180450000138, 1.245750746000056 ], [ 31.203846521000116, 1.245723981000083 ], [ 31.20322959300006, 1.24575009199998 ], [ 31.20263090200018, 1.245702105000021 ], [ 31.202111067000089, 1.245543165000186 ], [ 31.201496728000109, 1.245336585000132 ], [ 31.201071406000096, 1.245209425000098 ], [ 31.200346648, 1.245193068999981 ], [ 31.199874101999967, 1.245002444000136 ], [ 31.199842745000126, 1.244998477000081 ], [ 31.199737793000168, 1.245018209000079 ], [ 31.199099697000122, 1.24499398100005 ], [ 31.199029022000047, 1.244972040000107 ], [ 31.198786939000172, 1.245017553000025 ], [ 31.198148843000126, 1.244993325000166 ], [ 31.197753843000157, 1.244870700000092 ], [ 31.197461113000088, 1.244961134999983 ], [ 31.196921401, 1.244833756000048 ], [ 31.196919997000066, 1.244833896000046 ], [ 31.196510260000025, 1.244960479000099 ], [ 31.195297257000107, 1.24467419400014 ], [ 31.187404551000043, 1.243304933000104 ], [ 31.180937083000174, 1.242943639000032 ], [ 31.180579891999969, 1.242925852000099 ], [ 31.180501440000057, 1.24292747800007 ], [ 31.180116288000193, 1.242915095000171 ], [ 31.179550597000173, 1.242926815999965 ], [ 31.179255287000103, 1.242917322000096 ], [ 31.179209465000042, 1.242942437000124 ], [ 31.179020353000169, 1.243005738000136 ], [ 31.178673740000193, 1.24298963800004 ], [ 31.178418450000038, 1.242854175000105 ], [ 31.178258622000158, 1.24294177600018 ], [ 31.178069511000047, 1.243005076000088 ], [ 31.177722898000013, 1.242988976000163 ], [ 31.177423650000151, 1.242830187999971 ], [ 31.177163413000187, 1.242738309000117 ], [ 31.177051063000135, 1.242766497000162 ], [ 31.176877718000071, 1.242813950000084 ], [ 31.176562649000061, 1.242750298000146 ], [ 31.176409994000096, 1.242696402000092 ], [ 31.176352355000063, 1.242702576999989 ], [ 31.176100221000183, 1.242765834000181 ], [ 31.175926877000052, 1.242813287000104 ], [ 31.175611808000156, 1.242749636000099 ], [ 31.175396783000053, 1.242673720000028 ], [ 31.175365277000083, 1.242670174000068 ], [ 31.175315113000011, 1.242644885 ], [ 31.175296772000024, 1.242638410000097 ], [ 31.17496595800003, 1.242558889000179 ], [ 31.174730122000028, 1.242622011000094 ], [ 31.174260202000085, 1.243930250000062 ], [ 31.173846820000165, 1.244639766000148 ], [ 31.173583074000192, 1.245031645000154 ], [ 31.173337781000043, 1.245396105000111 ], [ 31.172882567000045, 1.245677875000126 ], [ 31.172870701000136, 1.245696373000101 ], [ 31.172639925, 1.246056122000084 ], [ 31.172324429000014, 1.246552600000143 ], [ 31.172200264000139, 1.246955422000099 ], [ 31.172177196000177, 1.246985466000069 ], [ 31.172165943000039, 1.247094221999987 ], [ 31.17216589700007, 1.247164620000149 ], [ 31.172168874000022, 1.247230329000161 ], [ 31.172171490000096, 1.247230332000072 ], [ 31.171542877000036, 1.249421924000046 ], [ 31.171234299000048, 1.251097565000066 ], [ 31.17042638200013, 1.252827543000024 ], [ 31.169563867000079, 1.2541382 ], [ 31.168758355000193, 1.25472250200005 ], [ 31.167231931, 1.255220743000166 ], [ 31.166121162000024, 1.255887922 ], [ 31.165106495000032, 1.257016476000103 ], [ 31.163744658000041, 1.258381450000115 ], [ 31.16241125300013, 1.259411204 ], [ 31.161910515999978, 1.260136167000041 ], [ 31.160910621000141, 1.260831632000134 ], [ 31.160299534000103, 1.261276817000123 ], [ 31.159188179000068, 1.262223425000116 ], [ 31.158520507000105, 1.263199358000122 ], [ 31.158186345000161, 1.263841006000064 ], [ 31.158281671000054, 1.264665618000095 ], [ 31.15855571600008, 1.26623128500006 ], [ 31.158443361000081, 1.26690157400003 ], [ 31.157858238000074, 1.268185133000088 ], [ 31.157686150000075, 1.268855237000082 ], [ 31.157578597000111, 1.269274041000131 ], [ 31.157519717000071, 1.270894554000165 ], [ 31.157835735999981, 1.272278717 ], [ 31.158387644000186, 1.273593762000019 ], [ 31.158407029000102, 1.273623213000064 ], [ 31.159272293000129, 1.274937797000121 ], [ 31.160046133000037, 1.276225594000039 ], [ 31.160101108000049, 1.276878717000159 ], [ 31.160154355000088, 1.27751130900009 ], [ 31.159776837000095, 1.278977144000123 ], [ 31.159469461000072, 1.280065967000041 ], [ 31.159100350000188, 1.280948712 ], [ 31.158967700000062, 1.281265949000044 ], [ 31.158938610000121, 1.281908556000189 ], [ 31.158852037000145, 1.283501040000147 ], [ 31.159044160000178, 1.284451700000147 ], [ 31.15948518600004, 1.285738463000087 ], [ 31.160023782000053, 1.286788018000152 ], [ 31.160188647999973, 1.287515049000035 ], [ 31.161127880000095, 1.289278407999973 ], [ 31.161319177, 1.29062027100008 ], [ 31.161012199000027, 1.291513491999979 ], [ 31.160871395000072, 1.292519006000077 ], [ 31.160758802000089, 1.293301059000044 ], [ 31.160709858000132, 1.293388129000107 ], [ 31.160076727000046, 1.294514444000129 ], [ 31.159380522000106, 1.295853536000095 ], [ 31.159240246000024, 1.296607557000016 ], [ 31.15879281600013, 1.298338632000025 ], [ 31.158236048999981, 1.299314892000154 ], [ 31.158040722000067, 1.299873141000035 ], [ 31.157955502000164, 1.300822941000149 ], [ 31.157869682000126, 1.302052159000027 ], [ 31.157863112000143, 1.302345658999968 ], [ 31.157688903, 1.302289109000128 ], [ 31.156915344000083, 1.302207141000054 ], [ 31.15691225900008, 1.302344958000049 ], [ 31.156738050000115, 1.302288408000152 ], [ 31.155379364000169, 1.302144437000038 ], [ 31.15443669400014, 1.302001763000135 ], [ 31.15291291300008, 1.301242516000116 ], [ 31.151804378000122, 1.300847831000056 ], [ 31.151084605000165, 1.300230832000068 ], [ 31.150308938000023, 1.299809253000092 ], [ 31.148811767000041, 1.299581009000065 ], [ 31.147592417000055, 1.299130091000052 ], [ 31.146622852000064, 1.298596133999979 ], [ 31.146182672, 1.298531376000142 ], [ 31.145555420000164, 1.298439098000131 ], [ 31.144474858000137, 1.297932735000074 ], [ 31.143976717000044, 1.297428202000162 ], [ 31.14395703800011, 1.297376872000029 ], [ 31.143397524000136, 1.295917465000116 ], [ 31.143231772000149, 1.295609573000092 ], [ 31.14182127000015, 1.293760926000118 ], [ 31.141045904000123, 1.293199632000039 ], [ 31.13963295800005, 1.292496631000063 ], [ 31.137920927999971, 1.291888444000108 ], [ 31.13703510900018, 1.291899396000133 ], [ 31.135897422000085, 1.292175247000102 ], [ 31.134939388000021, 1.292745063000041 ], [ 31.133800033000171, 1.29380331200008 ], [ 31.133244640000157, 1.294136880000167 ], [ 31.132578791000014, 1.294246556000189 ], [ 31.132135168, 1.294189270000061 ], [ 31.132088568000086, 1.294169979000173 ], [ 31.131627955000056, 1.294245849000049 ], [ 31.131184332000032, 1.294188564000024 ], [ 31.130436167000028, 1.293878852000148 ], [ 31.127971090000074, 1.292362195000123 ], [ 31.124214489000053, 1.289762087000099 ], [ 31.12369252100018, 1.289400809000085 ], [ 31.12037009400018, 1.286763768000128 ], [ 31.117850460000057, 1.284827823000057 ], [ 31.115192278000052, 1.282835555000077 ], [ 31.114260265000098, 1.281854579000083 ], [ 31.112869484000043, 1.283328937000022 ], [ 31.112591434000137, 1.283663373000024 ], [ 31.112561969000126, 1.28447360399997 ], [ 31.112670752000156, 1.285479875000021 ], [ 31.113096589000122, 1.287367323000069 ], [ 31.113178474000051, 1.287982309000142 ], [ 31.112787159999982, 1.289406140000096 ], [ 31.112313302000075, 1.29052233900012 ], [ 31.112173018000192, 1.291276346000075 ], [ 31.112132425000084, 1.29137595900005 ], [ 31.111308729000143, 1.293397238000068 ], [ 31.111112739000077, 1.294262833 ], [ 31.111152397000183, 1.295171079 ], [ 31.111178153000026, 1.296093259000145 ], [ 31.111065307000104, 1.296987057000024 ], [ 31.110978751, 1.298551559000146 ], [ 31.111134390000188, 1.299025562000168 ], [ 31.111226730000055, 1.299306785000113 ], [ 31.111531076000176, 1.299643046000085 ], [ 31.112168587000042, 1.29981271500003 ], [ 31.112916437000138, 1.300262146000023 ], [ 31.113469615000042, 1.300962454000057 ], [ 31.113756348999971, 1.303045063000127 ], [ 31.113920050000104, 1.304302983000127 ], [ 31.114057999000067, 1.304638731000182 ], [ 31.115385797000158, 1.306235631000163 ], [ 31.11574501400014, 1.306851505000111 ], [ 31.115742317000183, 1.308108904000164 ], [ 31.115741291000063, 1.308583920000046 ], [ 31.116073077000181, 1.30905998500009 ], [ 31.116876337, 1.309537546000058 ], [ 31.117664791999971, 1.310448158999975 ], [ 31.118412164000176, 1.311121145000072 ], [ 31.118522021000103, 1.311624450000068 ], [ 31.118410369000117, 1.311959409000167 ], [ 31.117573307000157, 1.314303925000161 ], [ 31.116480520000039, 1.317369976000123 ], [ 31.115857291000111, 1.319118568000022 ], [ 31.115270059000181, 1.321352098999967 ], [ 31.11420828100006, 1.325009195000064 ], [ 31.113703336000128, 1.327662114000077 ], [ 31.112990773000035, 1.330132750000075 ], [ 31.112907636000045, 1.330104547000133 ], [ 31.111207457000148, 1.333983139000054 ], [ 31.109535129000108, 1.337805919000175 ], [ 31.108182304000024, 1.341364260000148 ], [ 31.106734789000086, 1.345706264000057 ], [ 31.105713067000067, 1.348771020000129 ], [ 31.105655885000147, 1.348942541000042 ], [ 31.103186116000188, 1.355962134000038 ], [ 31.102878482000108, 1.35713472499998 ], [ 31.102515348999987, 1.358129697000095 ], [ 31.102236753000057, 1.358893036999973 ], [ 31.100465473000042, 1.36353974900004 ], [ 31.099768150000159, 1.365353752000146 ], [ 31.099293181, 1.366944939000064 ], [ 31.098714993000158, 1.371343975000059 ], [ 31.09840606299997, 1.373103330999982 ], [ 31.097630461000108, 1.378982666000184 ], [ 31.097461048000071, 1.380351277000159 ], [ 31.097098477000145, 1.38127221100018 ], [ 31.096123412000054, 1.383252969000068 ], [ 31.094382360000054, 1.386726163000048 ], [ 31.092627709000112, 1.39007356999997 ], [ 31.091192526999976, 1.393184487000099 ], [ 31.090578664000077, 1.394859025000073 ], [ 31.090243513000189, 1.395919742 ], [ 31.089567875000057, 1.400444162000099 ], [ 31.088690071000087, 1.399954198000046 ], [ 31.088455963000058, 1.399823526000091 ], [ 31.088078086000166, 1.399612604000026 ], [ 31.085953224000036, 1.398582942000075 ], [ 31.083779812000159, 1.397650535000139 ], [ 31.081532965000122, 1.397131881 ], [ 31.079478636000033, 1.39700349400016 ], [ 31.077012419000027, 1.397312134000117 ], [ 31.075416335000114, 1.397647915000107 ], [ 31.074835562000089, 1.397938274000069 ], [ 31.074086188000081, 1.397960210000065 ], [ 31.073662729000148, 1.398165839000114 ], [ 31.07350548, 1.39822622700018 ], [ 31.073324811000077, 1.397945580000112 ], [ 31.072939246000089, 1.397408572000074 ], [ 31.072625779000134, 1.39706663000004 ], [ 31.072239676000095, 1.396773147000033 ], [ 31.071853422000117, 1.396552728000131 ], [ 31.071152708000056, 1.396428705000119 ], [ 31.070476446000043, 1.396183000000121 ], [ 31.069752491000088, 1.39564490600003 ], [ 31.069366285000115, 1.395400135000102 ], [ 31.068715971000131, 1.394350877000136 ], [ 31.068329765000158, 1.394106107000141 ], [ 31.067918747000078, 1.394153480000057 ], [ 31.067265738000117, 1.39432184400016 ], [ 31.066467909000096, 1.394392321 ], [ 31.065694533000055, 1.394341125000039 ], [ 31.064897520000102, 1.394046321000189 ], [ 31.064003551000155, 1.393872962000103 ], [ 31.062685908999981, 1.394002644000182 ], [ 31.062056917000177, 1.394244146000119 ], [ 31.061379191000071, 1.39465594700016 ], [ 31.060581157000115, 1.394823836000114 ], [ 31.059372638000013, 1.394795573000181 ], [ 31.057752725000057, 1.394985157000065 ], [ 31.05639847100008, 1.395273014000168 ], [ 31.054319143000157, 1.395534164000082 ], [ 31.052880868000102, 1.395566037000151 ], [ 31.05220434000006, 1.395442086000116 ], [ 31.05123846400005, 1.395000622000168 ], [ 31.050297515000125, 1.394218307000187 ], [ 31.049549511000066, 1.393631436000021 ], [ 31.04882664400003, 1.392606301000058 ], [ 31.047406235000153, 1.39004472400012 ], [ 31.046384237000154, 1.387667069000088 ], [ 31.045878642000162, 1.386764403000029 ], [ 31.045613462000063, 1.38644696700004 ], [ 31.045130318000076, 1.386323651000168 ], [ 31.044114481000122, 1.386612594000155 ], [ 31.043316240000081, 1.386877884000057 ], [ 31.042227673000127, 1.387263993000147 ], [ 31.040920641000184, 1.388063388000091 ], [ 31.039855491000139, 1.388790505000145 ], [ 31.038984186999983, 1.389299086000051 ], [ 31.038547811000115, 1.389882119000049 ], [ 31.038231846000031, 1.390660368000056 ], [ 31.037843701000156, 1.391292264000128 ], [ 31.037238285000171, 1.391801694000151 ], [ 31.036487950000151, 1.392261958000063 ], [ 31.035931202000086, 1.392625432000102 ], [ 31.035011780000048, 1.393036441999982 ], [ 31.032823130000168, 1.39355291600009 ], [ 31.031879865000178, 1.393817723000097 ], [ 31.030888961000073, 1.393765806000147 ], [ 31.030188657000053, 1.393471319000184 ], [ 31.029392151000025, 1.392957341000113 ], [ 31.028741002000061, 1.392297721999967 ], [ 31.028066344000024, 1.391345808000096 ], [ 31.02765625100011, 1.390979197000036 ], [ 31.026690118000033, 1.390659496000183 ], [ 31.025749249000057, 1.389852825000105 ], [ 31.024869165000098, 1.388888074000135 ], [ 31.024313774000063, 1.38864275300017 ], [ 31.023661323000169, 1.388567586000079 ], [ 31.02358897400012, 1.388494287000128 ], [ 31.023612227000172, 1.388908346000051 ], [ 31.023465678000036, 1.389589724000132 ], [ 31.023124286000041, 1.390927966000163 ], [ 31.022856833000048, 1.391633304999971 ], [ 31.022673075000114, 1.392740718000027 ], [ 31.022574868000049, 1.393422256000122 ], [ 31.022307511000065, 1.39407888300002 ], [ 31.022330542000077, 1.394590355000048 ], [ 31.022353402000192, 1.39517486900013 ], [ 31.02218311300004, 1.39566135400014 ], [ 31.021915878000073, 1.39626927900008 ], [ 31.021794258000114, 1.396609810000086 ], [ 31.021721584000147, 1.396682634000058 ], [ 31.021480092000047, 1.396584442000119 ], [ 31.021359781000172, 1.396340536000025 ], [ 31.021142409000106, 1.396266770000125 ], [ 31.020648726000047, 1.396311785000023 ], [ 31.020368777000044, 1.396337314000107 ], [ 31.019692971000097, 1.395896786000037 ], [ 31.019596349000096, 1.395872122000128 ], [ 31.019063493000033, 1.396357427000055 ], [ 31.018265475000078, 1.396525297000096 ], [ 31.017588476000128, 1.396620504000055 ], [ 31.016572044000043, 1.397177291000048 ], [ 31.015822036000145, 1.397491425000112 ], [ 31.01482895900017, 1.398413566000102 ], [ 31.013992800000153, 1.399421437000115 ], [ 31.013700896000159, 1.400248447000138 ], [ 31.013455432000114, 1.400707333000071 ], [ 31.013336798000068, 1.400929114000064 ], [ 31.012706668000135, 1.401681967000115 ], [ 31.012343497000188, 1.401948652000044 ], [ 31.012222259000112, 1.402118717000178 ], [ 31.01217348299997, 1.40231337 ], [ 31.012414591000038, 1.40258202800004 ], [ 31.012510780000127, 1.402801507000163 ], [ 31.012195465000048, 1.403287511000087 ], [ 31.012000785000112, 1.403871317000039 ], [ 31.012023475000035, 1.40452889 ], [ 31.011683062000031, 1.405428797000127 ], [ 31.011368455000024, 1.405598232000045 ], [ 31.010450186000128, 1.405497837000155 ], [ 31.010014455000032, 1.405788633000043 ], [ 31.009530102000042, 1.40620103100008 ], [ 31.009070914000063, 1.406175183000073 ], [ 31.008237217000101, 1.406087239000101 ], [ 31.007655139000065, 1.406962001000181 ], [ 31.006807298000183, 1.407787193000047 ], [ 31.006444462000161, 1.40790776200015 ], [ 31.005139135000093, 1.40795220900003 ], [ 31.004413513000088, 1.408169006000094 ], [ 31.003783542000122, 1.408848798000065 ], [ 31.003201298000079, 1.409796607000033 ], [ 31.003055400000051, 1.410185757000079 ], [ 31.002812477000134, 1.410720695000123 ], [ 31.002400865000027, 1.411035923999975 ], [ 31.002286343000094, 1.411201155000072 ], [ 31.001625335000142, 1.411530326000047 ], [ 31.001580286000035, 1.411552761000053 ], [ 31.001359207000121, 1.411857395000027 ], [ 31.001062888000035, 1.41232923300015 ], [ 31.000759998000035, 1.413082450000047 ], [ 31.000604266000096, 1.413641970000128 ], [ 31.000360083000089, 1.413917919000141 ], [ 31.000144924000153, 1.413969303000158 ], [ 30.999933059000114, 1.413879985000051 ], [ 30.999753504000068, 1.413425417999974 ], [ 30.999519855000187, 1.413251141000046 ], [ 30.999256513000091, 1.413329575000148 ], [ 30.999014966000061, 1.4134929760001 ], [ 30.998965464000037, 1.413576299000113 ], [ 30.999048662000178, 1.414084974000048 ], [ 30.999137839000184, 1.415353937000134 ], [ 30.999118089000149, 1.416198106000081 ], [ 30.999083467000162, 1.416661846000068 ], [ 30.998911220000025, 1.416911294000101 ], [ 30.9987343680001, 1.417357708999987 ], [ 30.998582587000101, 1.41774838800012 ], [ 30.998459841000056, 1.417914495000048 ], [ 30.998341796000147, 1.417951442 ], [ 30.998292197000069, 1.417966966000051 ], [ 30.998008396000102, 1.417904166000028 ], [ 30.997775397000112, 1.417701752000141 ], [ 30.997568136999973, 1.41741546600008 ], [ 30.997356932, 1.417298020000146 ], [ 30.997124592000148, 1.417067469000131 ], [ 30.997013030000176, 1.416755223000052 ], [ 30.996708763000129, 1.416551181000045 ], [ 30.996257319000051, 1.416540844 ], [ 30.995802581000135, 1.416671199000064 ], [ 30.99529241900018, 1.41713813500013 ], [ 30.994884545000161, 1.417297723000047 ], [ 30.994336745000169, 1.417341492 ], [ 30.993975737000142, 1.417530306000174 ], [ 30.993564568000124, 1.417830576000142 ], [ 30.993460312000025, 1.418222343000139 ], [ 30.993400283000142, 1.41875589000017 ], [ 30.993484127000102, 1.419236426000111 ], [ 30.993499331000123, 1.41960277000004 ], [ 30.993633985000088, 1.419943702000182 ], [ 30.993815513000186, 1.4203138580001 ], [ 30.993925756000181, 1.420682378000038 ], [ 30.994037967000111, 1.42096648800009 ], [ 30.994052511000064, 1.421360968000045 ], [ 30.994020848000048, 1.421698098000036 ], [ 30.994135045000178, 1.421897789000127 ], [ 30.994368034000161, 1.422100194000109 ], [ 30.994362771000169, 1.422325306000062 ], [ 30.994335713000055, 1.422465460000126 ], [ 30.993805749999979, 1.422763015000157 ], [ 30.993208446000153, 1.422890104000089 ], [ 30.992539207000107, 1.423043702000029 ], [ 30.992272578000154, 1.423262826000041 ], [ 30.991856802000029, 1.423760070000128 ], [ 30.991375673000107, 1.424002439 ], [ 30.991156234000186, 1.424236723000035 ], [ 30.99112523000008, 1.424545705000014 ], [ 30.991116669000178, 1.424911500000178 ], [ 30.990994572000091, 1.425049478000062 ], [ 30.990705498000182, 1.425211778000175 ], [ 30.990350412000112, 1.425147339999967 ], [ 30.990140517000043, 1.424973610000166 ], [ 30.989997954000046, 1.424970346000066 ], [ 30.989926677000142, 1.424968709000041 ], [ 30.989780167000106, 1.425134284000137 ], [ 30.98979799600005, 1.4253880710001 ], [ 30.990002617000187, 1.425786913000024 ], [ 30.990139916000089, 1.426015288000031 ], [ 30.990136619000111, 1.426155980000146 ], [ 30.990038944000105, 1.426266351000095 ], [ 30.989918164000017, 1.426348054000016 ], [ 30.989114271000062, 1.426160719000052 ], [ 30.988313667000057, 1.42583269 ], [ 30.987627918000101, 1.425676215000124 ], [ 30.987251048000189, 1.425526818000094 ], [ 30.986252456000159, 1.425532104000183 ], [ 30.98575348900016, 1.425520673000051 ], [ 30.985324490000096, 1.425567152999974 ], [ 30.984747664000167, 1.42583547900017 ], [ 30.983976802000143, 1.426268279999988 ], [ 30.983962708000035, 1.426321244000121 ], [ 30.983924673, 1.426464166000017 ], [ 30.983939863000046, 1.426830507999966 ], [ 30.984253455000044, 1.428667678000124 ], [ 30.984305638000023, 1.429485322000062 ], [ 30.984140349000086, 1.430452836000029 ], [ 30.9839615140001, 1.430983663000177 ], [ 30.983591272000069, 1.431566408000151 ], [ 30.983543798000028, 1.432578848000048 ], [ 30.983535894000056, 1.432916514000112 ], [ 30.983834891000015, 1.4333456600001 ], [ 30.984068872000137, 1.433505867000122 ], [ 30.984136861000138, 1.433648196000092 ], [ 30.984127638000189, 1.434042135000084 ], [ 30.984000273000049, 1.434405212 ], [ 30.984082142000148, 1.43497015600002 ], [ 30.984123071000056, 1.435252638000122 ], [ 30.984114507000072, 1.435618431000137 ], [ 30.984069009000052, 1.436546460999978 ], [ 30.98399146200012, 1.436812144000044 ], [ 30.983547971000121, 1.437477670000021 ], [ 30.983157261000088, 1.437919173000068 ], [ 30.983126913000092, 1.438200017000042 ], [ 30.983164552000062, 1.438623181000025 ], [ 30.983315718000142, 1.43927418200002 ], [ 30.983199591000073, 1.440172438000047 ], [ 30.983078196000065, 1.44129579500003 ], [ 30.983171961000096, 1.44236778200019 ], [ 30.982998422000037, 1.443687024000099 ], [ 30.982892838000168, 1.444135058000029 ], [ 30.982802783000068, 1.444935380000175 ], [ 30.982544748000123, 1.445802222000111 ], [ 30.982200240000054, 1.446301095000081 ], [ 30.981927018000192, 1.446801595000125 ], [ 30.981824062000044, 1.447137082999973 ], [ 30.981719135000105, 1.447556980000172 ], [ 30.981776578000165, 1.448149521000062 ], [ 30.982020809000062, 1.448887109 ], [ 30.982519809000109, 1.4499120750001 ], [ 30.982583837999982, 1.450223232000155 ], [ 30.982835318000184, 1.45065130200004 ], [ 30.983323742000096, 1.451112952000074 ], [ 30.983428048000064, 1.451734719000058 ], [ 30.983780525000157, 1.452925257000174 ], [ 30.984004952000191, 1.453493469000136 ], [ 30.984516470000017, 1.453983806999986 ], [ 30.984649147000084, 1.454409149000014 ], [ 30.984896017999972, 1.455034193000074 ], [ 30.985049817, 1.455572631 ], [ 30.985348152000086, 1.456029936000107 ], [ 30.985594362000029, 1.456683108000163 ], [ 30.985798977000172, 1.457081953 ], [ 30.985960052000109, 1.458324400000038 ], [ 30.985949178000112, 1.458788685 ], [ 30.985917507000067, 1.459125803 ], [ 30.985818507000033, 1.459292462000064 ], [ 30.985233756000071, 1.459898432999978 ], [ 30.985110343000031, 1.460092680000173 ], [ 30.985106384000176, 1.460261508000087 ], [ 30.985287235000101, 1.460659814 ], [ 30.985471385999972, 1.460917417000132 ], [ 30.985445654000159, 1.461001287000101 ], [ 30.985220601000094, 1.461474739000039 ], [ 30.985236453000027, 1.461812945000133 ], [ 30.985390243000097, 1.46235139300012 ], [ 30.985335477000035, 1.462659824000127 ], [ 30.985183682000184, 1.463050495 ], [ 30.984864248, 1.463493632 ], [ 30.984786371000098, 1.463773377000166 ], [ 30.984703222, 1.464278242000091 ], [ 30.984264984, 1.464718650000123 ], [ 30.983851820000098, 1.465103324000154 ], [ 30.983624795000082, 1.465661195000052 ], [ 30.983401720000188, 1.466050226000164 ], [ 30.983321536000119, 1.466428463000113 ], [ 30.983241018, 1.466820772000119 ], [ 30.983046977000015, 1.466985242000078 ], [ 30.982614018, 1.467200547000061 ], [ 30.982562542000039, 1.467368286000124 ], [ 30.982501166000077, 1.467958100000089 ], [ 30.98234541700009, 1.468517607000138 ], [ 30.982381730000156, 1.468997044000105 ], [ 30.982062293000126, 1.469440178000184 ], [ 30.981933598000182, 1.469859533000147 ], [ 30.981946808000032, 1.470310295000104 ], [ 30.982585725000092, 1.471451090000073 ], [ 30.983422645000019, 1.47225858000013 ], [ 30.984266484000159, 1.472770623000144 ], [ 30.984425559000044, 1.4730839610001 ], [ 30.984415006000177, 1.473534173000075 ], [ 30.984246723000183, 1.474628310000071 ], [ 30.98423880900009, 1.47496596700006 ], [ 30.984065889000135, 1.475243541000111 ], [ 30.983776805000048, 1.475405832000092 ], [ 30.983299610000074, 1.475479345000053 ], [ 30.983198637000157, 1.475730413000065 ], [ 30.983189403000097, 1.476124350000077 ], [ 30.983325368000067, 1.476409003000072 ], [ 30.983557042000029, 1.476667698000085 ], [ 30.984269863000122, 1.476684053000099 ], [ 30.984741776000192, 1.476835642000083 ], [ 30.985043410000117, 1.477152250000188 ], [ 30.985320620000152, 1.477496454000061 ], [ 30.98547573500008, 1.477978621000091 ], [ 30.985447360000137, 1.478175046000104 ], [ 30.985748007000041, 1.478533863 ], [ 30.986582948000148, 1.479425775000095 ], [ 30.986813294000171, 1.479740753000044 ], [ 30.987048270000059, 1.479858758000148 ], [ 30.987357157000133, 1.479865837000091 ], [ 30.988510206000058, 1.479357367000148 ], [ 30.988770917000068, 1.479391492 ], [ 30.989360316000045, 1.47960209200005 ], [ 30.989874475000079, 1.479979882 ], [ 30.990430888, 1.480583873000171 ], [ 30.990659923000067, 1.48095512500015 ], [ 30.990799850000144, 1.481070940000052 ], [ 30.991108737000047, 1.481078028000127 ], [ 30.991395192000027, 1.481028293000179 ], [ 30.991579342000193, 1.481285900000103 ], [ 30.992135747000134, 1.481889891000037 ], [ 30.992203734000157, 1.482032214000185 ], [ 30.992137091000075, 1.482847152000147 ], [ 30.992246001000183, 1.483271949000027 ], [ 30.992381306000084, 1.483584749000158 ], [ 30.992420258000095, 1.483951642000022 ], [ 30.992504085000064, 1.48443217199997 ], [ 30.99251795400005, 1.484854799000061 ], [ 30.992537764000076, 1.485024178000117 ], [ 30.992653267000151, 1.485167599000022 ], [ 30.992665816000169, 1.485646500000087 ], [ 30.992391917000191, 1.486175134000121 ], [ 30.992293239000162, 1.486327719999963 ], [ 30.992216026000108, 1.486579329000108 ], [ 30.992224613000189, 1.487227068000152 ], [ 30.992119015000128, 1.487675102000082 ], [ 30.991897915000152, 1.48797972400007 ], [ 30.991844454999978, 1.48823188200015 ], [ 30.991863596000087, 1.488429397000061 ], [ 30.991565933000061, 1.488957491000065 ], [ 30.991484098000114, 1.489406074000158 ], [ 30.991394339000067, 1.490192315000058 ], [ 30.991363982000109, 1.490473160000136 ], [ 30.991360029000077, 1.49064198800005 ], [ 30.991616119000128, 1.490873099000112 ], [ 30.991704566000067, 1.491156664000016 ], [ 30.99179235400004, 1.491468365000173 ], [ 30.991880802000082, 1.491751930000078 ], [ 30.991918431000101, 1.49217510699998 ], [ 30.992165285000056, 1.492800149 ], [ 30.992200933000163, 1.49330773600002 ], [ 30.992338878000112, 1.493507971000156 ], [ 30.992523688000176, 1.493737442000054 ], [ 30.992609494000135, 1.494133563000048 ], [ 30.992749095000079, 1.494263462000049 ], [ 30.99310286900004, 1.494384188000083 ], [ 30.99340912700012, 1.494503834000056 ], [ 30.993689639000081, 1.494707349000066 ], [ 30.994020311999975, 1.494799389999969 ], [ 30.994294891000038, 1.495256153000014 ], [ 30.994482343000129, 1.495373070000028 ], [ 30.994718633000105, 1.495434793000072 ], [ 30.994686955000191, 1.495771921000085 ], [ 30.994801797999969, 1.495943471000032 ], [ 30.995032813000023, 1.496230315000162 ], [ 30.995216304000166, 1.49651606000009 ], [ 30.995469101000026, 1.496887856000114 ], [ 30.995500126000024, 1.497592418000124 ], [ 30.995513331000154, 1.49804318300005 ], [ 30.996174031000123, 1.499268955000048 ], [ 30.996162162000132, 1.499775453000041 ], [ 30.996102095000026, 1.500308996000058 ], [ 30.99551006300004, 1.501224490000084 ], [ 30.9955278810001, 1.501478280000129 ], [ 30.995642733000011, 1.501649839000038 ], [ 30.995634481000081, 1.502001571 ], [ 30.995386311000118, 1.502446344000134 ], [ 30.995019335000165, 1.502888377000033 ], [ 30.994364588000053, 1.50343643400015 ], [ 30.993768587000034, 1.503507220000131 ], [ 30.992675573000042, 1.503482134000024 ], [ 30.992342920000112, 1.503474502000131 ], [ 30.991717871000162, 1.50376984900015 ], [ 30.990706708000118, 1.504309721000027 ], [ 30.989594566000108, 1.505100659000107 ], [ 30.988578117000088, 1.505865630000073 ], [ 30.987522731000183, 1.506263715000046 ], [ 30.986856438000189, 1.506290648000061 ], [ 30.985256525000068, 1.50659177700004 ], [ 30.984636101999968, 1.506690146000096 ], [ 30.983756289000098, 1.506698111000105 ], [ 30.983302849000097, 1.506772165000029 ], [ 30.982674499000154, 1.507208198000114 ], [ 30.982256700000107, 1.507789834000107 ], [ 30.981855181000185, 1.508031746000086 ], [ 30.981581493000135, 1.508196639000118 ], [ 30.980314904000011, 1.508477251000045 ], [ 30.979568408999967, 1.508882414000084 ], [ 30.978836769000054, 1.509667990000082 ], [ 30.978267159000154, 1.51064028900015 ], [ 30.977595245000145, 1.511919923000164 ], [ 30.977098895000097, 1.512809443000037 ], [ 30.97651014600018, 1.513584225000045 ], [ 30.975929318000055, 1.514021342000035 ], [ 30.975665310000068, 1.514127892000147 ], [ 30.975168311000061, 1.514032023000141 ], [ 30.974811235, 1.514051973000164 ], [ 30.973753867000084, 1.51453446000005 ], [ 30.97313014000008, 1.514773513000023 ], [ 30.972559880000176, 1.514760420000073 ], [ 30.971708450000051, 1.514571945000057 ], [ 30.971087368000042, 1.514698452000118 ], [ 30.970587066000178, 1.514743272000089 ], [ 30.969948171000169, 1.514615984000045 ], [ 30.96907264500004, 1.514441039000019 ], [ 30.968287218000171, 1.51447930300003 ], [ 30.967791543000089, 1.514327151000032 ], [ 30.966905126000029, 1.514616486000079 ], [ 30.96606953800017, 1.51476621200004 ], [ 30.96552567800012, 1.514641113999971 ], [ 30.964557432000106, 1.514365495 ], [ 30.964131724000026, 1.514271256000086 ], [ 30.963700728000106, 1.514402125 ], [ 30.9633555260001, 1.514929109000093 ], [ 30.96298854500003, 1.515371126000161 ], [ 30.962527845000125, 1.515754696000101 ], [ 30.962137763000158, 1.516168025000127 ], [ 30.961533843000097, 1.516576458000088 ], [ 30.960888993000083, 1.516702419000069 ], [ 30.960126670000136, 1.516769364000027 ], [ 30.959403938000037, 1.517175062000035 ], [ 30.958869975000141, 1.517641397000148 ], [ 30.958142623000185, 1.518244063000111 ], [ 30.957894445000079, 1.518688810000071 ], [ 30.957814579000058, 1.519052963000092 ], [ 30.957974271000126, 1.520351678000168 ], [ 30.957889758000135, 1.521926314000041 ], [ 30.957779851, 1.522557242 ], [ 30.957511876000126, 1.522832611000183 ], [ 30.957035338000139, 1.522877968000103 ], [ 30.956719185, 1.523180391000153 ], [ 30.956518521000135, 1.523626227000079 ], [ 30.955843973000071, 1.524004875000173 ], [ 30.955356871000106, 1.524500442000033 ], [ 30.955003736000094, 1.525365070000021 ], [ 30.954801421000127, 1.525881260000062 ], [ 30.954195515000094, 1.526374091999969 ], [ 30.953272784000035, 1.527197480000098 ], [ 30.953124925000168, 1.527419302000169 ], [ 30.953119643000093, 1.527644407000025 ], [ 30.952948030000186, 1.52786568700003 ], [ 30.952542118000167, 1.527940818000104 ], [ 30.952183061000028, 1.528045187000146 ], [ 30.951850411000066, 1.528037535000067 ], [ 30.95155405200012, 1.528509330000077 ], [ 30.951140863000148, 1.528893974000141 ], [ 30.95073032, 1.529166074000102 ], [ 30.918865387000039, 1.538638781000031 ], [ 30.890451658000188, 1.546937305000085 ] ] ] } },
{ "type": "Feature", "properties": { "Sub_County": "KIKUUBE TOWN COUNCIL", "adm4_pcode": "UG41180105" }, "geometry": { "type": "Polygon", "coordinates": [ [ [ 31.195007128000157, 1.381490359999987 ], [ 31.194547994, 1.381415847000142 ], [ 31.194475319000162, 1.381488675000128 ], [ 31.193287429000065, 1.381100065000112 ], [ 31.192724328000111, 1.380967292000093 ], [ 31.192117795000115, 1.38087805300006 ], [ 31.191858435000142, 1.380571595000106 ], [ 31.191643258, 1.379872325000179 ], [ 31.191253788000154, 1.379609121000044 ], [ 31.190214647000062, 1.379169215000047 ], [ 31.189522854000074, 1.378424771000084 ], [ 31.189263495000034, 1.378118315000165 ], [ 31.188873742, 1.377986101000033 ], [ 31.188440275000119, 1.378028382000082 ], [ 31.18809433500013, 1.377677994000067 ], [ 31.187921741000025, 1.377328157000136 ], [ 31.18692715800006, 1.376320782 ], [ 31.186798279000186, 1.375796441000091 ], [ 31.186886744000105, 1.374967147 ], [ 31.186627658000191, 1.37452971200014 ], [ 31.186064375000171, 1.374484259000042 ], [ 31.185500624000156, 1.374657123000134 ], [ 31.183508163000056, 1.374170541000183 ], [ 31.182771624000168, 1.374080879000076 ], [ 31.181862308000063, 1.373728708000158 ], [ 31.181688962000123, 1.373728159000166 ], [ 31.181038534000095, 1.373900743000092 ], [ 31.179823595000016, 1.374595484999986 ], [ 31.179611889000114, 1.374756134000052 ], [ 31.178391127000168, 1.375682485000027 ], [ 31.177305729000068, 1.376595936000058 ], [ 31.176177564000056, 1.377247274000126 ], [ 31.175623981000172, 1.377384878000157 ], [ 31.175136918000135, 1.377505947000088 ], [ 31.174486208000133, 1.377809515000024 ], [ 31.1734027870001, 1.37780607500008 ], [ 31.173100098000191, 1.377499484 ], [ 31.172797495999987, 1.377149233000068 ], [ 31.171887617000152, 1.377059025000108 ], [ 31.169851555000037, 1.376703265000117 ], [ 31.169175769000105, 1.376615992000097 ], [ 31.169158355000093, 1.376613743000178 ], [ 31.168725754999969, 1.376263087000154 ], [ 31.168249616000139, 1.375999603000025 ], [ 31.167339925000078, 1.375822067000058 ], [ 31.166040402000135, 1.375555974000179 ], [ 31.165412267000079, 1.375444834 ], [ 31.164156834000039, 1.374829592000083 ], [ 31.162944646000142, 1.374258146000045 ], [ 31.161689784000032, 1.373380932000146 ], [ 31.160347217000037, 1.37298372500004 ], [ 31.15852766200004, 1.372715978000031 ], [ 31.15824655300014, 1.372670351000068 ], [ 31.157710646000112, 1.372581624000077 ], [ 31.157766239000011, 1.372377090000043 ], [ 31.157835545000069, 1.372122106000063 ], [ 31.158087251000097, 1.371725899000069 ], [ 31.158729625000149, 1.370714744000168 ], [ 31.16123154200011, 1.368739408000124 ], [ 31.162215078000145, 1.367122398000106 ], [ 31.162354192000123, 1.36665036100004 ], [ 31.162841800000137, 1.364995813000121 ], [ 31.162455994000027, 1.363467620000051 ], [ 31.162318353000103, 1.363200930000176 ], [ 31.160940123999978, 1.360530500000039 ], [ 31.161448835999977, 1.356995765000022 ], [ 31.16270195300001, 1.353132049000124 ], [ 31.16277810400004, 1.350829030000057 ], [ 31.162794448000113, 1.348889215000042 ], [ 31.162921305000054, 1.348424951000027 ], [ 31.163263845000131, 1.348125625000137 ], [ 31.16324931500003, 1.347653763000153 ], [ 31.163019514000098, 1.346470219000082 ], [ 31.162699821000047, 1.346073022000041 ], [ 31.162112040000181, 1.345930272000089 ], [ 31.161844378000012, 1.345615501000111 ], [ 31.161539761000142, 1.344963668000048 ], [ 31.161182648000192, 1.344851051000092 ], [ 31.160810798000114, 1.344543692000116 ], [ 31.160450012000126, 1.344622154000035 ], [ 31.159721392000051, 1.343490565000138 ], [ 31.159544568000172, 1.341123696000125 ], [ 31.160082469000031, 1.338307988000054 ], [ 31.161602831000039, 1.33525334899997 ], [ 31.16173738700013, 1.334516836000091 ], [ 31.161991376000117, 1.333126573000072 ], [ 31.162722612000039, 1.330306367000105 ], [ 31.162946632000114, 1.32944236700007 ], [ 31.164287711000156, 1.327286343000026 ], [ 31.166045360000169, 1.325340337000114 ], [ 31.167694631000131, 1.324265027000138 ], [ 31.169946619000086, 1.322796746000051 ], [ 31.173699307000106, 1.31989352 ], [ 31.174783394000031, 1.319007695000153 ], [ 31.176886210000077, 1.317289448 ], [ 31.177765049000072, 1.316286469999966 ], [ 31.177778165000063, 1.31629127500014 ], [ 31.178242001000115, 1.315232386000162 ], [ 31.178867987, 1.31405776500003 ], [ 31.179797546000088, 1.312605786000063 ], [ 31.180689875000098, 1.311782958000038 ], [ 31.181784587000095, 1.310775223000064 ], [ 31.182704514000079, 1.309924654000099 ], [ 31.184020200000077, 1.308445194000114 ], [ 31.18486654100019, 1.307650084000045 ], [ 31.185446161000186, 1.30702132600004 ], [ 31.18556615100016, 1.306355223000082 ], [ 31.185768672000165, 1.305976011000155 ], [ 31.186283993000075, 1.30527318500009 ], [ 31.186680366000076, 1.303783795000129 ], [ 31.18661713500012, 1.302220050000187 ], [ 31.186176588000137, 1.301211191000107 ], [ 31.185662576000084, 1.300091247000182 ], [ 31.185240368000109, 1.29914717000014 ], [ 31.184946785000079, 1.298314219000019 ], [ 31.184524418000024, 1.29759220700015 ], [ 31.184525106000081, 1.29662993200003 ], [ 31.184396924000168, 1.295898880000095 ], [ 31.184402732000081, 1.295885754000096 ], [ 31.184912569000119, 1.294733419000067 ], [ 31.185713461000091, 1.293198057000041 ], [ 31.1863302860001, 1.291949393000095 ], [ 31.186891721000052, 1.291024531000119 ], [ 31.187425380000093, 1.290377229000057 ], [ 31.18765545600013, 1.290025793000098 ], [ 31.187784415000067, 1.289665031000084 ], [ 31.187959772000056, 1.28869362800009 ], [ 31.18820865400005, 1.287750034000169 ], [ 31.188209911000058, 1.287738902000171 ], [ 31.188212582, 1.287715242000161 ], [ 31.188787785000102, 1.287796713000034 ], [ 31.18938546600009, 1.287612088000117 ], [ 31.189854627000102, 1.287168295000072 ], [ 31.190277901000115, 1.286613438000131 ], [ 31.190903651000042, 1.285734881000167 ], [ 31.191630407000105, 1.285022944000161 ], [ 31.192394046000175, 1.284153736000178 ], [ 31.192872438000109, 1.283654432000048 ], [ 31.193396626000151, 1.283395730000166 ], [ 31.195364084000062, 1.283202825000103 ], [ 31.196026240000094, 1.282842440000024 ], [ 31.197194341000056, 1.282019779000052 ], [ 31.19809585500019, 1.281178421999982 ], [ 31.198656893000077, 1.280808712000123 ], [ 31.199521311000183, 1.280429963000188 ], [ 31.200495735000175, 1.280495422000172 ], [ 31.201424219999979, 1.280523838000022 ], [ 31.202361937000035, 1.280496743000185 ], [ 31.203088330000185, 1.280302949000145 ], [ 31.203768705000073, 1.280183144000091 ], [ 31.204329427000118, 1.280266815000175 ], [ 31.205441661000123, 1.280461909000167 ], [ 31.206121689000099, 1.280841752000015 ], [ 31.206663910000088, 1.28109196000014 ], [ 31.207583050000096, 1.281342432999963 ], [ 31.208162064000078, 1.281564908000178 ], [ 31.209724173000097, 1.2826115740001 ], [ 31.210918795000168, 1.283315629000185 ], [ 31.211801134000098, 1.283612340000104 ], [ 31.214044952999984, 1.282633125000189 ], [ 31.215424252000162, 1.282171456000128 ], [ 31.217576153000152, 1.281173664000164 ], [ 31.219451375000062, 1.281452564000119 ], [ 31.220638325000039, 1.281315564000181 ], [ 31.220829761000061, 1.282314043999975 ], [ 31.222516077000137, 1.284277130000078 ], [ 31.222921792000022, 1.283625783000105 ], [ 31.223205798000095, 1.281858358000136 ], [ 31.223251307000055, 1.280615060000116 ], [ 31.22305847399997, 1.27967119300007 ], [ 31.222806140000046, 1.278682345000163 ], [ 31.222479295000142, 1.277828265000039 ], [ 31.222420443000033, 1.276839553000116 ], [ 31.222064192000119, 1.275461156000176 ], [ 31.221812113000169, 1.274097814000186 ], [ 31.220920186000171, 1.272539288000189 ], [ 31.220563584000161, 1.271670208000046 ], [ 31.22060894599997, 1.271668935000037 ], [ 31.222126359000072, 1.27162635500008 ], [ 31.224165402000096, 1.271582830999989 ], [ 31.224864641000124, 1.271987774000024 ], [ 31.225117298000157, 1.272512244999973 ], [ 31.225384592000069, 1.273396244000025 ], [ 31.225786083000173, 1.273920819000182 ], [ 31.226410546000068, 1.274850006000065 ], [ 31.227600628000118, 1.275704688000076 ], [ 31.228657337000072, 1.275720402000161 ], [ 31.229342228000121, 1.275346378999984 ], [ 31.230057071000033, 1.27470273900002 ], [ 31.231024778000119, 1.274283971000045 ], [ 31.231692426999984, 1.274284434000151 ], [ 31.231693483000072, 1.274284435000084 ], [ 31.231641963000072, 1.272041788000081 ], [ 31.231636719, 1.271813522000173 ], [ 31.231119739000064, 1.269476305000126 ], [ 31.231028142000184, 1.269355574000031 ], [ 31.230864903999986, 1.268651405000128 ], [ 31.230746092000118, 1.268276825000044 ], [ 31.23006221300011, 1.267167838000034 ], [ 31.229318822000153, 1.266028850999987 ], [ 31.22878362400013, 1.265144668000119 ], [ 31.228545898000164, 1.264545307 ], [ 31.2281890860001, 1.263975825000159 ], [ 31.227386020000097, 1.263046516999964 ], [ 31.226344923000056, 1.26196724700003 ], [ 31.225377988000048, 1.261262528000088 ], [ 31.224753268000086, 1.260707842000045 ], [ 31.224247309000191, 1.260602635000112 ], [ 31.22330970600018, 1.260542070000156 ], [ 31.222402083000134, 1.260166948 ], [ 31.221941100000095, 1.259582416000171 ], [ 31.221271712000146, 1.25905766000011 ], [ 31.22063198800015, 1.258682723000049 ], [ 31.219962671000076, 1.258053109 ], [ 31.218727835000038, 1.257363186000021 ], [ 31.217760805000125, 1.256808267000054 ], [ 31.217165692000037, 1.256493280000029 ], [ 31.21612413600019, 1.256103088000032 ], [ 31.215543846000116, 1.255877990999977 ], [ 31.214904095000065, 1.255547994000153 ], [ 31.214383389000147, 1.255248040000026 ], [ 31.213847830000134, 1.254903135000177 ], [ 31.213297654000087, 1.254168746000062 ], [ 31.212851537, 1.253614186000163 ], [ 31.212122846000057, 1.252759837000099 ], [ 31.211795957000106, 1.251965684000027 ], [ 31.211305344000095, 1.251186398000016 ], [ 31.210904091000032, 1.250317295000173 ], [ 31.210696093000024, 1.249777879000078 ], [ 31.210384057000169, 1.249028677000126 ], [ 31.210235562000037, 1.248534242000119 ], [ 31.210325174000161, 1.248069930000099 ], [ 31.210727505000136, 1.247351178000145 ], [ 31.210534400000085, 1.24679679400009 ], [ 31.210534805000179, 1.246197604000088 ], [ 31.210461009000142, 1.24528378600013 ], [ 31.210382667000033, 1.244008239000038 ], [ 31.210596530000032, 1.243754294000041 ], [ 31.211824342000057, 1.242551762000062 ], [ 31.212453129000096, 1.241725003000113 ], [ 31.212865869000154, 1.241062959000033 ], [ 31.213226990000123, 1.240709273000107 ], [ 31.214113608000105, 1.239255003000039 ], [ 31.215439301000117, 1.237839414000064 ], [ 31.216905019000023, 1.236614790000147 ], [ 31.218655537000132, 1.235415896000063 ], [ 31.219350236000139, 1.234993297000187 ], [ 31.219661629000029, 1.234805493000124 ], [ 31.221022216000108, 1.234340053000153 ], [ 31.221736891000148, 1.234202553000159 ], [ 31.221975752000105, 1.23410923400013 ], [ 31.222022899000024, 1.233242774000018 ], [ 31.222111829000085, 1.231913528 ], [ 31.22219319400017, 1.231154174000096 ], [ 31.222585959000071, 1.23020701400003 ], [ 31.222952123000141, 1.229473397 ], [ 31.222892190000096, 1.228618060000031 ], [ 31.222878516000037, 1.227858039000125 ], [ 31.22278978200012, 1.227382470000123 ], [ 31.222677550000071, 1.225992455000096 ], [ 31.22199156500011, 1.22396911900006 ], [ 31.221728510000105, 1.222304945000189 ], [ 31.221671420000177, 1.221235909000029 ], [ 31.22155513600012, 1.221045113000059 ], [ 31.221596800000043, 1.218801257 ], [ 31.221567180000079, 1.218428432000167 ], [ 31.221533977000036, 1.218010516000049 ], [ 31.222094509000101, 1.217956552000032 ], [ 31.222784786000091, 1.217866375000085 ], [ 31.223712655000043, 1.21777786399997 ], [ 31.224877584000069, 1.217685150000136 ], [ 31.225770198000191, 1.217614108000134 ], [ 31.227150755000082, 1.217433760000119 ], [ 31.228815794000127, 1.217302881000023 ], [ 31.230528672000105, 1.217148596000129 ], [ 31.231571570000028, 1.217345848000093 ], [ 31.232566942000176, 1.217542773000162 ], [ 31.233872757000086, 1.217623125000046 ], [ 31.235449766000102, 1.217859723000117 ], [ 31.237039765000134, 1.218013295 ], [ 31.237309773999982, 1.217936110000096 ], [ 31.238256216000138, 1.217665559000181 ], [ 31.239593675000037, 1.217152434000127 ], [ 31.240503775000036, 1.216612579000127 ], [ 31.242297705000169, 1.215722662000132 ], [ 31.243169423000154, 1.215142770999989 ], [ 31.243640204000087, 1.214829594000093 ], [ 31.244287379000127, 1.214406639 ], [ 31.244930679000049, 1.21393736300007 ], [ 31.245228411000141, 1.214445979000061 ], [ 31.246029500000077, 1.215814482000042 ], [ 31.24839743299998, 1.21978114500007 ], [ 31.248976956999968, 1.220262145000106 ], [ 31.24952248500017, 1.22057147300012 ], [ 31.250238664, 1.22070926400005 ], [ 31.250592151000035, 1.220742829000073 ], [ 31.250592122000114, 1.220740843000101 ], [ 31.2506850850001, 1.220740101000047 ], [ 31.250685073000113, 1.220743895000169 ], [ 31.250685047000104, 1.220751650000182 ], [ 31.250722936000102, 1.220755248000103 ], [ 31.25097190800011, 1.220829900000069 ], [ 31.251108307000095, 1.220881485000177 ], [ 31.251278747000185, 1.221036082000069 ], [ 31.251398003000133, 1.221224974999984 ], [ 31.251525780000122, 1.221422457000187 ], [ 31.251559655000165, 1.221782944999973 ], [ 31.251661823000063, 1.222023322000041 ], [ 31.251747004000094, 1.222160698000039 ], [ 31.251866294000024, 1.222298096000088 ], [ 31.251900324000189, 1.222418274000063 ], [ 31.252036656000087, 1.222572848000084 ], [ 31.252258270000141, 1.222710314000039 ], [ 31.252582107000023, 1.223002333000181 ], [ 31.252974106000067, 1.223380220000081 ], [ 31.253315052000175, 1.223586425000178 ], [ 31.253741293000189, 1.223758355000029 ], [ 31.254048166000075, 1.223913042000106 ], [ 31.25426979100007, 1.224033343000031 ], [ 31.254440209000109, 1.224222271000031 ], [ 31.254576530000122, 1.224394011000186 ], [ 31.254661644000066, 1.224634377000029 ], [ 31.254763814000171, 1.224874754000098 ], [ 31.254900090000035, 1.225115155000026 ], [ 31.254951175000087, 1.225235344000112 ], [ 31.254968083999984, 1.225458500000059 ], [ 31.254925321000087, 1.225655870000082 ], [ 31.254805853000164, 1.225793112000076 ], [ 31.254703439000025, 1.225930365000124 ], [ 31.254618068000184, 1.226084795000133 ], [ 31.25458388200019, 1.226204927000083 ], [ 31.254583815000103, 1.226307918000032 ], [ 31.254583748000186, 1.226410908 ], [ 31.254634810000141, 1.226565425999979 ], [ 31.254771131000155, 1.226737167000067 ], [ 31.255026709000163, 1.22709780100007 ], [ 31.255180006000103, 1.227389707999976 ], [ 31.255230990000086, 1.227664382000171 ], [ 31.255247676000067, 1.228230840000151 ], [ 31.255196134000016, 1.228814417000024 ], [ 31.255127593000168, 1.229312158000084 ], [ 31.255016322000074, 1.229955775000121 ], [ 31.254947894000111, 1.230281865000109 ], [ 31.254828191000058, 1.230779573000063 ], [ 31.254640327000175, 1.231191410000122 ], [ 31.254554877000032, 1.231465994000132 ], [ 31.254567568000084, 1.231542949000186 ], [ 31.25457186400007, 1.231568996000135 ], [ 31.254657056000042, 1.231689207000045 ], [ 31.254895714000043, 1.231843850000132 ], [ 31.255100250999988, 1.232015636000142 ], [ 31.255373005000024, 1.232187467000017 ], [ 31.255458163000128, 1.232359174000123 ], [ 31.255509146000179, 1.232633848000091 ], [ 31.25559420400009, 1.23296004000008 ], [ 31.255645176000087, 1.233251880000068 ], [ 31.255696126000032, 1.233578050000062 ], [ 31.255755227, 1.234479254 ], [ 31.255754823000188, 1.235097196000027 ], [ 31.25575453100015, 1.235543487000086 ], [ 31.255788213000073, 1.236195781000049 ], [ 31.255771036000169, 1.236384586000099 ], [ 31.255736826000032, 1.236539048000111 ], [ 31.255736747000071, 1.236659204000091 ], [ 31.255770777000066, 1.23677938100019 ], [ 31.255821794000099, 1.237002561000168 ], [ 31.255906851000134, 1.237328754000089 ], [ 31.256094278000091, 1.237586353000154 ], [ 31.256162338000024, 1.237826710000093 ], [ 31.256145103000108, 1.238101339000139 ], [ 31.256059709000169, 1.23829009800005 ], [ 31.256042553000157, 1.238444572000049 ], [ 31.256025353000155, 1.238667706 ], [ 31.256042227000137, 1.238942359000077 ], [ 31.256137686000159, 1.239278630000115 ], [ 31.256519879000052, 1.239847563000012 ], [ 31.25695458000007, 1.240078382000036 ], [ 31.257484484000031, 1.240359752000018 ], [ 31.258206521000147, 1.241125787000101 ], [ 31.25930282600018, 1.242204572000105 ], [ 31.26005541000012, 1.242618659000186 ], [ 31.259882763000121, 1.242944363000106 ], [ 31.25968977000008, 1.244327276000035 ], [ 31.25977123500013, 1.245033926000076 ], [ 31.260227406000126, 1.246029854000028 ], [ 31.260260446000188, 1.246782569000061 ], [ 31.260289982000131, 1.247100425999975 ], [ 31.260249128000169, 1.247304550000024 ], [ 31.260385438000071, 1.247493457000076 ], [ 31.260470563000069, 1.24771665999998 ], [ 31.260470393000048, 1.247974136000153 ], [ 31.260470201000032, 1.248265943000035 ], [ 31.260504174000118, 1.248471946000166 ], [ 31.260555156000066, 1.248746622000112 ], [ 31.260657289000108, 1.249038497000015 ], [ 31.260674231000053, 1.249210160000132 ], [ 31.260639952000133, 1.249467613000036 ], [ 31.260571599000116, 1.249673548000089 ], [ 31.260571508000169, 1.249810869000157 ], [ 31.260554284000193, 1.250068334000048 ], [ 31.260485909000124, 1.250308600000039 ], [ 31.260357882000108, 1.250488748 ], [ 31.260136040000191, 1.250694580000186 ], [ 31.259828859000095, 1.251003346000175 ], [ 31.259623970000121, 1.251363676000153 ], [ 31.259538506000126, 1.251655426000127 ], [ 31.259401992000051, 1.251775489000181 ], [ 31.259060804000057, 1.251929746999963 ], [ 31.258753758000069, 1.252032532000044 ], [ 31.258463733000156, 1.252186823000102 ], [ 31.258293111000057, 1.252306864 ], [ 31.257883536000179, 1.252718551000044 ], [ 31.257593464000138, 1.252941502000112 ], [ 31.257303360000151, 1.25321594899998 ], [ 31.257081586000083, 1.25331879099997 ], [ 31.256893910000031, 1.253438820000042 ], [ 31.25668914400012, 1.253610333000097 ], [ 31.256450271000176, 1.253781823000111 ], [ 31.256279546000144, 1.254056349000052 ], [ 31.256057612000063, 1.254399502000126 ], [ 31.255938106000144, 1.254588237 ], [ 31.255886841000063, 1.254742687000032 ], [ 31.255920859000071, 1.254880030000095 ], [ 31.256014549000156, 1.255043161 ], [ 31.256150847000072, 1.255249234000075 ], [ 31.256287133000171, 1.255472472000122 ], [ 31.256457504000139, 1.255730062000112 ], [ 31.256525619000172, 1.255884593000189 ], [ 31.256747177000193, 1.256107888000088 ], [ 31.256866466000019, 1.256245289 ], [ 31.256900448000181, 1.256434126999977 ], [ 31.256934443000091, 1.256605800999978 ], [ 31.256849091000106, 1.256725899000173 ], [ 31.256695500000092, 1.256880281000122 ], [ 31.256456626000045, 1.257051771000135 ], [ 31.256354186000124, 1.257223353000086 ], [ 31.256285866000155, 1.25737779200017 ], [ 31.25628575200011, 1.25754944199997 ], [ 31.256285524000134, 1.257892744000173 ], [ 31.256242368000073, 1.258673725000051 ], [ 31.256156902000157, 1.258965472999989 ], [ 31.256003253000131, 1.259205679000161 ], [ 31.255781375000083, 1.259463006000033 ], [ 31.255491257000017, 1.259754616 ], [ 31.255371717000116, 1.259994845999984 ], [ 31.25533740200018, 1.260303793000048 ], [ 31.255251581000095, 1.261127657000031 ], [ 31.255200200000047, 1.261453758000073 ], [ 31.255114780000042, 1.261676846000057 ], [ 31.255080476000046, 1.261968628999966 ], [ 31.255046046000075, 1.262449227000104 ], [ 31.254952012000103, 1.262801047000096 ], [ 31.254951921000156, 1.262938367000118 ], [ 31.254917605000173, 1.263247315000058 ], [ 31.254883381000184, 1.263418942000158 ], [ 31.254746855000064, 1.263556170000129 ], [ 31.25445678300008, 1.263779119000048 ], [ 31.254269105000162, 1.263899146000085 ], [ 31.254115454000157, 1.264139353000189 ], [ 31.253944773000171, 1.264345217000141 ], [ 31.253808223000021, 1.264516775000118 ], [ 31.25360343400007, 1.264722617000132 ], [ 31.253500969000186, 1.264928527000109 ], [ 31.253500785000028, 1.265203167000095 ], [ 31.253500624000083, 1.265443478000179 ], [ 31.253449289000173, 1.265700918000164 ], [ 31.253329713000085, 1.265992643000061 ], [ 31.253204574000108, 1.266145373000086 ], [ 31.25309075600012, 1.266284284999983 ], [ 31.252834746000076, 1.266575917000182 ], [ 31.252578712000172, 1.266901878000056 ], [ 31.252510402000041, 1.267039152000052 ], [ 31.252450521000128, 1.267322334000028 ], [ 31.252347965000183, 1.267665565000073 ], [ 31.252177201999984, 1.267991584000129 ], [ 31.251767575000144, 1.268471925000028 ], [ 31.251699220000091, 1.268677858000103 ], [ 31.251750279000134, 1.268832379000173 ], [ 31.251852443000075, 1.26907275800005 ], [ 31.251971615000116, 1.269381810000084 ], [ 31.252039659000104, 1.269639332000054 ], [ 31.252039508000166, 1.269862476000014 ], [ 31.251988068000173, 1.270274402000041 ], [ 31.251868295000122, 1.27085793100008 ], [ 31.251782641000148, 1.271424317000026 ], [ 31.251611600000103, 1.272162296999966 ], [ 31.251492010000163, 1.27247118400004 ], [ 31.250582711000163, 1.273617744000092 ], [ 31.250579803000107, 1.273620686000129 ], [ 31.250514985000052, 1.273686278000071 ], [ 31.249596351000093, 1.275304222000159 ], [ 31.247788609000054, 1.277673926000148 ], [ 31.247204765000106, 1.278342788000032 ], [ 31.24659319, 1.279011565000019 ], [ 31.246217981000143, 1.27938765500005 ], [ 31.245995341000025, 1.279750247000038 ], [ 31.245495291000054, 1.280139918000032 ], [ 31.245078616000114, 1.280446017999964 ], [ 31.244855976000167, 1.280808609000076 ], [ 31.244549551000148, 1.281450380000138 ], [ 31.244437728000037, 1.281869201000063 ], [ 31.244470269000146, 1.282068514000116 ], [ 31.244574665000073, 1.282707962000075 ], [ 31.244435466000027, 1.282959027000175 ], [ 31.244074148000152, 1.283321189000105 ], [ 31.243962791000058, 1.283516452000185 ], [ 31.244014766000191, 1.285193284 ], [ 31.244124782000085, 1.28564073299998 ], [ 31.244372124999984, 1.286731325000176 ], [ 31.24407982200006, 1.287247390000175 ], [ 31.24319106500019, 1.287831472000164 ], [ 31.242663393000043, 1.288165171000173 ], [ 31.24241248900006, 1.288779170000055 ], [ 31.242299853000134, 1.289589208000109 ], [ 31.242354100000114, 1.290176213000109 ], [ 31.242401850000135, 1.290260058 ], [ 31.24276861300001, 1.290904048000186 ], [ 31.24276674500004, 1.291798263000032 ], [ 31.242793373000097, 1.292329291000101 ], [ 31.24295913800006, 1.292637192000086 ], [ 31.242984599000124, 1.293727102 ], [ 31.243288172000121, 1.29445459100009 ], [ 31.243853798000032, 1.295867536000173 ], [ 31.244295927999985, 1.296651349000115 ], [ 31.244489151000096, 1.29709906100004 ], [ 31.244460187000186, 1.297685806000175 ], [ 31.24423683200007, 1.298383719000071 ], [ 31.243486801000131, 1.298940280000068 ], [ 31.242543034000107, 1.299300631000108 ], [ 31.241737646000104, 1.299801137000145 ], [ 31.241181529000187, 1.300470072000167 ], [ 31.241153370000063, 1.300509274000035 ], [ 31.24068082500014, 1.301167132000103 ], [ 31.239984923000122, 1.302366578000033 ], [ 31.239663292000046, 1.30363704399997 ], [ 31.239218121000079, 1.304306324000152 ], [ 31.238133442000105, 1.305728113999976 ], [ 31.237883582000052, 1.305839113000047 ], [ 31.23788346900011, 1.305895007000061 ], [ 31.2385209790001, 1.30609259400012 ], [ 31.239241399000036, 1.306430160000161 ], [ 31.240486918000158, 1.307663582000089 ], [ 31.240901670000028, 1.308279650000088 ], [ 31.241563863000181, 1.309930418000079 ], [ 31.243704377000029, 1.314226541000153 ], [ 31.243883388000143, 1.315175421000163 ], [ 31.243978675000164, 1.315680502000134 ], [ 31.243977736000147, 1.316127605000077 ], [ 31.243726172000095, 1.317048989000114 ], [ 31.243808207000086, 1.317608133000022 ], [ 31.243903140000043, 1.318628392000107 ], [ 31.244150297000147, 1.319802828000149 ], [ 31.244564334000188, 1.320754225000087 ], [ 31.244756247000169, 1.321816714000136 ], [ 31.244699657000126, 1.322347481000122 ], [ 31.244196711000086, 1.324106405000123 ], [ 31.24405691100003, 1.324636918000067 ], [ 31.243640108000079, 1.324998901000072 ], [ 31.243445186000145, 1.325361562000182 ], [ 31.243472098000041, 1.325752874000045 ], [ 31.243096570999967, 1.326268669000171 ], [ 31.242901602000131, 1.326659286000051 ], [ 31.242511821999983, 1.327356678000058 ], [ 31.24187248000004, 1.328025352000111 ], [ 31.241177496000091, 1.328777686000024 ], [ 31.240344116000074, 1.329389862000028 ], [ 31.23992731200002, 1.329751834000149 ], [ 31.23934338100014, 1.330448622000063 ], [ 31.238731956000095, 1.331033546000185 ], [ 31.237953997000091, 1.33167383600005 ], [ 31.23771769200016, 1.331984708000164 ], [ 31.237508981000076, 1.332259277000048 ], [ 31.237341145000187, 1.332929416000184 ], [ 31.237478228999976, 1.333684338000126 ], [ 31.237377932000129, 1.335206995000078 ], [ 31.237265990000083, 1.335681695000062 ], [ 31.236848883000164, 1.336183389000041 ], [ 31.236431604000188, 1.336768913000128 ], [ 31.236214895000103, 1.337319494000155 ], [ 31.236069086000043, 1.337689940000075 ], [ 31.235928931000046, 1.338388110000096 ], [ 31.235758130000022, 1.340455454000107 ], [ 31.235978071000034, 1.341378302000066 ], [ 31.236044235000179, 1.342873530000134 ], [ 31.235819986000024, 1.343990598 ], [ 31.235817911000083, 1.344968641000037 ], [ 31.2361216380001, 1.345612306000078 ], [ 31.236370378000061, 1.346032253000089 ], [ 31.236590250000177, 1.346983039000065 ], [ 31.237502814000152, 1.348271332000024 ], [ 31.237972725000077, 1.349027304 ], [ 31.238317261000134, 1.350048346000108 ], [ 31.238176978000183, 1.350802408000163 ], [ 31.238231319000135, 1.351333520000082 ], [ 31.238229660000059, 1.352115955000045 ], [ 31.238117646000035, 1.352618601000074 ], [ 31.237839041000029, 1.35320455800013 ], [ 31.237310339000146, 1.354013284000075 ], [ 31.237103289000061, 1.354175322000174 ], [ 31.235600344000147, 1.356143355000029 ], [ 31.235042643999975, 1.356945316000065 ], [ 31.234775956000135, 1.357309798000188 ], [ 31.233855549999987, 1.358159329000046 ], [ 31.233322809000072, 1.358596046 ], [ 31.232838144000027, 1.359154688000046 ], [ 31.232377340000085, 1.359859535000055 ], [ 31.232048330000055, 1.36111277200007 ], [ 31.231900691000192, 1.36233004900015 ], [ 31.231897680000031, 1.363742614000046 ], [ 31.231920404000107, 1.364424622000172 ], [ 31.231949658000076, 1.364573687000188 ], [ 31.23201605600002, 1.364912019000087 ], [ 31.232134795000036, 1.36591093800007 ], [ 31.232157044000189, 1.366812139000103 ], [ 31.232028445000083, 1.367429588000107 ], [ 31.232022711000127, 1.367457119 ], [ 31.23180395900016, 1.368016585000134 ], [ 31.231488189000174, 1.368721888000096 ], [ 31.231220979000057, 1.369329915000037 ], [ 31.231073862000073, 1.37030364300017 ], [ 31.230635982000081, 1.371593067999981 ], [ 31.230197936000081, 1.372955563 ], [ 31.229930888000183, 1.373490527000058 ], [ 31.229713274000119, 1.373514199000056 ], [ 31.22906063400012, 1.373487784000076 ], [ 31.229010641000173, 1.373489642000095 ], [ 31.228758439000046, 1.373499012000138 ], [ 31.228371871000036, 1.373400373000038 ], [ 31.227719505000096, 1.373252198000159 ], [ 31.22718773400004, 1.373226168000144 ], [ 31.226607313000102, 1.373346114000071 ], [ 31.226292791000162, 1.373466898000117 ], [ 31.225639540000032, 1.373732744000108 ], [ 31.225083491000134, 1.373755347000099 ], [ 31.224576475999982, 1.373461491000114 ], [ 31.224311509000188, 1.373022278000121 ], [ 31.223903010000072, 1.37187631900008 ], [ 31.223251103000052, 1.371508942000162 ], [ 31.222453327000096, 1.371530790000179 ], [ 31.221630760000153, 1.371844809000152 ], [ 31.220904662000123, 1.372256555000092 ], [ 31.220202754000127, 1.372668364000162 ], [ 31.218786645000137, 1.373577201000103 ], [ 31.218375334000086, 1.373746395000069 ], [ 31.217794860000026, 1.373890691000099 ], [ 31.217310765000036, 1.374181422000106 ], [ 31.217164684000124, 1.374668051000128 ], [ 31.216897890000098, 1.375081241000032 ], [ 31.216293292000159, 1.375201100000083 ], [ 31.215761003000068, 1.375418613000079 ], [ 31.215228723000052, 1.375636124000039 ], [ 31.214697065000166, 1.375561384999969 ], [ 31.214020626000035, 1.375364416000139 ], [ 31.213248122000095, 1.374874891000047 ], [ 31.212306565000063, 1.374311761000172 ], [ 31.211678266000035, 1.374212363000083 ], [ 31.211290869000038, 1.37450339600008 ], [ 31.211023708000027, 1.37508705900018 ], [ 31.210587807000138, 1.375451004000183 ], [ 31.210079588000099, 1.375717296000175 ], [ 31.209474991000093, 1.375837162000153 ], [ 31.208955031000016, 1.375945118 ], [ 31.208326110000144, 1.376137970000173 ], [ 31.207624504000023, 1.3764036500001 ], [ 31.206971202000148, 1.376693841000076 ], [ 31.206487887000037, 1.376619256000026 ], [ 31.206126238000024, 1.376179730000047 ], [ 31.205910039000173, 1.375545830000021 ], [ 31.205571973000076, 1.375374284000031 ], [ 31.205282164000153, 1.375251593000087 ], [ 31.204799427000125, 1.374909112000125 ], [ 31.204436778000058, 1.374932320000084 ], [ 31.204097722000029, 1.375223498000025 ], [ 31.203806959000076, 1.375539187000072 ], [ 31.203564188000144, 1.376025507000179 ], [ 31.203321351, 1.376536188999978 ], [ 31.202981826999974, 1.377046557000142 ], [ 31.202739467000185, 1.377338039000051 ], [ 31.202328415000125, 1.377385452000169 ], [ 31.201748256000144, 1.377383622000025 ], [ 31.201216235000118, 1.377479353000069 ], [ 31.200732040000105, 1.377818783000066 ], [ 31.200247578000187, 1.378279990000124 ], [ 31.199896202000048, 1.378680729000166 ], [ 31.199677644000076, 1.379142767000189 ], [ 31.199531615000183, 1.379605036000157 ], [ 31.199241007000126, 1.379847664000181 ], [ 31.19887846000006, 1.379822163000085 ], [ 31.198347230000138, 1.379552582999963 ], [ 31.1977191470001, 1.379355757000042 ], [ 31.197211241000048, 1.37947592300003 ], [ 31.197171206000178, 1.379522222000048 ], [ 31.196896206000133, 1.379840242000057 ], [ 31.196701982999969, 1.380229302000089 ], [ 31.19658032500007, 1.380594232000135 ], [ 31.196386368000049, 1.380861507000134 ], [ 31.196071380000149, 1.3812014720001 ], [ 31.195708410000123, 1.381370807000167 ], [ 31.195007128000157, 1.381490359999987 ] ] ] } },
{ "type": "Feature", "properties": { "Sub_County": "KIZIRANFUMBI", "adm4_pcode": "UG41180106" }, "geometry": { "type": "Polygon", "coordinates": [ [ [ 31.121536024000193, 1.420318517000055 ], [ 31.12012023200009, 1.420900756000151 ], [ 31.119064939000111, 1.421512085000188 ], [ 31.117593936000162, 1.421982375000027 ], [ 31.117107058000045, 1.422059889000025 ], [ 31.116733836000037, 1.422119308000106 ], [ 31.116206932000182, 1.422089670000105 ], [ 31.115320587000099, 1.421555904000172 ], [ 31.114573225000072, 1.420882881000182 ], [ 31.113966329000107, 1.419399980000151 ], [ 31.113469824000163, 1.418168924000099 ], [ 31.113332383000056, 1.41760962800015 ], [ 31.112753038, 1.416210651000142 ], [ 31.11239507900018, 1.41503591500009 ], [ 31.112341961000027, 1.413973940000062 ], [ 31.111763049000103, 1.412379361000035 ], [ 31.110978813000031, 1.409568636000074 ], [ 31.11011763900018, 1.408211558000062 ], [ 31.109735065000166, 1.407608678000088 ], [ 31.108325467000043, 1.405396703000122 ], [ 31.107676263000144, 1.404235012000015 ], [ 31.10751121100003, 1.403619750000132 ], [ 31.107206924000138, 1.403255517000105 ], [ 31.106874916000038, 1.402891205000117 ], [ 31.106543265000028, 1.402359234000073 ], [ 31.105851010000038, 1.401854053000136 ], [ 31.104964123000116, 1.401571771000022 ], [ 31.104104658000153, 1.401429299000142 ], [ 31.102136982000047, 1.400752363000095 ], [ 31.100917401000117, 1.400413131999983 ], [ 31.09933783200006, 1.399821263000149 ], [ 31.098783506000075, 1.399651827000184 ], [ 31.09859375200017, 1.399645907000036 ], [ 31.097785126000019, 1.399620677000087 ], [ 31.097561855000151, 1.399659060000147 ], [ 31.097146991999978, 1.399730387000091 ], [ 31.096646722000173, 1.400203794000106 ], [ 31.095548153000152, 1.401583391000088 ], [ 31.094631243000151, 1.402334873000086 ], [ 31.093576655999982, 1.402638841000055 ], [ 31.092843912000149, 1.402759472000184 ], [ 31.092411383000126, 1.40283067900009 ], [ 31.090969626000117, 1.402630438000131 ], [ 31.089612677000048, 1.401703978000057 ], [ 31.088617021000061, 1.400443380000183 ], [ 31.088690071000087, 1.399954198000046 ], [ 31.089567875000057, 1.400444162000099 ], [ 31.090243513000189, 1.395919742 ], [ 31.090578664000077, 1.394859025000073 ], [ 31.091192526999976, 1.393184487000099 ], [ 31.092627709000112, 1.39007356999997 ], [ 31.094382360000054, 1.386726163000048 ], [ 31.096123412000054, 1.383252969000068 ], [ 31.097098477000145, 1.38127221100018 ], [ 31.097461048000071, 1.380351277000159 ], [ 31.097630461000108, 1.378982666000184 ], [ 31.09840606299997, 1.373103330999982 ], [ 31.098714993000158, 1.371343975000059 ], [ 31.099293181, 1.366944939000064 ], [ 31.099768150000159, 1.365353752000146 ], [ 31.100465473000042, 1.36353974900004 ], [ 31.102236753000057, 1.358893036999973 ], [ 31.102515348999987, 1.358129697000095 ], [ 31.102878482000108, 1.35713472499998 ], [ 31.103186116000188, 1.355962134000038 ], [ 31.105655885000147, 1.348942541000042 ], [ 31.105713067000067, 1.348771020000129 ], [ 31.106734789000086, 1.345706264000057 ], [ 31.108182304000024, 1.341364260000148 ], [ 31.109535129000108, 1.337805919000175 ], [ 31.111207457000148, 1.333983139000054 ], [ 31.112907636000045, 1.330104547000133 ], [ 31.112990773000035, 1.330132750000075 ], [ 31.113703336000128, 1.327662114000077 ], [ 31.11420828100006, 1.325009195000064 ], [ 31.115270059000181, 1.321352098999967 ], [ 31.115857291000111, 1.319118568000022 ], [ 31.116480520000039, 1.317369976000123 ], [ 31.117573307000157, 1.314303925000161 ], [ 31.118410369000117, 1.311959409000167 ], [ 31.118522021000103, 1.311624450000068 ], [ 31.118412164000176, 1.311121145000072 ], [ 31.117664791999971, 1.310448158999975 ], [ 31.116876337, 1.309537546000058 ], [ 31.116073077000181, 1.30905998500009 ], [ 31.115741291000063, 1.308583920000046 ], [ 31.115742317000183, 1.308108904000164 ], [ 31.11574501400014, 1.306851505000111 ], [ 31.115385797000158, 1.306235631000163 ], [ 31.114057999000067, 1.304638731000182 ], [ 31.113920050000104, 1.304302983000127 ], [ 31.113756348999971, 1.303045063000127 ], [ 31.113469615000042, 1.300962454000057 ], [ 31.112916437000138, 1.300262146000023 ], [ 31.112168587000042, 1.29981271500003 ], [ 31.111531076000176, 1.299643046000085 ], [ 31.111226730000055, 1.299306785000113 ], [ 31.111134390000188, 1.299025562000168 ], [ 31.110978751, 1.298551559000146 ], [ 31.111065307000104, 1.296987057000024 ], [ 31.111178153000026, 1.296093259000145 ], [ 31.111152397000183, 1.295171079 ], [ 31.111112739000077, 1.294262833 ], [ 31.111308729000143, 1.293397238000068 ], [ 31.112132425000084, 1.29137595900005 ], [ 31.112173018000192, 1.291276346000075 ], [ 31.112313302000075, 1.29052233900012 ], [ 31.112787159999982, 1.289406140000096 ], [ 31.113178474000051, 1.287982309000142 ], [ 31.113096589000122, 1.287367323000069 ], [ 31.112670752000156, 1.285479875000021 ], [ 31.112561969000126, 1.28447360399997 ], [ 31.112591434000137, 1.283663373000024 ], [ 31.112869484000043, 1.283328937000022 ], [ 31.114260265000098, 1.281854579000083 ], [ 31.115192278000052, 1.282835555000077 ], [ 31.117850460000057, 1.284827823000057 ], [ 31.12037009400018, 1.286763768000128 ], [ 31.12369252100018, 1.289400809000085 ], [ 31.124214489000053, 1.289762087000099 ], [ 31.127971090000074, 1.292362195000123 ], [ 31.130436167000028, 1.293878852000148 ], [ 31.131184332000032, 1.294188564000024 ], [ 31.131627955000056, 1.294245849000049 ], [ 31.132088568000086, 1.294169979000173 ], [ 31.132135168, 1.294189270000061 ], [ 31.132578791000014, 1.294246556000189 ], [ 31.133244640000157, 1.294136880000167 ], [ 31.133800033000171, 1.29380331200008 ], [ 31.134939388000021, 1.292745063000041 ], [ 31.135897422000085, 1.292175247000102 ], [ 31.13703510900018, 1.291899396000133 ], [ 31.137920927999971, 1.291888444000108 ], [ 31.13963295800005, 1.292496631000063 ], [ 31.141045904000123, 1.293199632000039 ], [ 31.14182127000015, 1.293760926000118 ], [ 31.143231772000149, 1.295609573000092 ], [ 31.143397524000136, 1.295917465000116 ], [ 31.14395703800011, 1.297376872000029 ], [ 31.143976717000044, 1.297428202000162 ], [ 31.144474858000137, 1.297932735000074 ], [ 31.145555420000164, 1.298439098000131 ], [ 31.146182672, 1.298531376000142 ], [ 31.146622852000064, 1.298596133999979 ], [ 31.147592417000055, 1.299130091000052 ], [ 31.148811767000041, 1.299581009000065 ], [ 31.150308938000023, 1.299809253000092 ], [ 31.151084605000165, 1.300230832000068 ], [ 31.151804378000122, 1.300847831000056 ], [ 31.15291291300008, 1.301242516000116 ], [ 31.15443669400014, 1.302001763000135 ], [ 31.155379364000169, 1.302144437000038 ], [ 31.156738050000115, 1.302288408000152 ], [ 31.15691225900008, 1.302344958000049 ], [ 31.156915344000083, 1.302207141000054 ], [ 31.157688903, 1.302289109000128 ], [ 31.157863112000143, 1.302345658999968 ], [ 31.157869682000126, 1.302052159000027 ], [ 31.157955502000164, 1.300822941000149 ], [ 31.158040722000067, 1.299873141000035 ], [ 31.158236048999981, 1.299314892000154 ], [ 31.15879281600013, 1.298338632000025 ], [ 31.159240246000024, 1.296607557000016 ], [ 31.159380522000106, 1.295853536000095 ], [ 31.160076727000046, 1.294514444000129 ], [ 31.160709858000132, 1.293388129000107 ], [ 31.160758802000089, 1.293301059000044 ], [ 31.160871395000072, 1.292519006000077 ], [ 31.161012199000027, 1.291513491999979 ], [ 31.161319177, 1.29062027100008 ], [ 31.161127880000095, 1.289278407999973 ], [ 31.160188647999973, 1.287515049000035 ], [ 31.160023782000053, 1.286788018000152 ], [ 31.15948518600004, 1.285738463000087 ], [ 31.159044160000178, 1.284451700000147 ], [ 31.158852037000145, 1.283501040000147 ], [ 31.158938610000121, 1.281908556000189 ], [ 31.158967700000062, 1.281265949000044 ], [ 31.159100350000188, 1.280948712 ], [ 31.159469461000072, 1.280065967000041 ], [ 31.159776837000095, 1.278977144000123 ], [ 31.160154355000088, 1.27751130900009 ], [ 31.160101108000049, 1.276878717000159 ], [ 31.160046133000037, 1.276225594000039 ], [ 31.159272293000129, 1.274937797000121 ], [ 31.158407029000102, 1.273623213000064 ], [ 31.158387644000186, 1.273593762000019 ], [ 31.157835735999981, 1.272278717 ], [ 31.157519717000071, 1.270894554000165 ], [ 31.157578597000111, 1.269274041000131 ], [ 31.157686150000075, 1.268855237000082 ], [ 31.157858238000074, 1.268185133000088 ], [ 31.158443361000081, 1.26690157400003 ], [ 31.15855571600008, 1.26623128500006 ], [ 31.158281671000054, 1.264665618000095 ], [ 31.158186345000161, 1.263841006000064 ], [ 31.158520507000105, 1.263199358000122 ], [ 31.159188179000068, 1.262223425000116 ], [ 31.160299534000103, 1.261276817000123 ], [ 31.160910621000141, 1.260831632000134 ], [ 31.161910515999978, 1.260136167000041 ], [ 31.16241125300013, 1.259411204 ], [ 31.163744658000041, 1.258381450000115 ], [ 31.165106495000032, 1.257016476000103 ], [ 31.166121162000024, 1.255887922 ], [ 31.167231931, 1.255220743000166 ], [ 31.168758355000193, 1.25472250200005 ], [ 31.169563867000079, 1.2541382 ], [ 31.17042638200013, 1.252827543000024 ], [ 31.171234299000048, 1.251097565000066 ], [ 31.171542877000036, 1.249421924000046 ], [ 31.172171490000096, 1.247230332000072 ], [ 31.172168874000022, 1.247230329000161 ], [ 31.17216589700007, 1.247164620000149 ], [ 31.172165943000039, 1.247094221999987 ], [ 31.172177196000177, 1.246985466000069 ], [ 31.172200264000139, 1.246955422000099 ], [ 31.172324429000014, 1.246552600000143 ], [ 31.172639925, 1.246056122000084 ], [ 31.172870701000136, 1.245696373000101 ], [ 31.172882567000045, 1.245677875000126 ], [ 31.173337781000043, 1.245396105000111 ], [ 31.173583074000192, 1.245031645000154 ], [ 31.173846820000165, 1.244639766000148 ], [ 31.174260202000085, 1.243930250000062 ], [ 31.174730122000028, 1.242622011000094 ], [ 31.17496595800003, 1.242558889000179 ], [ 31.175296772000024, 1.242638410000097 ], [ 31.175315113000011, 1.242644885 ], [ 31.175365277000083, 1.242670174000068 ], [ 31.175396783000053, 1.242673720000028 ], [ 31.175611808000156, 1.242749636000099 ], [ 31.175926877000052, 1.242813287000104 ], [ 31.176100221000183, 1.242765834000181 ], [ 31.176352355000063, 1.242702576999989 ], [ 31.176409994000096, 1.242696402000092 ], [ 31.176562649000061, 1.242750298000146 ], [ 31.176877718000071, 1.242813950000084 ], [ 31.177051063000135, 1.242766497000162 ], [ 31.177163413000187, 1.242738309000117 ], [ 31.177423650000151, 1.242830187999971 ], [ 31.177722898000013, 1.242988976000163 ], [ 31.178069511000047, 1.243005076000088 ], [ 31.178258622000158, 1.24294177600018 ], [ 31.178418450000038, 1.242854175000105 ], [ 31.178673740000193, 1.24298963800004 ], [ 31.179020353000169, 1.243005738000136 ], [ 31.179209465000042, 1.242942437000124 ], [ 31.179255287000103, 1.242917322000096 ], [ 31.179550597000173, 1.242926815999965 ], [ 31.180116288000193, 1.242915095000171 ], [ 31.180501440000057, 1.24292747800007 ], [ 31.180579891999969, 1.242925852000099 ], [ 31.180937083000174, 1.242943639000032 ], [ 31.187404551000043, 1.243304933000104 ], [ 31.195297257000107, 1.24467419400014 ], [ 31.196510260000025, 1.244960479000099 ], [ 31.196919997000066, 1.244833896000046 ], [ 31.196921401, 1.244833756000048 ], [ 31.197461113000088, 1.244961134999983 ], [ 31.197753843000157, 1.244870700000092 ], [ 31.198148843000126, 1.244993325000166 ], [ 31.198786939000172, 1.245017553000025 ], [ 31.199029022000047, 1.244972040000107 ], [ 31.199099697000122, 1.24499398100005 ], [ 31.199737793000168, 1.245018209000079 ], [ 31.199842745000126, 1.244998477000081 ], [ 31.199874101999967, 1.245002444000136 ], [ 31.200346648, 1.245193068999981 ], [ 31.201071406000096, 1.245209425000098 ], [ 31.201496728000109, 1.245336585000132 ], [ 31.202111067000089, 1.245543165000186 ], [ 31.20263090200018, 1.245702105000021 ], [ 31.20322959300006, 1.24575009199998 ], [ 31.203846521000116, 1.245723981000083 ], [ 31.204180450000138, 1.245750746000056 ], [ 31.205102196000041, 1.245711734 ], [ 31.205543447000025, 1.24558517100013 ], [ 31.205842820000044, 1.245569517999968 ], [ 31.206142279000176, 1.245427 ], [ 31.206615031000069, 1.245316316000185 ], [ 31.207040527000061, 1.245189741000104 ], [ 31.207308442000112, 1.245094775000041 ], [ 31.20757634600011, 1.245015667000075 ], [ 31.207970286000034, 1.244952505000185 ], [ 31.208332737000092, 1.244857603000128 ], [ 31.2086951980001, 1.24474684300003 ], [ 31.209120619000089, 1.244731276000095 ], [ 31.209514506000062, 1.244747405000055 ], [ 31.209769357000084, 1.244736497000076 ], [ 31.210382667000033, 1.244008239000038 ], [ 31.210461009000142, 1.24528378600013 ], [ 31.210534805000179, 1.246197604000088 ], [ 31.210534400000085, 1.24679679400009 ], [ 31.210727505000136, 1.247351178000145 ], [ 31.210325174000161, 1.248069930000099 ], [ 31.210235562000037, 1.248534242000119 ], [ 31.210384057000169, 1.249028677000126 ], [ 31.210696093000024, 1.249777879000078 ], [ 31.210904091000032, 1.250317295000173 ], [ 31.211305344000095, 1.251186398000016 ], [ 31.211795957000106, 1.251965684000027 ], [ 31.212122846000057, 1.252759837000099 ], [ 31.212851537, 1.253614186000163 ], [ 31.213297654000087, 1.254168746000062 ], [ 31.213847830000134, 1.254903135000177 ], [ 31.214383389000147, 1.255248040000026 ], [ 31.214904095000065, 1.255547994000153 ], [ 31.215543846000116, 1.255877990999977 ], [ 31.21612413600019, 1.256103088000032 ], [ 31.217165692000037, 1.256493280000029 ], [ 31.217760805000125, 1.256808267000054 ], [ 31.218727835000038, 1.257363186000021 ], [ 31.219962671000076, 1.258053109 ], [ 31.22063198800015, 1.258682723000049 ], [ 31.221271712000146, 1.25905766000011 ], [ 31.221941100000095, 1.259582416000171 ], [ 31.222402083000134, 1.260166948 ], [ 31.22330970600018, 1.260542070000156 ], [ 31.224247309000191, 1.260602635000112 ], [ 31.224753268000086, 1.260707842000045 ], [ 31.225377988000048, 1.261262528000088 ], [ 31.226344923000056, 1.26196724700003 ], [ 31.227386020000097, 1.263046516999964 ], [ 31.2281890860001, 1.263975825000159 ], [ 31.228545898000164, 1.264545307 ], [ 31.22878362400013, 1.265144668000119 ], [ 31.229318822000153, 1.266028850999987 ], [ 31.23006221300011, 1.267167838000034 ], [ 31.230746092000118, 1.268276825000044 ], [ 31.230864903999986, 1.268651405000128 ], [ 31.231028142000184, 1.269355574000031 ], [ 31.231119739000064, 1.269476305000126 ], [ 31.231636719, 1.271813522000173 ], [ 31.231641963000072, 1.272041788000081 ], [ 31.231693483000072, 1.274284435000084 ], [ 31.231692426999984, 1.274284434000151 ], [ 31.231024778000119, 1.274283971000045 ], [ 31.230057071000033, 1.27470273900002 ], [ 31.229342228000121, 1.275346378999984 ], [ 31.228657337000072, 1.275720402000161 ], [ 31.227600628000118, 1.275704688000076 ], [ 31.226410546000068, 1.274850006000065 ], [ 31.225786083000173, 1.273920819000182 ], [ 31.225384592000069, 1.273396244000025 ], [ 31.225117298000157, 1.272512244999973 ], [ 31.224864641000124, 1.271987774000024 ], [ 31.224165402000096, 1.271582830999989 ], [ 31.222126359000072, 1.27162635500008 ], [ 31.22060894599997, 1.271668935000037 ], [ 31.220563584000161, 1.271670208000046 ], [ 31.220920186000171, 1.272539288000189 ], [ 31.221812113000169, 1.274097814000186 ], [ 31.222064192000119, 1.275461156000176 ], [ 31.222420443000033, 1.276839553000116 ], [ 31.222479295000142, 1.277828265000039 ], [ 31.222806140000046, 1.278682345000163 ], [ 31.22305847399997, 1.27967119300007 ], [ 31.223251307000055, 1.280615060000116 ], [ 31.223205798000095, 1.281858358000136 ], [ 31.222921792000022, 1.283625783000105 ], [ 31.222516077000137, 1.284277130000078 ], [ 31.220829761000061, 1.282314043999975 ], [ 31.220638325000039, 1.281315564000181 ], [ 31.219451375000062, 1.281452564000119 ], [ 31.217576153000152, 1.281173664000164 ], [ 31.215424252000162, 1.282171456000128 ], [ 31.214044952999984, 1.282633125000189 ], [ 31.211801134000098, 1.283612340000104 ], [ 31.210918795000168, 1.283315629000185 ], [ 31.209724173000097, 1.2826115740001 ], [ 31.208162064000078, 1.281564908000178 ], [ 31.207583050000096, 1.281342432999963 ], [ 31.206663910000088, 1.28109196000014 ], [ 31.206121689000099, 1.280841752000015 ], [ 31.205441661000123, 1.280461909000167 ], [ 31.204329427000118, 1.280266815000175 ], [ 31.203768705000073, 1.280183144000091 ], [ 31.203088330000185, 1.280302949000145 ], [ 31.202361937000035, 1.280496743000185 ], [ 31.201424219999979, 1.280523838000022 ], [ 31.200495735000175, 1.280495422000172 ], [ 31.199521311000183, 1.280429963000188 ], [ 31.198656893000077, 1.280808712000123 ], [ 31.19809585500019, 1.281178421999982 ], [ 31.197194341000056, 1.282019779000052 ], [ 31.196026240000094, 1.282842440000024 ], [ 31.195364084000062, 1.283202825000103 ], [ 31.193396626000151, 1.283395730000166 ], [ 31.192872438000109, 1.283654432000048 ], [ 31.192394046000175, 1.284153736000178 ], [ 31.191630407000105, 1.285022944000161 ], [ 31.190903651000042, 1.285734881000167 ], [ 31.190277901000115, 1.286613438000131 ], [ 31.189854627000102, 1.287168295000072 ], [ 31.18938546600009, 1.287612088000117 ], [ 31.188787785000102, 1.287796713000034 ], [ 31.188212582, 1.287715242000161 ], [ 31.188209911000058, 1.287738902000171 ], [ 31.18820865400005, 1.287750034000169 ], [ 31.187959772000056, 1.28869362800009 ], [ 31.187784415000067, 1.289665031000084 ], [ 31.18765545600013, 1.290025793000098 ], [ 31.187425380000093, 1.290377229000057 ], [ 31.186891721000052, 1.291024531000119 ], [ 31.1863302860001, 1.291949393000095 ], [ 31.185713461000091, 1.293198057000041 ], [ 31.184912569000119, 1.294733419000067 ], [ 31.184402732000081, 1.295885754000096 ], [ 31.184396924000168, 1.295898880000095 ], [ 31.184525106000081, 1.29662993200003 ], [ 31.184524418000024, 1.29759220700015 ], [ 31.184946785000079, 1.298314219000019 ], [ 31.185240368000109, 1.29914717000014 ], [ 31.185662576000084, 1.300091247000182 ], [ 31.186176588000137, 1.301211191000107 ], [ 31.18661713500012, 1.302220050000187 ], [ 31.186680366000076, 1.303783795000129 ], [ 31.186283993000075, 1.30527318500009 ], [ 31.185768672000165, 1.305976011000155 ], [ 31.18556615100016, 1.306355223000082 ], [ 31.185446161000186, 1.30702132600004 ], [ 31.18486654100019, 1.307650084000045 ], [ 31.184020200000077, 1.308445194000114 ], [ 31.182704514000079, 1.309924654000099 ], [ 31.181784587000095, 1.310775223000064 ], [ 31.180689875000098, 1.311782958000038 ], [ 31.179797546000088, 1.312605786000063 ], [ 31.178867987, 1.31405776500003 ], [ 31.178242001000115, 1.315232386000162 ], [ 31.177778165000063, 1.31629127500014 ], [ 31.177765049000072, 1.316286469999966 ], [ 31.176886210000077, 1.317289448 ], [ 31.174783394000031, 1.319007695000153 ], [ 31.173699307000106, 1.31989352 ], [ 31.169946619000086, 1.322796746000051 ], [ 31.167694631000131, 1.324265027000138 ], [ 31.166045360000169, 1.325340337000114 ], [ 31.164287711000156, 1.327286343000026 ], [ 31.162946632000114, 1.32944236700007 ], [ 31.162722612000039, 1.330306367000105 ], [ 31.161991376000117, 1.333126573000072 ], [ 31.16173738700013, 1.334516836000091 ], [ 31.161602831000039, 1.33525334899997 ], [ 31.160082469000031, 1.338307988000054 ], [ 31.159544568000172, 1.341123696000125 ], [ 31.159721392000051, 1.343490565000138 ], [ 31.160450012000126, 1.344622154000035 ], [ 31.160810798000114, 1.344543692000116 ], [ 31.161182648000192, 1.344851051000092 ], [ 31.161539761000142, 1.344963668000048 ], [ 31.161844378000012, 1.345615501000111 ], [ 31.162112040000181, 1.345930272000089 ], [ 31.162699821000047, 1.346073022000041 ], [ 31.163019514000098, 1.346470219000082 ], [ 31.16324931500003, 1.347653763000153 ], [ 31.163263845000131, 1.348125625000137 ], [ 31.162921305000054, 1.348424951000027 ], [ 31.162794448000113, 1.348889215000042 ], [ 31.16277810400004, 1.350829030000057 ], [ 31.16270195300001, 1.353132049000124 ], [ 31.161448835999977, 1.356995765000022 ], [ 31.160940123999978, 1.360530500000039 ], [ 31.162318353000103, 1.363200930000176 ], [ 31.162455994000027, 1.363467620000051 ], [ 31.162841800000137, 1.364995813000121 ], [ 31.162354192000123, 1.36665036100004 ], [ 31.162215078000145, 1.367122398000106 ], [ 31.16123154200011, 1.368739408000124 ], [ 31.158729625000149, 1.370714744000168 ], [ 31.158087251000097, 1.371725899000069 ], [ 31.157835545000069, 1.372122106000063 ], [ 31.157766239000011, 1.372377090000043 ], [ 31.157710646000112, 1.372581624000077 ], [ 31.15824655300014, 1.372670351000068 ], [ 31.157704557000102, 1.37258237900005 ], [ 31.157010333000187, 1.372973123000065 ], [ 31.155881510000142, 1.373930078000114 ], [ 31.155533204999983, 1.374671207000063 ], [ 31.155228528000123, 1.375281493000102 ], [ 31.154403537000178, 1.376021099000184 ], [ 31.153578634000041, 1.376717056000132 ], [ 31.153360622000093, 1.377327611999988 ], [ 31.153054704, 1.378505481000047 ], [ 31.152706218000162, 1.379333933 ], [ 31.151663201000076, 1.380684100999986 ], [ 31.150837920000072, 1.381554689000097 ], [ 31.150011872000164, 1.382774565000148 ], [ 31.14961918400013, 1.383995808000179 ], [ 31.149703484000042, 1.385087598000098 ], [ 31.150178089000121, 1.386049654000146 ], [ 31.150219135000157, 1.38709764000015 ], [ 31.150130663000084, 1.387926915000094 ], [ 31.149759109000115, 1.389388368000141 ], [ 31.14958376300018, 1.390304687000025 ], [ 31.14931965500017, 1.392181257000061 ], [ 31.149273645000051, 1.393403614000022 ], [ 31.149616903000037, 1.394976497000016 ], [ 31.149744629000168, 1.396024765000107 ], [ 31.149545286000091, 1.396657046000087 ], [ 31.148765706000063, 1.398023752000029 ], [ 31.148152717000073, 1.399307169000053 ], [ 31.147873468000114, 1.400172504000182 ], [ 31.147705107000149, 1.401066140000012 ], [ 31.147716371000172, 1.402253746000042 ], [ 31.147129522000057, 1.404263761000038 ], [ 31.146795230000066, 1.40493332200009 ], [ 31.145460688000185, 1.406410025000127 ], [ 31.144349870999974, 1.407049155000095 ], [ 31.143850387000043, 1.407159321000165 ], [ 31.142019427000093, 1.407349061000048 ], [ 31.140133068000068, 1.407510669999965 ], [ 31.139355624000018, 1.407899380000174 ], [ 31.139190390000067, 1.408166797000035 ], [ 31.139174696000168, 1.408192196000073 ], [ 31.139309447000016, 1.409980968000127 ], [ 31.139252438000028, 1.41067935000018 ], [ 31.138890345000164, 1.411376763000021 ], [ 31.13844406100003, 1.412520982000103 ], [ 31.137692260000108, 1.413859820000027 ], [ 31.136746126000162, 1.415281862000143 ], [ 31.136662180000144, 1.415616905000036 ], [ 31.136661935000177, 1.415728676000128 ], [ 31.136604932000182, 1.416427057000078 ], [ 31.136353960000179, 1.417040991000079 ], [ 31.135798386000033, 1.417430402000093 ], [ 31.135062020000078, 1.418056756000055 ], [ 31.13434071800009, 1.418138264000049 ], [ 31.133758705000162, 1.417940795000106 ], [ 31.133094163000067, 1.417435696000155 ], [ 31.131545185000107, 1.415530611000179 ], [ 31.129746644000079, 1.413596797000025 ], [ 31.128998473000081, 1.413287024999988 ], [ 31.128110761000187, 1.413368 ], [ 31.127250355000058, 1.413644667000085 ], [ 31.126611281000123, 1.414173520000077 ], [ 31.126109455000176, 1.415345488000071 ], [ 31.125690718000044, 1.416573617000154 ], [ 31.125588863000075, 1.418738840000174 ], [ 31.125862397000162, 1.420472156000017 ], [ 31.125886885000057, 1.420534800999974 ], [ 31.126134176000164, 1.421167421000121 ], [ 31.125307386000145, 1.420610085000021 ], [ 31.124337087000072, 1.420411360000173 ], [ 31.123341173000085, 1.420240872000079 ], [ 31.12300628800017, 1.420183544000167 ], [ 31.121536024000193, 1.420318517000055 ] ] ] } },
{ "type": "Feature", "properties": { "Sub_County": "KYANGWALI", "adm4_pcode": "UG41180107" }, "geometry": { "type": "Polygon", "coordinates": [ [ [ 30.66064421800013, 1.387400434000142 ], [ 30.66064419200012, 1.387400405000051 ], [ 30.629680895000149, 1.352572068000029 ], [ 30.629513044000021, 1.352383265000128 ], [ 30.604552785000124, 1.324307567000119 ], [ 30.60396287500015, 1.323644029000093 ], [ 30.550411342000132, 1.263409357000171 ], [ 30.550411355000051, 1.263406647000124 ], [ 30.550371104000192, 1.255182933000015 ], [ 30.550455267000132, 1.252896232000126 ], [ 30.55043357, 1.244629309000061 ], [ 30.550479451000172, 1.242567433000033 ], [ 30.550423470000055, 1.233550581000031 ], [ 30.550442553000153, 1.224421486000097 ], [ 30.550437045000024, 1.219814242000098 ], [ 30.550429960000088, 1.213905118000184 ], [ 30.550474042000189, 1.20773792600005 ], [ 30.550470387000132, 1.206360112000141 ], [ 30.553300551000177, 1.203538540000068 ], [ 30.56250274100006, 1.194476140000063 ], [ 30.573609711000131, 1.185194668000179 ], [ 30.58685082300002, 1.1743825530001 ], [ 30.600091879000161, 1.163570163000031 ], [ 30.613668097000073, 1.152946009000118 ], [ 30.616177414000106, 1.150966726000036 ], [ 30.628962477000073, 1.142101984000021 ], [ 30.631508663000034, 1.14023523600008 ], [ 30.644329526000092, 1.131745277000107 ], [ 30.649648009000089, 1.12748745000016 ], [ 30.659321126000066, 1.121912010000131 ], [ 30.66205752500008, 1.12032954700004 ], [ 30.662352183000166, 1.120159145000173 ], [ 30.663286413000151, 1.119937060000154 ], [ 30.664146584000036, 1.119564772000103 ], [ 30.665044083000112, 1.119192605000137 ], [ 30.666053736000094, 1.11878327800008 ], [ 30.666986466000139, 1.118936143000042 ], [ 30.667810354000096, 1.118301273999975 ], [ 30.668186093000031, 1.117702525000084 ], [ 30.668226135000168, 1.117027741000072 ], [ 30.668229364000126, 1.117018843000039 ], [ 30.668383444000085, 1.116594234000161 ], [ 30.668565896000075, 1.116091424000103 ], [ 30.668905955000071, 1.11508012000013 ], [ 30.669245417000127, 1.114218791000155 ], [ 30.669995082000071, 1.113471203000131 ], [ 30.670667836000121, 1.113285809000047 ], [ 30.671566687000166, 1.112576180000076 ], [ 30.672168974000158, 1.111340705999964 ], [ 30.672843981000142, 1.110592898000107 ], [ 30.673592295000049, 1.110182759000168 ], [ 30.674790117000043, 1.109399050000093 ], [ 30.675800068, 1.108914730000151 ], [ 30.67759447200018, 1.108320328 ], [ 30.679107600000123, 1.108043775000112 ], [ 30.680340055000045, 1.107935085000179 ], [ 30.680928042000119, 1.10790216100014 ], [ 30.680974869000181, 1.107899540000176 ], [ 30.681944043000101, 1.108277466000175 ], [ 30.682690566000133, 1.108317258000113 ], [ 30.683697368000082, 1.108620317000032 ], [ 30.684518261000107, 1.108735325000168 ], [ 30.68511559, 1.108737157000121 ], [ 30.686234706000107, 1.108965573000035 ], [ 30.686682701000109, 1.10896694600001 ], [ 30.68750524100011, 1.108669513000052 ], [ 30.688139463000027, 1.108783947000063 ], [ 30.689520667000068, 1.108825692000096 ], [ 30.690378893000059, 1.108940811000082 ], [ 30.691164849000074, 1.108455795000111 ], [ 30.691798924000011, 1.108607719000076 ], [ 30.692320696000024, 1.108834292999973 ], [ 30.692994052000131, 1.108498909000105 ], [ 30.693517776000135, 1.108238044000132 ], [ 30.69446955900014, 1.108297213000128 ], [ 30.6951415690001, 1.108299278000061 ], [ 30.696112250000056, 1.108302252000101 ], [ 30.696784707000177, 1.108191836 ], [ 30.697680573000071, 1.108232085000054 ], [ 30.698202199000036, 1.108496150000178 ], [ 30.698538953000025, 1.108309701999985 ], [ 30.699174833000029, 1.108011691000115 ], [ 30.699846696000122, 1.108051255000021 ], [ 30.700481073000105, 1.108128186999977 ], [ 30.70111724100019, 1.107755186000134 ], [ 30.701638878000097, 1.108019261000038 ], [ 30.701902810000092, 1.107778927000084 ], [ 30.702500704000158, 1.107234491000156 ], [ 30.703434951000133, 1.107012388000157 ], [ 30.704518090000136, 1.106903224000177 ], [ 30.704706250000072, 1.106528843000035 ], [ 30.70519399200009, 1.10593040800012 ], [ 30.705903494000154, 1.10589509100015 ], [ 30.706076422000081, 1.105808956000033 ], [ 30.70680130400018, 1.105447892000029 ], [ 30.707028156000149, 1.104736169000034 ], [ 30.707590111000172, 1.104250446000037 ], [ 30.707779475000052, 1.103576101000101 ], [ 30.708490461000054, 1.103165828000044 ], [ 30.709089606000191, 1.102717718000065 ], [ 30.709391570000093, 1.101893736000079 ], [ 30.71015878999998, 1.10142738900015 ], [ 30.710645622000129, 1.101053922000062 ], [ 30.711468772000046, 1.100606492000168 ], [ 30.71195665900018, 1.099970551000069 ], [ 30.711996231000057, 1.099408235000055 ], [ 30.712259213000152, 1.09899658400002 ], [ 30.712482321000152, 1.09922224900015 ], [ 30.712855959000137, 1.099148398000125 ], [ 30.71285746000018, 1.098773443000141 ], [ 30.712884006000081, 1.098739420000072 ], [ 30.713120137000146, 1.098436783000182 ], [ 30.713420755000129, 1.097950261000051 ], [ 30.713422699000148, 1.097462814000153 ], [ 30.713796190000039, 1.097426463000033 ], [ 30.714168191000169, 1.097765068000115 ], [ 30.714169829000127, 1.097352612000066 ], [ 30.714172966000149, 1.096565211000041 ], [ 30.714547206000191, 1.096341376000055 ], [ 30.714846926000121, 1.096079826999983 ], [ 30.715260439000133, 1.095368667000116 ], [ 30.715560603000085, 1.094994627000119 ], [ 30.715861219000089, 1.094508094000105 ], [ 30.716012943000067, 1.093908622000015 ], [ 30.716835638000191, 1.093573677000109 ], [ 30.717657880000161, 1.093351213 ], [ 30.718478939000136, 1.093428704000132 ], [ 30.718817190000152, 1.092867300000023 ], [ 30.718881752000186, 1.092472101000112 ], [ 30.71890447100003, 1.092333032000056 ], [ 30.718970253000123, 1.091930370000114 ], [ 30.719344493, 1.091706532999979 ], [ 30.719927862000077, 1.090527193000128 ], [ 30.720491015, 1.08974149200003 ], [ 30.72123844000015, 1.089556292000168 ], [ 30.721912989000089, 1.088920910000184 ], [ 30.722138344000143, 1.088584133000097 ], [ 30.722141966000095, 1.08858103700004 ], [ 30.722925039000131, 1.087911601999963 ], [ 30.723713082000074, 1.086901614000055 ], [ 30.724385996000137, 1.086678678000112 ], [ 30.724986023000156, 1.086005577000094 ], [ 30.725734206000141, 1.085632898000085 ], [ 30.726630824000097, 1.085485641000048 ], [ 30.726923286000101, 1.085261276999972 ], [ 30.727078573000085, 1.085142148000159 ], [ 30.727604499000108, 1.08473868100009 ], [ 30.728652244000159, 1.084141927000076 ], [ 30.729661313000065, 1.083882528000061 ], [ 30.730410382000173, 1.083284861000038 ], [ 30.731643164000047, 1.083101132000024 ], [ 30.733175064000136, 1.082805818000111 ], [ 30.733961474000182, 1.082208269000148 ], [ 30.735419601000103, 1.081687745000067 ], [ 30.735925629000064, 1.081183082000166 ], [ 30.736897813000041, 1.080811072000074 ], [ 30.737907337000081, 1.080439174000048 ], [ 30.739030490000175, 1.079655156 ], [ 30.740642267000055, 1.078047702000049 ], [ 30.741395054000066, 1.076512622000052 ], [ 30.741959376000068, 1.075426940000114 ], [ 30.742159272000094, 1.07520012100008 ], [ 30.743046980000145, 1.074192848000166 ], [ 30.744919796000033, 1.072661160000052 ], [ 30.746603413000173, 1.071766338000089 ], [ 30.748584231000109, 1.071247384000173 ], [ 30.750225223000143, 1.071127998000065 ], [ 30.750563570000168, 1.07110338200016 ], [ 30.750563607000117, 1.07109803600008 ], [ 30.750591247000045, 1.071092841000052 ], [ 30.750604252000187, 1.071075413000074 ], [ 30.750615100000175, 1.071047085000032 ], [ 30.750632435000114, 1.071031840000103 ], [ 30.750636772000178, 1.071023125000181 ], [ 30.750663915000018, 1.070995481000182 ], [ 30.75092940400009, 1.071068698000147 ], [ 30.751941958000032, 1.070995353000171 ], [ 30.752854059000072, 1.070927905000133 ], [ 30.753653350000036, 1.070939989000067 ], [ 30.7542574040001, 1.071141591000014 ], [ 30.755051020000053, 1.071696487000111 ], [ 30.756232984000121, 1.07216156100003 ], [ 30.756961691000129, 1.072553391000156 ], [ 30.757830904000173, 1.072532832000093 ], [ 30.75821352100013, 1.072358877 ], [ 30.758600048000062, 1.071905005000133 ], [ 30.759013675000062, 1.071718758000088 ], [ 30.75956964400018, 1.071862671000019 ], [ 30.759952156, 1.072288461000085 ], [ 30.760195396000086, 1.072923213000024 ], [ 30.760463314000049, 1.073728856000116 ], [ 30.76004563500004, 1.075035072000048 ], [ 30.759806664000052, 1.075694285000111 ], [ 30.759738605, 1.075849161000178 ], [ 30.759343994000119, 1.07630044900003 ], [ 30.759027489000175, 1.076573081 ], [ 30.758507513000097, 1.077027473000101 ], [ 30.758309622000183, 1.07740576000009 ], [ 30.758224587000143, 1.077568312000039 ], [ 30.758150359000069, 1.077989402000071 ], [ 30.758393031000082, 1.07845325500017 ], [ 30.758562711000081, 1.078721788000053 ], [ 30.759093630000052, 1.078843806000066 ], [ 30.760057963000179, 1.078770463000126 ], [ 30.760251685000185, 1.079014594000114 ], [ 30.760783890000084, 1.079527235 ], [ 30.760905391000108, 1.079615854000167 ], [ 30.761171323999974, 1.079809812 ], [ 30.761792633000141, 1.0800200810001 ], [ 30.762142794000056, 1.080065818999969 ], [ 30.762967448000097, 1.080066432000137 ], [ 30.763306373000148, 1.080032575000075 ], [ 30.763769668000066, 1.079851008000048 ], [ 30.764131261000045, 1.079714842000158 ], [ 30.76439110900003, 1.07968092700014 ], [ 30.76476446200013, 1.080039543000112 ], [ 30.764836722000041, 1.080416988000025 ], [ 30.764827719000095, 1.080789028000027 ], [ 30.764615940000056, 1.081181866000065 ], [ 30.76461579000005, 1.081386517 ], [ 30.764710264000087, 1.081882838000126 ], [ 30.765145854000025, 1.082346660000155 ], [ 30.765894280000168, 1.082615144000158 ], [ 30.766474078000158, 1.082932473000028 ], [ 30.766909106000071, 1.083225404000189 ], [ 30.767040663000046, 1.083506435000118 ], [ 30.76710339300007, 1.083640437000156 ], [ 30.766932792000091, 1.083813758000019 ], [ 30.766262924000102, 1.084355181000149 ], [ 30.766047919000187, 1.084855279000124 ], [ 30.765708349000136, 1.085764585000049 ], [ 30.765560637000192, 1.086924163999981 ], [ 30.76561012600007, 1.08785208 ], [ 30.765878041000121, 1.088657726000065 ], [ 30.766314361000184, 1.089341294000121 ], [ 30.766872206000073, 1.090317819 ], [ 30.767146446000027, 1.090821032000179 ], [ 30.767816752000044, 1.091291742000067 ], [ 30.768279700000164, 1.091587696000033 ], [ 30.768731459000151, 1.091735838000034 ], [ 30.768968665000045, 1.091770125000096 ], [ 30.769386627000188, 1.091793177000056 ], [ 30.769748114000151, 1.091804817000138 ], [ 30.770256408000137, 1.091884784000115 ], [ 30.770760856000095, 1.092197362000036 ], [ 30.77131685500018, 1.092612353000163 ], [ 30.771503694000103, 1.092847810000023 ], [ 30.772300060000077, 1.093318877000172 ], [ 30.772514269000169, 1.09384401 ], [ 30.773023338000087, 1.094553153000163 ], [ 30.773223858000165, 1.094844075000083 ], [ 30.773860256000034, 1.096042515000136 ], [ 30.77437558400004, 1.097481692000088 ], [ 30.77477051700015, 1.098095945000011 ], [ 30.775521707000109, 1.09909101400001 ], [ 30.775740343000109, 1.099460233000116 ], [ 30.775910680000038, 1.099924094000016 ], [ 30.775957552000193, 1.100030343000014 ], [ 30.776433038000107, 1.101108153000041 ], [ 30.777029739, 1.101551222000182 ], [ 30.77732067400018, 1.102031738000164 ], [ 30.777602782000088, 1.102452625000069 ], [ 30.777681623000149, 1.102771033000124 ], [ 30.777692115000093, 1.103851152000061 ], [ 30.777736939000079, 1.104340078000178 ], [ 30.777915289000077, 1.104526074000148 ], [ 30.778447260000178, 1.104965492000076 ], [ 30.779171514000041, 1.105209575000117 ], [ 30.779733174000171, 1.105723310000087 ], [ 30.77991578200016, 1.106285924000076 ], [ 30.780390824000051, 1.107498369000098 ], [ 30.780535404000091, 1.108571684000026 ], [ 30.780771968000124, 1.109470063000174 ], [ 30.781130512000118, 1.109848893000105 ], [ 30.781297417000189, 1.110031284000172 ], [ 30.78170826000013, 1.110299813000097 ], [ 30.782095539000125, 1.110739243000012 ], [ 30.782652032000044, 1.111300733000121 ], [ 30.783039230000156, 1.111715753 ], [ 30.78307657300013, 1.111824954999975 ], [ 30.783108291000076, 1.112325609000038 ], [ 30.783198231000028, 1.112905528000113 ], [ 30.783477956000183, 1.113131768000187 ], [ 30.783695143000159, 1.11311055900012 ], [ 30.784009450000099, 1.113424698000074 ], [ 30.78420690500019, 1.113698307000107 ], [ 30.784360886000059, 1.114145700000051 ], [ 30.784724809000068, 1.114633168000069 ], [ 30.785450267000044, 1.115243473000021 ], [ 30.785838119000175, 1.115853809999976 ], [ 30.786516387000177, 1.116781520000188 ], [ 30.786912363000056, 1.117280534000088 ], [ 30.787137606000101, 1.117251725000131 ], [ 30.787329672000055, 1.117229132000091 ], [ 30.787487915000042, 1.117115555000055 ], [ 30.787634861000129, 1.11700197000016 ], [ 30.78774785600018, 1.116967947000091 ], [ 30.787985057000185, 1.117013606000057 ], [ 30.788375008000173, 1.117318489000127 ], [ 30.789171948000046, 1.117916896000168 ], [ 30.789294551000182, 1.118288005000068 ], [ 30.789561412000126, 1.118531590000032 ], [ 30.790051065000057, 1.118800216000068 ], [ 30.790649635000193, 1.11902806500018 ], [ 30.791248384000085, 1.119017150000104 ], [ 30.792061742000044, 1.119051877 ], [ 30.793033217000072, 1.119143573000144 ], [ 30.793473698000184, 1.119280343000071 ], [ 30.793798751000168, 1.119659038000066 ], [ 30.793905402000178, 1.119759496000029 ], [ 30.794511889000034, 1.120858125000098 ], [ 30.794654390000176, 1.120944503000146 ], [ 30.795042672000136, 1.121032472000024 ], [ 30.795460662000096, 1.121032790000072 ], [ 30.79581097200014, 1.120896619000064 ], [ 30.796613174000072, 1.120749422000074 ], [ 30.797381467000093, 1.120624938000049 ], [ 30.798127089000161, 1.120602765000115 ], [ 30.798759801000131, 1.120500917000186 ], [ 30.799561987000061, 1.120376458000123 ], [ 30.800262499000098, 1.12025192200008 ], [ 30.800929094000082, 1.120161468000106 ], [ 30.801460057000099, 1.120161870000118 ], [ 30.80200225699997, 1.120241869000097 ], [ 30.802499270000169, 1.120321834000038 ], [ 30.802770425000119, 1.120287930000075 ], [ 30.803007902000161, 1.119969755000113 ], [ 30.803380952000111, 1.119640314000151 ], [ 30.803844498000103, 1.119151764000037 ], [ 30.804025464000176, 1.118867656000134 ], [ 30.803969181000184, 1.118594738000127 ], [ 30.804071085000089, 1.118287831000032 ], [ 30.804150231000108, 1.118196932000046 ], [ 30.804545672000188, 1.118140382000036 ], [ 30.805223516000183, 1.118118153000012 ], [ 30.805686857000012, 1.117902477000143 ], [ 30.805980819000183, 1.117584344000022 ], [ 30.806647754000039, 1.117039096000042 ], [ 30.807235424000169, 1.116743923 ], [ 30.807450314, 1.116414359000089 ], [ 30.807518308000112, 1.116130166000119 ], [ 30.807699290000187, 1.115823317000036 ], [ 30.807936588000132, 1.115743906000148 ], [ 30.808072212000127, 1.115664420000144 ], [ 30.808199561000094, 1.115511520000098 ], [ 30.808016048000127, 1.11523232400009 ], [ 30.80801620800014, 1.115016298000171 ], [ 30.808084084000029, 1.114891280000109 ], [ 30.808344052000052, 1.114709558000186 ], [ 30.808513669000149, 1.114493659000175 ], [ 30.808421818000113, 1.113963899000055 ], [ 30.808137721000151, 1.113727699000037 ], [ 30.808143110000117, 1.113635458000147 ], [ 30.808006066000189, 1.113458624999964 ], [ 30.807961004000163, 1.113288043000068 ], [ 30.807983715000034, 1.113019673000053 ], [ 30.808017729000142, 1.113019669000096 ], [ 30.808017809000148, 1.112856032000138 ], [ 30.807927526000071, 1.112730896000073 ], [ 30.807769366000116, 1.112730777000138 ], [ 30.80762246200004, 1.112787517000072 ], [ 30.807486803000131, 1.112912483000059 ], [ 30.807320720000121, 1.11287217500012 ], [ 30.807068862000051, 1.112843951000116 ], [ 30.807091582000169, 1.112673420000135 ], [ 30.80718205200003, 1.112548420000053 ], [ 30.807272512000054, 1.112434790000066 ], [ 30.807498512999985, 1.112355370999978 ], [ 30.807650176000038, 1.112139254000169 ], [ 30.807487586000093, 1.111855090000063 ], [ 30.807453880000139, 1.111604929000066 ], [ 30.807476626000039, 1.11140029000012 ], [ 30.807646191000174, 1.111252609000076 ], [ 30.807860819000155, 1.111275509000166 ], [ 30.808188385000051, 1.111343974000079 ], [ 30.808301373000177, 1.111321318000137 ], [ 30.808380495000165, 1.111264529000152 ], [ 30.808437182000148, 1.110991695000166 ], [ 30.808527710000192, 1.110787107000078 ], [ 30.80865209500007, 1.110628022000185 ], [ 30.808844129000136, 1.110650905 ], [ 30.809036054000103, 1.110821596 ], [ 30.80917161900004, 1.110821697000119 ], [ 30.80922813, 1.110787630000061 ], [ 30.80928474100017, 1.110617125000033 ], [ 30.809386651000068, 1.110298846000092 ], [ 30.809488576000092, 1.109957827000017 ], [ 30.809768286000121, 1.109780021000063 ], [ 30.810370195000132, 1.109355885000127 ], [ 30.810833519000084, 1.109162943000172 ], [ 30.811150039000154, 1.108890304000113 ], [ 30.811568376000025, 1.108424452000065 ], [ 30.811794552000094, 1.108106264000071 ], [ 30.811952838000082, 1.107935834000159 ], [ 30.812144897000053, 1.107924608000133 ], [ 30.812291684, 1.108027046000075 ], [ 30.812517593000166, 1.1080726940001 ], [ 30.812811360000012, 1.10801606300015 ], [ 30.813003470000126, 1.107936618000053 ], [ 30.813319889000127, 1.107800415000042 ], [ 30.813365136000186, 1.107720860000143 ], [ 30.813444350000168, 1.107539001000077 ], [ 30.813489698000012, 1.107323007000161 ], [ 30.813331872000106, 1.106868095000038 ], [ 30.813388474000192, 1.106708959000173 ], [ 30.813512968000168, 1.106402066000101 ], [ 30.813614909000023, 1.106038305000084 ], [ 30.81372803000005, 1.105833732000121 ], [ 30.813954023000178, 1.105765681000094 ], [ 30.814507573000128, 1.105777462000106 ], [ 30.815241621000098, 1.106141843000159 ], [ 30.815601769000068, 1.106512270000167 ], [ 30.81616787500019, 1.107310759000029 ], [ 30.816328624000107, 1.107513327000106 ], [ 30.816519057000107, 1.107643174000088 ], [ 30.81676583300009, 1.107370924000122 ], [ 30.816912780000109, 1.107257334000167 ], [ 30.81742126000006, 1.107109904000026 ], [ 30.817771471000185, 1.107110164000062 ], [ 30.818166830000109, 1.107167307000054 ], [ 30.818539512000029, 1.107338132000109 ], [ 30.819104095000114, 1.107713758000102 ], [ 30.819792838000183, 1.108237286000076 ], [ 30.819985793000058, 1.10864815900004 ], [ 30.820196673000112, 1.109198470000024 ], [ 30.820229042000051, 1.109282938999968 ], [ 30.820545287000186, 1.110113027000068 ], [ 30.821022454000172, 1.11065999300007 ], [ 30.821344318000115, 1.111089561000085 ], [ 30.821634754000172, 1.111406928000122 ], [ 30.82235958900003, 1.1118219170001 ], [ 30.822839291000093, 1.112323785000058 ], [ 30.822885038000095, 1.11263974700006 ], [ 30.823051049000014, 1.112878586000022 ], [ 30.823232765000171, 1.113192237000135 ], [ 30.823551147000046, 1.113220110000043 ], [ 30.823833486000012, 1.113345391 ], [ 30.824005250000027, 1.113579670000149 ], [ 30.82396862600018, 1.113925358000131 ], [ 30.823923211000078, 1.114232313000059 ], [ 30.824036008000064, 1.114471165999987 ], [ 30.824201679000055, 1.114503618000185 ], [ 30.824312933000158, 1.114656505000141 ], [ 30.824657246000129, 1.114619438000034 ], [ 30.824871911000059, 1.114596858000084 ], [ 30.825371454000106, 1.114690431000099 ], [ 30.825594876000082, 1.114676987000053 ], [ 30.825830700999973, 1.115007785999978 ], [ 30.825989013000139, 1.115405149000082 ], [ 30.826034556000081, 1.115916641000126 ], [ 30.826341722000109, 1.116399414 ], [ 30.827568502000133, 1.117416532000163 ], [ 30.828058450000185, 1.11776651100007 ], [ 30.828856036000104, 1.118303574000038 ], [ 30.829218016000027, 1.118376787000102 ], [ 30.829799131000073, 1.119084784000165 ], [ 30.830085551000138, 1.119229501000177 ], [ 30.83010207500007, 1.119519238000066 ], [ 30.830230181000047, 1.120127425000021 ], [ 30.830242779000173, 1.120476764000045 ], [ 30.830319720000091, 1.120735585000091 ], [ 30.830600828000058, 1.120867032000035 ], [ 30.831431637000151, 1.121713951 ], [ 30.831736444000057, 1.122024669000155 ], [ 30.832079957000133, 1.122030714 ], [ 30.832504245000052, 1.121953403000134 ], [ 30.832877167, 1.12179842400019 ], [ 30.833365549000121, 1.121966984999972 ], [ 30.833404875000156, 1.1221895810001 ], [ 30.833493569000041, 1.1226916170001 ], [ 30.833518965000167, 1.123118595000051 ], [ 30.833569918000023, 1.123752603000128 ], [ 30.833833165000044, 1.123972026000047 ], [ 30.834405226000058, 1.124154311000154 ], [ 30.834893638000153, 1.124284059000047 ], [ 30.835231135000072, 1.124541128000089 ], [ 30.835643511000114, 1.125273554000103 ], [ 30.835724461000041, 1.125360655000122 ], [ 30.836075415000153, 1.12553994700005 ], [ 30.836448081000071, 1.125734298000054 ], [ 30.836653758000125, 1.125747390000072 ], [ 30.83685954200007, 1.125618163000127 ], [ 30.837014037000188, 1.125307762000091 ], [ 30.837219820000087, 1.125178534000042 ], [ 30.837386904000027, 1.125230412000064 ], [ 30.83743217100016, 1.125586948000091 ], [ 30.837623625000163, 1.1257544340001 ], [ 30.837852300000179, 1.12609362000012 ], [ 30.838273283000092, 1.126110872000083 ], [ 30.838504644000125, 1.126162798000166 ], [ 30.838866200000041, 1.12659418100003 ], [ 30.839145483000152, 1.126835823000135 ], [ 30.839484956999968, 1.12739735100007 ], [ 30.840101327000184, 1.127824563000047 ], [ 30.841164082000091, 1.128403100000071 ], [ 30.841639441000098, 1.128804540000033 ], [ 30.842166193000139, 1.129244836000055 ], [ 30.842173695000042, 1.129461144 ], [ 30.842274352000118, 1.129587549000064 ], [ 30.842378730000064, 1.129899887000022 ], [ 30.842462309000155, 1.13005156100013 ], [ 30.842646029000036, 1.13023100700002 ], [ 30.842863857000111, 1.130276472000162 ], [ 30.843416198999989, 1.130299347000175 ], [ 30.843851315000109, 1.130400748000113 ], [ 30.844174791000057, 1.130575063000094 ], [ 30.844369907000043, 1.130794205000086 ], [ 30.844682299000112, 1.131156869999984 ], [ 30.844777905000058, 1.13127550400003 ], [ 30.845122579000133, 1.131530369000075 ], [ 30.845825241, 1.131991347000053 ], [ 30.846031550000134, 1.132165575000045 ], [ 30.846327133000159, 1.13233425500016 ], [ 30.846388423000064, 1.132446606000144 ], [ 30.846384786000044, 1.132553366000081 ], [ 30.84627663100008, 1.13272167100007 ], [ 30.846237489000032, 1.132839562000129 ], [ 30.846259718000169, 1.132957499000042 ], [ 30.846382387000119, 1.133064280999974 ], [ 30.846485683000139, 1.133144761000096 ], [ 30.846512603000065, 1.133165735000034 ], [ 30.846761731000072, 1.133137564000094 ], [ 30.846851068000092, 1.133047787000066 ], [ 30.846996244000024, 1.132896283000093 ], [ 30.84710230200011, 1.13282898000017 ], [ 30.847213899000167, 1.132817833000047 ], [ 30.847347721000062, 1.132930239000075 ], [ 30.847363767000161, 1.133115512000074 ], [ 30.84743122600014, 1.133182989000034 ], [ 30.847548054000185, 1.133213049000062 ], [ 30.847777144000133, 1.13318886400009 ], [ 30.847883144000036, 1.133200174000137 ], [ 30.848123033000093, 1.133234045000165 ], [ 30.848290327000086, 1.133352091000177 ], [ 30.848368373000142, 1.133441994000066 ], [ 30.848412135, 1.133590260000062 ], [ 30.848446290000084, 1.133705970000051 ], [ 30.848535406000167, 1.133913802 ], [ 30.848613434000072, 1.134026167000172 ], [ 30.848830835, 1.13429024800007 ], [ 30.84895051400008, 1.13434455700002 ], [ 30.849053937000178, 1.134391490000098 ], [ 30.849237999000138, 1.134470242000077 ], [ 30.849433062, 1.134762383000179 ], [ 30.849554385000033, 1.135001895000073 ], [ 30.849242888000106, 1.135402382000109 ], [ 30.849058693000018, 1.135503319000179 ], [ 30.849030724000102, 1.135598757000082 ], [ 30.849103194000065, 1.135683042000039 ], [ 30.849309578000089, 1.135756195000113 ], [ 30.849429060000034, 1.135752908000143 ], [ 30.849644339000179, 1.135762061000094 ], [ 30.84975038500005, 1.135711603000175 ], [ 30.849767169000017, 1.135649848000128 ], [ 30.849767227000029, 1.135571234 ], [ 30.849795224000161, 1.135436488000039 ], [ 30.84985111400016, 1.135307379000153 ], [ 30.849973944000169, 1.135195165000084 ], [ 30.850141344000178, 1.135172830000101 ], [ 30.850325426000154, 1.135223505000113 ], [ 30.850448107000091, 1.135313443000086 ], [ 30.850457211000105, 1.135430624000094 ], [ 30.850464687, 1.135526835000178 ], [ 30.850369695000154, 1.135717684000042 ], [ 30.850302622000186, 1.135880476000011 ], [ 30.850324776999969, 1.136099489000117 ], [ 30.85038046700015, 1.136239913 ], [ 30.850581214000158, 1.13639167700012 ], [ 30.850666621000016, 1.136416701000087 ], [ 30.85075413800007, 1.136442344000159 ], [ 30.851005199000156, 1.13645937900003 ], [ 30.85124508500013, 1.136498866000011 ], [ 30.851406830000087, 1.136577601000056 ], [ 30.851427892000061, 1.136709261000135 ], [ 30.851467921000051, 1.13695948700007 ], [ 30.851495630000159, 1.137212195000188 ], [ 30.851473071000157, 1.137537865000127 ], [ 30.851478571000087, 1.137644560000126 ], [ 30.851567788000068, 1.13771762500005 ], [ 30.851674689000106, 1.13772443 ], [ 30.851746321000178, 1.137728990000028 ], [ 30.851969552000128, 1.137656160000063 ], [ 30.852159265000068, 1.137639456000102 ], [ 30.852337752000039, 1.137712588999989 ], [ 30.852694706000079, 1.137886931000025 ], [ 30.853224277000095, 1.138527472000021 ], [ 30.853280352000183, 1.138663928000142 ], [ 30.853430224000192, 1.139190232000146 ], [ 30.853463497000178, 1.139465407000102 ], [ 30.853463347000172, 1.139667557000109 ], [ 30.853507819000129, 1.139886587000092 ], [ 30.85351319900019, 1.140156125000033 ], [ 30.853568892999988, 1.140290934000063 ], [ 30.853707554000039, 1.140429033000032 ], [ 30.853755967000041, 1.14047725000006 ], [ 30.854327279000074, 1.140853034000031 ], [ 30.854444364000074, 1.140965429 ], [ 30.854567028000076, 1.141077827000117 ], [ 30.85461715100007, 1.141201400999989 ], [ 30.854585307000093, 1.141259569000056 ], [ 30.854555694000055, 1.141313661000083 ], [ 30.854438509000033, 1.14133603300013 ], [ 30.85429907300005, 1.141268545000059 ], [ 30.854131753000047, 1.141184189 ], [ 30.853947643000083, 1.141167206000091 ], [ 30.853791394000041, 1.141200779000144 ], [ 30.853713136000124, 1.141397256000118 ], [ 30.853785581000182, 1.141515231000028 ], [ 30.854007956000032, 1.141764083000055 ], [ 30.854142364000097, 1.141919802000018 ], [ 30.854231593000122, 1.141976022000051 ], [ 30.854454725000096, 1.14203795800006 ], [ 30.854845295000075, 1.142027022000036 ], [ 30.855062918000101, 1.141993495000179 ], [ 30.855369808000091, 1.141965648999985 ], [ 30.855548308000095, 1.142021936000162 ], [ 30.855693299000109, 1.142123121000054 ], [ 30.855788057000098, 1.142246729000021 ], [ 30.855882837000138, 1.14247127100009 ], [ 30.855944010000144, 1.142611841000189 ], [ 30.856048476000069, 1.142673308000042 ], [ 30.856284328000072, 1.142651404000162 ], [ 30.856462854000085, 1.142674000000113 ], [ 30.856680389000076, 1.142758394000168 ], [ 30.85684769300002, 1.142865210000082 ], [ 30.856871689000059, 1.143043302000081 ], [ 30.856869681000092, 1.14330883700012 ], [ 30.856824942, 1.143449185000179 ], [ 30.856735553000192, 1.143606347000059 ], [ 30.856651757000179, 1.143746666000027 ], [ 30.856567957000152, 1.143892601000118 ], [ 30.856612496000025, 1.144021786000053 ], [ 30.856724014, 1.144117331000075 ], [ 30.856891899000175, 1.144170036000048 ], [ 30.856975031000104, 1.144196134000083 ], [ 30.857164665000141, 1.144286122000096 ], [ 30.857343129000185, 1.144392948000018 ], [ 30.857462724000015, 1.144565446000115 ], [ 30.857556381000052, 1.144584390000034 ], [ 30.85783374, 1.144904311000175 ], [ 30.858023270000047, 1.145134682000105 ], [ 30.858435908000104, 1.145460680999975 ], [ 30.858988011, 1.145814862000066 ], [ 30.859356143000127, 1.145966753000152 ], [ 30.859696357000189, 1.146146700000031 ], [ 30.860058892999973, 1.146321048000061 ], [ 30.860365692000073, 1.14641674000012 ], [ 30.860544198000071, 1.14646741200005 ], [ 30.861079647000054, 1.146709275000092 ], [ 30.861525876000144, 1.146883687000127 ], [ 30.861927535000063, 1.14696821900003 ], [ 30.862251104000109, 1.147024617000056 ], [ 30.862379436000083, 1.147019098000044 ], [ 30.862518973000135, 1.146951819000094 ], [ 30.862619461000122, 1.146873281000182 ], [ 30.862725564000129, 1.146749823999983 ], [ 30.862753524000084, 1.146665614000142 ], [ 30.862764753000079, 1.146570163000149 ], [ 30.862748119000116, 1.146429766000153 ], [ 30.862737040000184, 1.146323067000139 ], [ 30.862742691, 1.146227611000029 ], [ 30.862815261000151, 1.146177127000101 ], [ 30.8630551870001, 1.146166077000089 ], [ 30.863300576000086, 1.14631226 ], [ 30.863349533000132, 1.14644560000005 ], [ 30.863411941000152, 1.146615572000087 ], [ 30.863534463000178, 1.146918892000144 ], [ 30.86380201500009, 1.147272860000101 ], [ 30.863938920000123, 1.147370141000067 ], [ 30.864142184000059, 1.147514576000049 ], [ 30.864359772000114, 1.147531586000184 ], [ 30.864644334000047, 1.147520569999983 ], [ 30.864817332000143, 1.147475777000125 ], [ 30.865124187000049, 1.14749847000013 ], [ 30.865564845000108, 1.147661646000131 ], [ 30.865871509000101, 1.147942644000125 ], [ 30.866100067000161, 1.148212353000133 ], [ 30.866283112000133, 1.148450155000091 ], [ 30.867053798000086, 1.148701606000031 ], [ 30.867355091000093, 1.148701833000132 ], [ 30.867622920000144, 1.148685189000162 ], [ 30.868052604000127, 1.148601282000072 ], [ 30.868231197999989, 1.148534031999986 ], [ 30.868515857000034, 1.148393863000024 ], [ 30.868889829000068, 1.148197607000156 ], [ 30.869246977000103, 1.148119261000033 ], [ 30.869771559000185, 1.147973655999976 ], [ 30.87040196800001, 1.148075206000044 ], [ 30.870736639000086, 1.14821022600006 ], [ 30.871227352000119, 1.148592440000016 ], [ 30.871567519999985, 1.148839771000155 ], [ 30.871812901000169, 1.148997186000145 ], [ 30.872108519999983, 1.149126562 ], [ 30.872381862000054, 1.149199767000084 ], [ 30.872705487000133, 1.149183164000078 ], [ 30.872934323000038, 1.149082260000057 ], [ 30.873107421000157, 1.148902698000143 ], [ 30.87324708400007, 1.148666957000103 ], [ 30.873397885000031, 1.148459301000116 ], [ 30.873559707000084, 1.148436962000119 ], [ 30.873743766000132, 1.148526946000118 ], [ 30.87389998000009, 1.148543909000011 ], [ 30.874145517000045, 1.14849355500013 ], [ 30.874268337000103, 1.148398186000122 ], [ 30.874424688000147, 1.148229843000138 ], [ 30.874703784000133, 1.148067206000121 ], [ 30.8748321220001, 1.148056072000088 ], [ 30.875016185000163, 1.148140440000134 ], [ 30.875145995000082, 1.148356978000095 ], [ 30.875166569000157, 1.14849432200009 ], [ 30.875307862000057, 1.148567027000183 ], [ 30.875612865000164, 1.148584502000119 ], [ 30.875986760999979, 1.148494937000066 ], [ 30.876243535000128, 1.148337899000012 ], [ 30.876461328000119, 1.148079754000094 ], [ 30.876584248000142, 1.14784961600003 ], [ 30.876779765000038, 1.147535302000165 ], [ 30.876908322000133, 1.147226551000074 ], [ 30.876992211000072, 1.146962692000045 ], [ 30.877064968000127, 1.14665951600017 ], [ 30.877238655000042, 1.145682569000087 ], [ 30.877451084000086, 1.145132420000095 ], [ 30.877568416000031, 1.144913508000116 ], [ 30.87780314500003, 1.144385837000073 ], [ 30.877965249000113, 1.143981651 ], [ 30.878121699000076, 1.143678536000095 ], [ 30.878205616000173, 1.143375368000022 ], [ 30.87834519900008, 1.143246319000127 ], [ 30.878774972000031, 1.143044485000075 ], [ 30.879422404000138, 1.142764198000066 ], [ 30.880505160000041, 1.142321388000028 ], [ 30.880901426000094, 1.142158837000181 ], [ 30.88119720300017, 1.142074826000055 ], [ 30.881459455000027, 1.142058175000045 ], [ 30.881771921000109, 1.142041561000099 ], [ 30.882084376000137, 1.142041794000022 ], [ 30.882435845000145, 1.142098209000153 ], [ 30.882703565000099, 1.142233178000026 ], [ 30.882921068000087, 1.142368109000074 ], [ 30.883148523000159, 1.142525342000056 ], [ 30.883283297000105, 1.142969226 ], [ 30.883467191000022, 1.143283826000072 ], [ 30.883651123000163, 1.143547887000182 ], [ 30.883800257000075, 1.143608538000137 ], [ 30.884270416000163, 1.143598886000063 ], [ 30.884783717000062, 1.143621730000177 ], [ 30.885151939000025, 1.143661312000063 ], [ 30.885553560000119, 1.14380761100017 ], [ 30.885854766000136, 1.143931374000033 ], [ 30.886072282000043, 1.144049460000019 ], [ 30.886228431000063, 1.144156269000064 ], [ 30.886356707, 1.144229364000182 ], [ 30.886462715000107, 1.144235058000106 ], [ 30.886596624000049, 1.144235158000129 ], [ 30.886769661000073, 1.144139825000138 ], [ 30.886898061000068, 1.144044458000167 ], [ 30.887104608000186, 1.143904226000075 ], [ 30.887260786000127, 1.143971727000064 ], [ 30.887355552000145, 1.144089721000057 ], [ 30.887461461000157, 1.14423018500014 ], [ 30.887544639000112, 1.144325129000038 ], [ 30.887572855000087, 1.144356434000031 ], [ 30.887762659000032, 1.144365180000023 ], [ 30.887980241000093, 1.14439341800005 ], [ 30.888331758000106, 1.144388064000168 ], [ 30.888538120000135, 1.144500526000058 ], [ 30.88874446300008, 1.144691247000083 ], [ 30.88876101000011, 1.14489938600002 ], [ 30.888733018000096, 1.145028521000143 ], [ 30.888693861000149, 1.145163261999983 ], [ 30.888671312000156, 1.145477708999977 ], [ 30.888682422000159, 1.145545101000039 ], [ 30.888766070000145, 1.145606934000114 ], [ 30.888904138000044, 1.145692018000034 ], [ 30.889123159000121, 1.145612815000163 ], [ 30.889363130000163, 1.14554560800002 ], [ 30.889619810999989, 1.145517722000022 ], [ 30.889848573000108, 1.145517892000044 ], [ 30.889954578000072, 1.145529201000159 ], [ 30.890082863000146, 1.145591066000065 ], [ 30.890222319000145, 1.145636094000054 ], [ 30.890367359000038, 1.145675510000103 ], [ 30.890467824000098, 1.145630661000041 ], [ 30.890579531000185, 1.145473512000081 ], [ 30.890618704000133, 1.145316309000123 ], [ 30.890674857000079, 1.144827808000116 ], [ 30.890747557000054, 1.144603244 ], [ 30.890775664000159, 1.144316878000154 ], [ 30.890814845000136, 1.144148445000155 ], [ 30.890859675000115, 1.143884552000088 ], [ 30.890999353000097, 1.14362634600019 ], [ 30.891172435000044, 1.143469242000151 ], [ 30.891401247000147, 1.143402027000036 ], [ 30.891652332000035, 1.143396597000105 ], [ 30.891920148000168, 1.143402411000068 ], [ 30.892026189000148, 1.143363182000087 ], [ 30.892132238000158, 1.143312721000086 ], [ 30.892215993000036, 1.143228552000153 ], [ 30.892310931999987, 1.143110698000157 ], [ 30.892417096000088, 1.14290300600004 ], [ 30.89255120700011, 1.142627947999983 ], [ 30.892724371000043, 1.142358535000028 ], [ 30.892958832000147, 1.142195861000062 ], [ 30.89319322800003, 1.142123034000178 ], [ 30.893449905000182, 1.142100762000098 ], [ 30.893650782, 1.142084065000063 ], [ 30.893734529000142, 1.142011125000067 ], [ 30.893823861000044, 1.141932576000045 ], [ 30.893863032000183, 1.141775372000154 ], [ 30.893865944000083, 1.141479945000128 ], [ 30.89384660900015, 1.141342971000029 ], [ 30.893723953000119, 1.141213725000171 ], [ 30.893675229000166, 1.141171777000068 ], [ 30.893456301000185, 1.140983294000023 ], [ 30.893439615000034, 1.14091028100006 ], [ 30.893629485000133, 1.1406858040001 ], [ 30.894064877000119, 1.140433430000144 ], [ 30.894215562000056, 1.140383003000181 ], [ 30.89437178999998, 1.140383118000102 ], [ 30.894594912000173, 1.140467514000136 ], [ 30.894762251000088, 1.140535023000098 ], [ 30.89509704600016, 1.140507193000133 ], [ 30.895309115000032, 1.140445579000186 ], [ 30.895521258000088, 1.140282888000115 ], [ 30.895733364000193, 1.140170736000073 ], [ 30.896129650000148, 1.139985718000048 ], [ 30.896330670000054, 1.139772479000101 ], [ 30.89652627900017, 1.139329003000171 ], [ 30.896693940000091, 1.138952891000145 ], [ 30.896883890000026, 1.138616103000174 ], [ 30.897118487000171, 1.138268118000042 ], [ 30.897224727000037, 1.137953731000039 ], [ 30.89725833100016, 1.13777967600015 ], [ 30.897827954000149, 1.13708377800009 ], [ 30.898040187000049, 1.136797546000082 ], [ 30.898280337000188, 1.136483257000066 ], [ 30.898492573000169, 1.136191408000172 ], [ 30.898783114000139, 1.135635692000051 ], [ 30.899107145000187, 1.1350631520001 ], [ 30.899112831000139, 1.134917154000107 ], [ 30.899016712000105, 1.134728202000076 ], [ 30.898793067000156, 1.134416165000118 ], [ 30.898337946000083, 1.13397880499997 ], [ 30.89814846400003, 1.133669815000189 ], [ 30.89789201100001, 1.133383239000068 ], [ 30.897853075000171, 1.133214746000078 ], [ 30.897541195000144, 1.132417123000096 ], [ 30.89750234100012, 1.132136322 ], [ 30.897513708000076, 1.131849942000144 ], [ 30.897552902000143, 1.131659045000049 ], [ 30.897614415000135, 1.131468165000058 ], [ 30.897703835000073, 1.131266074000166 ], [ 30.898318107000136, 1.130547744000069 ], [ 30.900294605000056, 1.128707314000167 ], [ 30.901266154000041, 1.127730931000144 ], [ 30.901455957000053, 1.127596297000025 ], [ 30.901757331000113, 1.127489821999973 ], [ 30.902159102000041, 1.127433960000133 ], [ 30.902426989999981, 1.12733869200008 ], [ 30.902733952000176, 1.127220989000023 ], [ 30.903068888000178, 1.126996614 ], [ 30.903470888000015, 1.12662066900009 ], [ 30.904459148000115, 1.125683601 ], [ 30.905302245000144, 1.124875583000119 ], [ 30.905648488000111, 1.124443441999972 ], [ 30.905950043000075, 1.124084269000036 ], [ 30.90637165000004, 1.123541565000039 ], [ 30.906674467000187, 1.123807075000173 ], [ 30.906960250999987, 1.123986437000099 ], [ 30.907939953000039, 1.124877530000049 ], [ 30.908569191000083, 1.125536700000055 ], [ 30.909344018000127, 1.12646444700016 ], [ 30.909973415000081, 1.127172457000086 ], [ 30.910723315000155, 1.127856037000186 ], [ 30.91142481300011, 1.12849079300014 ], [ 30.91207695200012, 1.128783715 ], [ 30.912899615000072, 1.129589374000147 ], [ 30.91355256300011, 1.130126465999979 ], [ 30.913602743000183, 1.130712459000108 ], [ 30.913569440000174, 1.131579260000137 ], [ 30.913428381000131, 1.13267804100002 ], [ 30.913358540000161, 1.133434966000038 ], [ 30.912844311000129, 1.134377846000064 ], [ 30.912759256000129, 1.134533801999964 ], [ 30.912445729000183, 1.134533833000091 ], [ 30.911534785000129, 1.134275304000084 ], [ 30.911297539000032, 1.134339443000158 ], [ 30.910720263000087, 1.134803426000076 ], [ 30.910239856000032, 1.135389485000189 ], [ 30.909566602000098, 1.135999983000033 ], [ 30.909618961999968, 1.137245229000087 ], [ 30.909971451000104, 1.138087571000142 ], [ 30.910166174000153, 1.138624721000156 ], [ 30.910771284000134, 1.139283908000095 ], [ 30.911135627000135, 1.140065201000141 ], [ 30.911837049000098, 1.140675538000096 ], [ 30.91248927200013, 1.140992889000188 ], [ 30.913045507000106, 1.141456747000177 ], [ 30.913095515000123, 1.141993912000146 ], [ 30.913369985000088, 1.142385675000128 ], [ 30.913386299000024, 1.142408961000115 ], [ 30.913821298000073, 1.142677502000026 ], [ 30.91425476400002, 1.142482118000032 ], [ 30.914590794000105, 1.141993739000043 ], [ 30.914998319000176, 1.141702664000036 ], [ 30.915240419000156, 1.141529745000184 ], [ 30.915891510000108, 1.141505252 ], [ 30.91611107500006, 1.142262158000108 ], [ 30.91606801100005, 1.143824843000175 ], [ 30.916240204000189, 1.144056229000171 ], [ 30.916286035000155, 1.144117815000072 ], [ 30.917105867000146, 1.14406889300011 ], [ 30.917179094000062, 1.144058583000174 ], [ 30.91797368400006, 1.143946708000044 ], [ 30.918142916000022, 1.144068773000129 ], [ 30.918060565000076, 1.144691418000036 ], [ 30.918280854000102, 1.145668071000102 ], [ 30.918719010000132, 1.146888869000065 ], [ 30.919712920000109, 1.148427025000103 ], [ 30.9205844600001, 1.149428026000066 ], [ 30.920997689999979, 1.150404657000138 ], [ 30.921664675000045, 1.151539968 ], [ 30.922704641999985, 1.152418868000098 ], [ 30.9238166290001, 1.153200090000098 ], [ 30.924637350000069, 1.153419756000119 ], [ 30.925530516000038, 1.153663824999967 ], [ 30.925893888000076, 1.154152127999964 ], [ 30.926184350000142, 1.154469523000046 ], [ 30.926477799000168, 1.155690342000071 ], [ 30.926432316000046, 1.15652052400003 ], [ 30.926724548999971, 1.157375091000119 ], [ 30.927401462000148, 1.1578633580001 ], [ 30.927732898000045, 1.157961312 ], [ 30.928186045000132, 1.158095238000101 ], [ 30.929463155000121, 1.157753259000117 ], [ 30.92980722700014, 1.157617580000021 ], [ 30.930330261000108, 1.15741132900007 ], [ 30.930740905000107, 1.157606622000174 ], [ 30.932022051000104, 1.158485492000068 ], [ 30.932941028000187, 1.159242330000154 ], [ 30.933448962000114, 1.159681783000167 ], [ 30.93434309100013, 1.160218864000115 ], [ 30.93559842500008, 1.160584987000107 ], [ 30.936732614, 1.16078019400004 ], [ 30.938060629, 1.16124398200003 ], [ 30.93836383900009, 1.161768916000142 ], [ 30.938581784000064, 1.162037479000048 ], [ 30.938632199000097, 1.162696744000129 ], [ 30.9384908830001, 1.163722279000183 ], [ 30.938927911, 1.164601253000058 ], [ 30.939292268000088, 1.165382572000169 ], [ 30.939342275, 1.165919747000089 ], [ 30.939201124000135, 1.166994120000084 ], [ 30.939108607000037, 1.168190574000164 ], [ 30.939374462000103, 1.168361468000057 ], [ 30.939965876000031, 1.168520115000149 ], [ 30.940932207000117, 1.169008360000134 ], [ 30.941415618000065, 1.169325736000076 ], [ 30.941946459, 1.169398928000135 ], [ 30.942453414000113, 1.16954538300007 ], [ 30.942913115000067, 1.169984842000076 ], [ 30.943516709999983, 1.170180114000061 ], [ 30.944386645000122, 1.170692787000121 ], [ 30.944822552000062, 1.171229924999977 ], [ 30.945400543000176, 1.171563608000156 ], [ 30.945668295000132, 1.171718185000088 ], [ 30.94619921300017, 1.171815791000142 ], [ 30.947503362000191, 1.17235284100002 ], [ 30.948277567, 1.173085278000144 ], [ 30.948666683000056, 1.174061938000079 ], [ 30.948659338000084, 1.175490350000189 ], [ 30.948564800000042, 1.176076379000051 ], [ 30.948593352000103, 1.177419333000159 ], [ 30.948860996000064, 1.178127408000023 ], [ 30.949272850000057, 1.178688964000116 ], [ 30.950071414000035, 1.179494657000077 ], [ 30.950602900000149, 1.179763197000113 ], [ 30.950991574000113, 1.179771529000107 ], [ 30.951736541000059, 1.179787500000089 ], [ 30.952725139000108, 1.179714147000141 ], [ 30.952826197000149, 1.179708289000189 ], [ 30.953569119000122, 1.179665223000029 ], [ 30.954148361000136, 1.179787254000075 ], [ 30.95492062600016, 1.179933677000179 ], [ 30.955212390000156, 1.180641753000145 ], [ 30.955206088000125, 1.182387608999989 ], [ 30.955161885000109, 1.183608489000108 ], [ 30.955092590000163, 1.184536353000169 ], [ 30.955287796000164, 1.185220028000174 ], [ 30.955819764000125, 1.185635067000135 ], [ 30.956712947000028, 1.185879158000148 ], [ 30.957342037000046, 1.186489532000053 ], [ 30.957295409999972, 1.186977885000033 ], [ 30.957239265000055, 1.188235393000184 ], [ 30.957409381000105, 1.188626054000054 ], [ 30.957953653000175, 1.188803559000121 ], [ 30.958157863000054, 1.188870157999986 ], [ 30.958857127000158, 1.188821258000075 ], [ 30.959374488000094, 1.188635128000101 ], [ 30.959603918000028, 1.188552586000014 ], [ 30.960182756000165, 1.188552526000024 ], [ 30.960641890000147, 1.188821080000025 ], [ 30.961029158000031, 1.189236134000112 ], [ 30.961032134999982, 1.190139586000043 ], [ 30.960455626000169, 1.190847758000018 ], [ 30.959517909000112, 1.191726879000043 ], [ 30.959326974000021, 1.192337338000186 ], [ 30.959282514999984, 1.193484966000085 ], [ 30.959565155000121, 1.19508428600011 ], [ 30.959737200000063, 1.196060968999973 ], [ 30.95998296700003, 1.197452750000139 ], [ 30.960155334000035, 1.198527112000022 ], [ 30.960446209, 1.198966594000126 ], [ 30.960760546000188, 1.199210746000119 ], [ 30.960810150000043, 1.199625835000063 ], [ 30.96088540400001, 1.200504862000059 ], [ 30.961166258000162, 1.201567002 ], [ 30.961456966000071, 1.201957654000182 ], [ 30.962133336000079, 1.202275020000172 ], [ 30.962784940000176, 1.202397047000034 ], [ 30.963606254000069, 1.202787655 ], [ 30.964571884000065, 1.203056159000027 ], [ 30.965223730000162, 1.203251440000145 ], [ 30.965637360000073, 1.204350198999975 ], [ 30.965449150000154, 1.205790859 ], [ 30.965115986000114, 1.207158275000154 ], [ 30.96455325800008, 1.208391416000154 ], [ 30.964240835999988, 1.20873329300008 ], [ 30.963883311000188, 1.210027455000045 ], [ 30.964028992000067, 1.210320451000143 ], [ 30.964538373000039, 1.21119944700007 ], [ 30.964516502000095, 1.211883139000122 ], [ 30.963865936000104, 1.212078539000117 ], [ 30.962973785000088, 1.21215186500018 ], [ 30.962011606000146, 1.212933316999965 ], [ 30.961194216000024, 1.213739161000035 ], [ 30.960872743000152, 1.214996691000181 ], [ 30.960996623000085, 1.215997802000118 ], [ 30.961170580000157, 1.21756052000012 ], [ 30.960208076000129, 1.218244287000118 ], [ 30.958835954999984, 1.219050176999986 ], [ 30.958331867000027, 1.219782743000053 ], [ 30.958166720000122, 1.220905964000167 ], [ 30.95830229600017, 1.221797183000092 ], [ 30.958715598000083, 1.222798275000173 ], [ 30.958574402000124, 1.223872657000072 ], [ 30.957903801000157, 1.225313343000039 ], [ 30.957401380000078, 1.226558674000159 ], [ 30.95700889699998, 1.228231305000065 ], [ 30.956843670000126, 1.229330109000045 ], [ 30.956994446000124, 1.23118582900014 ], [ 30.957286827000075, 1.232089253000083 ], [ 30.95796655200013, 1.233432164000078 ], [ 30.958294350000074, 1.234103624000056 ], [ 30.958416219000071, 1.234494300000051 ], [ 30.958997863000093, 1.235348870000053 ], [ 30.959071018000031, 1.23559304600002 ], [ 30.959631264000166, 1.237277813000048 ], [ 30.960142062000159, 1.238596330000178 ], [ 30.96018586200006, 1.24092820400017 ], [ 30.96006949700012, 1.242222338000147 ], [ 30.959820515000104, 1.243231169000012 ], [ 30.959593411000128, 1.244151355000156 ], [ 30.959332172000131, 1.245396665000158 ], [ 30.959671014000094, 1.246239873000093 ], [ 30.959441101000152, 1.247305972000106 ], [ 30.959379563000027, 1.247591320000083 ], [ 30.959469268000078, 1.248153400999968 ], [ 30.959332114000119, 1.248938567000096 ], [ 30.959361262000016, 1.249727520000135 ], [ 30.959346181000114, 1.25037469800003 ], [ 30.959232786000086, 1.251160400000174 ], [ 30.958831015000158, 1.252080291000027 ], [ 30.95863307500008, 1.25241360900003 ], [ 30.958430548000138, 1.252943900000162 ], [ 30.958302725000124, 1.254348643000128 ], [ 30.958000570000081, 1.255073737000032 ], [ 30.955947533000142, 1.262586011000053 ], [ 30.95031969300004, 1.276604484000075 ], [ 30.947326990000136, 1.280576116000077 ], [ 30.934900245, 1.292566975000057 ], [ 30.92745245499998, 1.29899862100018 ], [ 30.926326073000041, 1.300408660000016 ], [ 30.926203335000025, 1.300574774000097 ], [ 30.925773061000143, 1.300677555000163 ], [ 30.925510413999973, 1.30072785100009 ], [ 30.925408148000031, 1.301035198000022 ], [ 30.924975911000104, 1.301222386000063 ], [ 30.924690152000153, 1.301244008000083 ], [ 30.924353593000092, 1.30140523100016 ], [ 30.923536620000107, 1.301780700000052 ], [ 30.922940703000108, 1.30185154000003 ], [ 30.922131614000193, 1.301889353999968 ], [ 30.92167889600006, 1.301935316000083 ], [ 30.921339707000129, 1.302209089000087 ], [ 30.921114722000084, 1.302682538000056 ], [ 30.920990011000185, 1.302933057000075 ], [ 30.92038028900015, 1.303594778000047 ], [ 30.91974878000002, 1.304171554000163 ], [ 30.91952575900018, 1.304560586000036 ], [ 30.919224229000065, 1.30525750400011 ], [ 30.919026607000092, 1.305576742000085 ], [ 30.918918427000165, 1.306137316000104 ], [ 30.918857768000066, 1.306698984000036 ], [ 30.918602440000029, 1.30745325700002 ], [ 30.918333214000143, 1.307784933000107 ], [ 30.917798050000101, 1.30830759700018 ], [ 30.917193589000078, 1.30874422100004 ], [ 30.916567332000056, 1.309095882000122 ], [ 30.915687623, 1.309103930000049 ], [ 30.91562798200016, 1.309088702000054 ], [ 30.914718805000177, 1.308856561000141 ], [ 30.914294454000128, 1.3087061 ], [ 30.913676744000156, 1.308691972000076 ], [ 30.913488277000113, 1.308756550000112 ], [ 30.913137591000066, 1.308876713000188 ], [ 30.912817840000173, 1.30882718099997 ], [ 30.9126164, 1.308728738000127 ], [ 30.912394796000171, 1.30862044100013 ], [ 30.91206416000017, 1.308528423000155 ], [ 30.911354711000172, 1.308371446000024 ], [ 30.911048484000162, 1.308251831000177 ], [ 30.910862363000092, 1.308078666000142 ], [ 30.910414912000135, 1.307899523000174 ], [ 30.909918625000159, 1.307775563 ], [ 30.909563572000025, 1.30771114200013 ], [ 30.908684524000137, 1.307691045000126 ], [ 30.908425818000012, 1.307572525000126 ], [ 30.908215947000144, 1.307398813000134 ], [ 30.907866150000075, 1.307109291000131 ], [ 30.907206187000099, 1.306868985000165 ], [ 30.906435981000129, 1.306260183000063 ], [ 30.906019188000016, 1.305786135000062 ], [ 30.905864714000018, 1.305275868000081 ], [ 30.905838891000144, 1.304346255000155 ], [ 30.905703581000125, 1.304033482000136 ], [ 30.90497628900016, 1.30362272300016 ], [ 30.904813929000056, 1.30345010700006 ], [ 30.904620579000039, 1.303586447000157 ], [ 30.904347373000178, 1.303803666000078 ], [ 30.903966630000184, 1.304106386000115 ], [ 30.903428838000139, 1.304741593000188 ], [ 30.903325921000032, 1.305077062000123 ], [ 30.903387329000168, 1.305500751000125 ], [ 30.902111076000153, 1.306203522000089 ], [ 30.901907206000146, 1.306790061000186 ], [ 30.90161816900013, 1.306952363000107 ], [ 30.90094900500003, 1.307105976000116 ], [ 30.900658652000061, 1.307324558000118 ], [ 30.90041482700002, 1.307586423000032 ], [ 30.900116584000159, 1.308142645000032 ], [ 30.899887647000128, 1.308784905000039 ], [ 30.899687725000092, 1.309202623000147 ], [ 30.899438308000185, 1.309703651000063 ], [ 30.899331440000026, 1.310207946000105 ], [ 30.89916654100017, 1.311161344000141 ], [ 30.899019475000046, 1.312368523000089 ], [ 30.898984534000078, 1.312846309000179 ], [ 30.898663847000137, 1.313345720000029 ], [ 30.898172908999982, 1.314010143000189 ], [ 30.897726858000112, 1.314788191000105 ], [ 30.897130368000148, 1.315900637000141 ], [ 30.897000396000067, 1.316376248000154 ], [ 30.896867141000143, 1.316992544000129 ], [ 30.896976636000034, 1.320443676000025 ], [ 30.896872701000063, 1.324889324000026 ], [ 30.897267126000088, 1.32632003000009 ], [ 30.897890245000042, 1.328136019000112 ], [ 30.898024891000034, 1.328476927999986 ], [ 30.898012397000059, 1.329011531000106 ], [ 30.898121318000108, 1.329436307000094 ], [ 30.898396539000032, 1.329864882000095 ], [ 30.898904748000064, 1.330495856000084 ], [ 30.89908559700018, 1.330894122000188 ], [ 30.899145690000125, 1.331374080999979 ], [ 30.899034862000178, 1.332047193999983 ], [ 30.898810514000104, 1.3324924960001 ], [ 30.898273362000054, 1.333099556000036 ], [ 30.897980703000087, 1.333416609000096 ], [ 30.897498306000045, 1.333715241999982 ], [ 30.897045589000186, 1.333761180000067 ], [ 30.896441769000091, 1.334169648000113 ], [ 30.89615470300015, 1.334247529000095 ], [ 30.895405048000043, 1.33479342000004 ], [ 30.894636236000053, 1.335141797000176 ], [ 30.894492369000091, 1.335194806 ], [ 30.894555753000191, 1.335534089000134 ], [ 30.894540611000025, 1.336181239000041 ], [ 30.894949175000079, 1.337006994000035 ], [ 30.895124761000034, 1.337630360000105 ], [ 30.89558347100018, 1.338344662000054 ], [ 30.896167550000087, 1.338780310000061 ], [ 30.897176634000061, 1.33933828500011 ], [ 30.897214940000026, 1.339733290000026 ], [ 30.897255213999983, 1.34004389100005 ], [ 30.897534385000085, 1.340303648000145 ], [ 30.898246468000139, 1.340348103000167 ], [ 30.898409484000126, 1.340492588000131 ], [ 30.898748087000172, 1.341260449000174 ], [ 30.898851744000126, 1.341910315000121 ], [ 30.899067604000038, 1.342844274000015 ], [ 30.899187773000108, 1.343804201000125 ], [ 30.899335989000122, 1.344581776000098 ], [ 30.899706238000135, 1.345012529000087 ], [ 30.900150403, 1.345332369000118 ], [ 30.90037350900019, 1.345956823999984 ], [ 30.900365611000041, 1.346294472000068 ], [ 30.900018513000134, 1.346905868000022 ], [ 30.899549339000032, 1.34765524400018 ], [ 30.899349404000077, 1.348072947000048 ], [ 30.898768018000112, 1.348538221000126 ], [ 30.898478313000055, 1.34872865 ], [ 30.898331159000122, 1.348922350000066 ], [ 30.898202494000031, 1.349341690000131 ], [ 30.898145757000066, 1.349734519000037 ], [ 30.89772607000009, 1.35040055800016 ], [ 30.897601357000156, 1.350651067000172 ], [ 30.897569039000132, 1.351016311000024 ], [ 30.897367126, 1.351518426999974 ], [ 30.897353631000044, 1.352095228000053 ], [ 30.897508089000041, 1.352605506000145 ], [ 30.897458655000037, 1.353702307000049 ], [ 30.897353748000171, 1.354122184000062 ], [ 30.897502942000074, 1.35485756200012 ], [ 30.897803238000051, 1.355230410000104 ], [ 30.898273788000097, 1.355438251000123 ], [ 30.898485643000129, 1.355527557000073 ], [ 30.898766791000128, 1.355702903000179 ], [ 30.898956853000186, 1.355707263 ], [ 30.899500002000138, 1.355860452000172 ], [ 30.899896647000162, 1.356179206000093 ], [ 30.900030639000079, 1.356548253000142 ], [ 30.900069592000193, 1.356915125000114 ], [ 30.900016809000135, 1.357139136000114 ], [ 30.899721179000039, 1.35758279800001 ], [ 30.899712620000116, 1.357948581000187 ], [ 30.900309924000169, 1.358834974999979 ], [ 30.900979818000167, 1.359666726000171 ], [ 30.901638850000154, 1.360962738000069 ], [ 30.901819695000086, 1.36136100900012 ], [ 30.901712818000078, 1.361865302000183 ], [ 30.901490427000056, 1.362226185000111 ], [ 30.901199400000053, 1.362472891999971 ], [ 30.900605452000093, 1.362459288000082 ], [ 30.900390310000034, 1.362510666999981 ], [ 30.900217416000146, 1.36278823300006 ], [ 30.899756791000129, 1.363171810999972 ], [ 30.899678928000185, 1.363451552000129 ], [ 30.899729793, 1.364325431000054 ], [ 30.899771380000175, 1.364579753000157 ], [ 30.900171320000084, 1.36475782500014 ], [ 30.900139, 1.365123060000087 ], [ 30.900051258000076, 1.365824855000142 ], [ 30.900208349000025, 1.366222586999982 ], [ 30.900414931000057, 1.366536991999965 ], [ 30.900357531000111, 1.366957957000068 ], [ 30.900601094000081, 1.367723639000019 ], [ 30.900521642000115, 1.369087198000159 ], [ 30.90088070000013, 1.369996290000017 ], [ 30.900956631000099, 1.370814449000136 ], [ 30.901411379000081, 1.371697573 ], [ 30.901730828000154, 1.372267939000153 ], [ 30.901724243000046, 1.372549308000089 ], [ 30.901834140000176, 1.372931880000124 ], [ 30.902038742, 1.373330701000157 ], [ 30.902171415000055, 1.373756018999984 ], [ 30.902470399000151, 1.374185152000052 ], [ 30.902617600000156, 1.375004938000018 ], [ 30.903004373000101, 1.375745752000057 ], [ 30.903109987000107, 1.376311217000023 ], [ 30.903306687000054, 1.377047677 ], [ 30.903344985, 1.377442685 ], [ 30.903454556000099, 1.377839330000086 ], [ 30.903735705000031, 1.378014680000035 ], [ 30.903751676000184, 1.378209631000061 ], [ 30.903754191000132, 1.378240328000061 ], [ 30.903731114000095, 1.378299725999966 ], [ 30.903678303000049, 1.378435655000146 ], [ 30.903414989000112, 1.378514079000013 ], [ 30.902745411000126, 1.378388882000081 ], [ 30.902728622000097, 1.378385743000081 ], [ 30.902137297000081, 1.378259584000034 ], [ 30.901435744000025, 1.377764925000065 ], [ 30.900565266000172, 1.377820669000016 ], [ 30.899816875000113, 1.377868594000176 ], [ 30.89967509100012, 1.377815945000179 ], [ 30.89956825500019, 1.377776273000109 ], [ 30.898685697000133, 1.377448552999965 ], [ 30.896619333000046, 1.376359583000124 ], [ 30.893893716000036, 1.376015613999982 ], [ 30.893616279000128, 1.376099736000015 ], [ 30.884700385000144, 1.378803130000051 ], [ 30.878274224000165, 1.381175433000124 ], [ 30.877376901000105, 1.381154863000063 ], [ 30.875684591000038, 1.381116070000132 ], [ 30.875442502000169, 1.381131456000162 ], [ 30.874733871000046, 1.381115212000054 ], [ 30.858783765000169, 1.382128947000183 ], [ 30.855875090000154, 1.382498589000022 ], [ 30.852438833000122, 1.383203323999965 ], [ 30.847157800000048, 1.384286389000181 ], [ 30.846368753000036, 1.384448206000116 ], [ 30.838126543000044, 1.385202195999966 ], [ 30.775019516000043, 1.385182285000042 ], [ 30.66064421800013, 1.387400434000142 ] ] ] } }
]
}
