#lat_deg,#lon_deg,#report_date,#status_id,#water_tech_category,#clean_country_name,#clean_adm2,#clean_adm4,#install_year,#management_clean,#status_clean,local_population_1km,usage_capacity,is_urban,is_duplicate,district
1.43513084,31.17975357,2010 May 10 12:00:00 AM,Yes,Public Tapstand,Uganda,Kikuube,Bugambe,"2,001",Private Operator/Delegated Management,"Functional, needs repair",,,False,,KIKUUBE
1.4445347,31.20167869,2010 May 10 12:00:00 AM,Yes,Public Tapstand,Uganda,Kikuube,Bugambe,"1,998",Private Operator/Delegated Management,"Functional, needs repair",,,False,,KIKUUBE
1.4389186,31.16715365,2010 May 10 12:00:00 AM,Yes,Public Tapstand,Uganda,Kikuube,Bugambe,"2,001",Private Operator/Delegated Management,"Functional, needs repair",,,False,,KIKUUBE
1.43581793,31.17956435,2010 May 10 12:00:00 AM,Yes,Public Tapstand,Uganda,Kikuube,Bugambe,"2,001",Private Operator/Delegated Management,"Functional, needs repair",,,False,,KIKUUBE
1.43871995,31.16750422,2010 May 10 12:00:00 AM,Yes,Public Tapstand,Uganda,Kikuube,Bugambe,"2,001",Private Operator/Delegated Management,"Functional, needs repair",,,False,,KIKUUBE
1.4477977,31.1885938,2010 Jul 01 12:00:00 AM,Yes,Public Tapstand,Uganda,Kikuube,Bugambe,"2,000",Private Operator/Delegated Management,"Functional, needs repair",,,False,,KIKUUBE
1.4451502,31.20243296,2010 May 10 12:00:00 AM,Yes,Public Tapstand,Uganda,Kikuube,Bugambe,"2,000",Private Operator/Delegated Management,"Functional, needs repair",,,False,,KIKUUBE
1.44664996,31.18945727,2010 May 10 12:00:00 AM,Yes,Public Tapstand,Uganda,Kikuube,Bugambe,"2,000",Private Operator/Delegated Management,"Functional, needs repair",,,False,,KIKUUBE
1.43701094,31.17879069,2010 May 10 12:00:00 AM,Yes,Public Tapstand,Uganda,Kikuube,Bugambe,"2,001",Private Operator/Delegated Management,"Functional, needs repair",,,False,,KIKUUBE
1.44778815,31.18796485,2010 May 10 12:00:00 AM,Yes,Public Tapstand,Uganda,Kikuube,Bugambe,"2,000",Private Operator/Delegated Management,"Functional, needs repair",,,False,,KIKUUBE
1.44503159,31.20110325,2010 May 10 12:00:00 AM,Yes,Public Tapstand,Uganda,Kikuube,Bugambe,"1,998",Private Operator/Delegated Management,"Functional, needs repair",,,False,,KIKUUBE
1.43720968,31.17854794,2010 May 10 12:00:00 AM,Yes,Public Tapstand,Uganda,Kikuube,Bugambe,"2,001",Private Operator/Delegated Management,"Functional, needs repair",,,False,,KIKUUBE
1.447192,31.18880093,2010 May 10 12:00:00 AM,Yes,Public Tapstand,Uganda,Kikuube,Bugambe,"2,000",Private Operator/Delegated Management,"Functional, needs repair",,,False,,KIKUUBE
1.44268191,31.20291111,2010 May 10 12:00:00 AM,Yes,Public Tapstand,Uganda,Kikuube,Bugambe,"1,998",Private Operator/Delegated Management,"Functional, needs repair",,,False,,KIKUUBE
1.43749004,31.17859264,2010 May 10 12:00:00 AM,Yes,Public Tapstand,Uganda,Kikuube,Bugambe,"2,001",Private Operator/Delegated Management,"Functional, needs repair",,,False,,KIKUUBE
1.2457213,31.0955143,2022 Mar 03 12:00:00 AM,Yes,Hand Pump,Uganda,Kikuube,Kabwoya,"2,019",Community Management,Functional,539.0,300.0,False,,KIKUUBE
1.22696784,30.9786891,2010 May 06 12:00:00 AM,Yes,Hand Pump,Uganda,Kikuube,Kabwoya,"2,002",Community Management,"Functional, needs repair",0.0,300.0,False,,KIKUUBE
1.4463212,31.1746874,2022 Mar 07 12:00:00 AM,Yes,,Uganda,Kikuube,Bugambe,"2,004",Community Management,Functional,810.0,250.0,False,,KIKUUBE
1.1625762,30.797674,2022 Mar 13 12:00:00 AM,Yes,,Uganda,Kikuube,Kyangwali,"2,019",,Functional,6627.0,250.0,False,,KIKUUBE
1.4018478,31.2115008,2022 Mar 04 12:00:00 AM,Yes,,Uganda,Kikuube,Bugambe,"2,000",Community Management,Functional,488.0,250.0,False,,KIKUUBE
1.23579079,30.8730705,2012 Aug 28 12:00:00 AM,Yes,,Uganda,Kikuube,Kyangwali,"2,012",Community Management,"Functional, needs repair",1008.0,300.0,False,,KIKUUBE
1.4896555,31.1442478,2022 Mar 08 12:00:00 AM,Yes,Hand Pump,Uganda,Kikuube,Bugambe,"2,016",Community Management,Functional,763.0,300.0,False,,KIKUUBE
1.151061,31.0039422,2022 Mar 06 12:00:00 AM,Yes,Hand Pump,Uganda,Kikuube,Kabwoya,,Community Management,Functional,542.0,300.0,False,,KIKUUBE
1.2454362,31.2362547,2022 Mar 13 12:00:00 AM,Yes,,Uganda,Kikuube,Kikuube Town Council,"2,019",Community Management,Functional,469.0,250.0,False,,KIKUUBE
1.457416,31.1753973,2022 Mar 07 12:00:00 AM,Yes,,Uganda,Kikuube,Bugambe,"2,006",Community Management,Functional,1055.0,250.0,False,,KIKUUBE
1.3366655,31.19230845,2010 May 08 12:00:00 AM,Yes,,Uganda,Kikuube,Kikuube Town Council,"2,005",Community Management,"Functional, needs repair",667.0,300.0,False,,KIKUUBE
1.23772258,31.08111968,2010 May 06 12:00:00 AM,Yes,,Uganda,Kikuube,Kabwoya,"2,005",Community Management,"Functional, needs repair",1286.0,300.0,False,,KIKUUBE
1.37734629,31.23700526,2010 Sep 15 12:00:00 AM,Yes,,Uganda,Kikuube,Bugambe,"2,002",Community Management,"Functional, needs repair",559.0,300.0,False,,KIKUUBE
1.333009,31.2144614,2022 Mar 05 12:00:00 AM,Yes,Hand Pump,Uganda,Kikuube,Kikuube Town Council,"2,021",Community Management,Functional,1571.0,300.0,False,,KIKUUBE
1.4489991,31.2181824,2022 Mar 03 12:00:00 AM,Yes,,Uganda,Kikuube,Bugambe,,Community Management,Functional,661.0,250.0,False,,KIKUUBE
1.3863934,31.2056692,2022 Mar 03 12:00:00 AM,Yes,,Uganda,Kikuube,Bugambe,"2,020",Community Management,Functional,509.0,250.0,False,,KIKUUBE
1.32754009,31.29159811,2010 May 07 12:00:00 AM,Yes,,Uganda,Kikuube,Buhimba Town Council,"1,999",Community Management,"Functional, needs repair",1007.0,300.0,False,,KIKUUBE
1.2508134,31.2293938,2022 Mar 12 12:00:00 AM,Yes,Hand Pump,Uganda,Kikuube,Kikuube Town Council,"2,022",,Functional,602.0,300.0,False,,KIKUUBE
1.3380493,31.3108288,2022 Mar 14 12:00:00 AM,Yes,Hand Pump,Uganda,Kikuube,Buhimba Town Council,"2,020",,Functional,1661.0,300.0,False,,KIKUUBE
1.3833,31.27908,2013 Mar 20 12:00:00 AM,Yes,Hand Pump,Uganda,Kikuube,Buhimba,"2,012",,Non-Functional,748.0,300.0,False,,KIKUUBE
1.1699997,30.7987204,2022 Mar 13 12:00:00 AM,Yes,Hand Pump,Uganda,Kikuube,Kyangwali,"2,020",,Functional,5485.0,300.0,False,,KIKUUBE
1.3328134,31.2069595,2022 Mar 03 12:00:00 AM,Yes,Hand Pump,Uganda,Kikuube,Kikuube Town Council,"2,021",,Functional,1988.0,300.0,False,,KIKUUBE
1.36397464,31.1335737,2010 May 08 12:00:00 AM,Yes,,Uganda,Kikuube,Kiziranfumbi,"2,004",Community Management,"Functional, needs repair",795.0,300.0,False,,KIKUUBE
1.4101269,31.1581912,2022 Mar 04 12:00:00 AM,Yes,Hand Pump,Uganda,Kikuube,Bugambe,"2,009",Community Management,Functional,566.0,300.0,False,,KIKUUBE
1.204694,30.8996698,2022 Feb 28 12:00:00 AM,Yes,,Uganda,Kikuube,Kyangwali,,Community Management,Functional,1431.0,250.0,False,,KIKUUBE
1.1966307,30.7589092,2022 Mar 10 12:00:00 AM,Yes,Hand Pump,Uganda,Kikuube,Kyangwali,"2,022",Community Management,Functional,1203.0,300.0,False,,KIKUUBE
1.1733815,30.7345432,2022 Mar 12 12:00:00 AM,Yes,Hand Pump,Uganda,Kikuube,Kyangwali,"2,020",,Functional,372.0,300.0,False,,KIKUUBE
1.1864104,30.7632408,2022 Mar 10 12:00:00 AM,Yes,Hand Pump,Uganda,Kikuube,Kyangwali,"2,018",Community Management,Functional,1227.0,300.0,False,,KIKUUBE
1.2292707,30.7826593,2022 Mar 03 12:00:00 AM,Yes,,Uganda,Kikuube,Kyangwali,"2,008",,Functional,1851.0,250.0,False,,KIKUUBE
1.3060117,31.3033937,2022 Feb 28 12:00:00 AM,Yes,Hand Pump,Uganda,Kikuube,Buhimba,"2,019",Community Management,Functional,671.0,300.0,False,,KIKUUBE
1.20746641,30.77348911,2010 May 05 12:00:00 AM,Yes,,Uganda,Kikuube,Kyangwali,"2,007",Community Management,"Functional, needs repair",899.0,300.0,False,,KIKUUBE
1.44570711,31.24359392,2010 May 06 12:00:00 AM,Yes,,Uganda,Kikuube,Bugambe,"2,007",Community Management,"Functional, needs repair",805.0,300.0,False,,KIKUUBE
1.3985362,31.0981078,2022 Mar 07 12:00:00 AM,Yes,,Uganda,Kikuube,Kiziranfumbi,"2,014",,Functional,1273.0,250.0,False,,KIKUUBE
1.26217383,31.2483262,2010 May 08 12:00:00 AM,Yes,,Uganda,Kikuube,Kikuube Town Council,"2,008",Community Management,"Functional, needs repair",444.0,300.0,False,,KIKUUBE
1.3586898,31.2573822,2022 Mar 05 12:00:00 AM,Yes,Hand Pump,Uganda,Kikuube,Buhimba,"2,007",,Functional,489.0,300.0,False,,KIKUUBE
1.34872696,31.3681299,2010 May 07 12:00:00 AM,Yes,,Uganda,Kikuube,Buhimba,"2,004",Community Management,"Functional, needs repair",1291.0,300.0,False,,KIKUUBE
1.28059106,31.20449566,2010 May 08 12:00:00 AM,Yes,,Uganda,Kikuube,Kikuube Town Council,"2,009",Community Management,"Functional, needs repair",625.0,300.0,False,,KIKUUBE
1.3591158,31.2628106,2022 Mar 05 12:00:00 AM,Yes,Hand Pump,Uganda,Kikuube,Buhimba,"2,001",,Functional,607.0,300.0,False,,KIKUUBE
1.1805924,30.9205314,2022 Mar 01 12:00:00 AM,Yes,,Uganda,Kikuube,Kyangwali,"2,017",Community Management,Functional,1156.0,250.0,False,,KIKUUBE
1.2269938,31.0269948,2022 Mar 02 12:00:00 AM,Yes,,Uganda,Kikuube,Kabwoya,"2,006",,Functional,483.0,250.0,False,,KIKUUBE
1.2363005,31.2764245,2022 Feb 28 12:00:00 AM,Yes,Hand Pump,Uganda,Kikuube,Buhimba,"2,021",,Functional,884.0,300.0,False,,KIKUUBE
1.3080465,31.1639957,2022 Mar 11 12:00:00 AM,Yes,Hand Pump,Uganda,Kikuube,Kiziranfumbi,"2,008",Community Management,Functional,1137.0,300.0,False,,KIKUUBE
1.1756117,31.084985,2022 Mar 01 12:00:00 AM,Yes,Hand Pump,Uganda,Kikuube,Kabwoya,,Community Management,Functional,805.0,300.0,False,,KIKUUBE
1.2251845,30.9427576,2022 Mar 02 12:00:00 AM,Yes,,Uganda,Kikuube,Kyangwali,,Community Management,Functional,1268.0,250.0,False,,KIKUUBE
1.4301513,31.2495269,2022 Mar 01 12:00:00 AM,Yes,,Uganda,Kikuube,Bugambe,"2,011",Community Management,Non-Functional,808.0,250.0,False,,KIKUUBE
1.27843373,30.82608392,2010 May 05 12:00:00 AM,Yes,Hand Pump,Uganda,Kikuube,Kyangwali,"2,004",Community Management,"Functional, needs repair",1552.0,300.0,False,,KIKUUBE
1.1929588,30.7788633,2022 Mar 10 12:00:00 AM,Yes,Hand Pump,Uganda,Kikuube,Kyangwali,"2,017",Community Management,Functional,2158.0,300.0,False,,KIKUUBE
1.2631425,31.34590182,2010 May 07 12:00:00 AM,Yes,Hand Pump,Uganda,Kikuube,Buhimba,"1,998",Community Management,"Functional, needs repair",815.0,300.0,False,,KIKUUBE
1.1436717,30.7368952,2022 Mar 11 12:00:00 AM,Yes,Hand Pump,Uganda,Kikuube,Kyangwali,"2,013",Community Management,Functional,1174.0,300.0,False,,KIKUUBE
1.13835331,30.76290948,2010 Oct 01 12:00:00 AM,Yes,,Uganda,Kikuube,Kyangwali,"2,010",Community Management,"Functional, needs repair",1549.0,300.0,False,,KIKUUBE
1.3069621,30.8891891,2022 Mar 01 12:00:00 AM,Yes,Hand Pump,Uganda,Kikuube,Kyangwali,"2,021",Community Management,Functional,910.0,300.0,False,,KIKUUBE
1.3118009,31.2532146,2022 Mar 08 12:00:00 AM,Yes,,Uganda,Kikuube,Buhimba,"2,003",Community Management,Functional,637.0,250.0,False,,KIKUUBE
1.31653436,31.35826714,2010 May 07 12:00:00 AM,Yes,,Uganda,Kikuube,Buhimba,"1,992",Community Management,"Functional, needs repair",630.0,300.0,False,,KIKUUBE
1.30501474,31.12928775,2010 Jul 01 12:00:00 AM,Yes,Hand Pump,Uganda,Kikuube,Kiziranfumbi,"1,996",Community Management,"Functional, needs repair",687.0,300.0,False,,KIKUUBE
1.3211077,31.2182831,2022 Mar 07 12:00:00 AM,Yes,,Uganda,Kikuube,Kikuube Town Council,"2,006",,Functional,803.0,250.0,False,,KIKUUBE
1.2391279,30.7367004,2022 Mar 09 12:00:00 AM,Yes,Hand Pump,Uganda,Kikuube,Kyangwali,"2,009",Community Management,Functional,1993.0,300.0,False,,KIKUUBE
1.24031699,31.13035856,2010 May 05 12:00:00 AM,Yes,,Uganda,Kikuube,Kabwoya,"2,003",Community Management,"Functional, needs repair",858.0,300.0,False,,KIKUUBE
1.2985475,31.1263009,2022 Mar 12 12:00:00 AM,Yes,,Uganda,Kikuube,Kiziranfumbi,,Community Management,Functional,1137.0,250.0,False,,KIKUUBE
1.2496849,30.8195658,2022 Mar 05 12:00:00 AM,Yes,Hand Pump,Uganda,Kikuube,Kyangwali,"2,021",Community Management,Functional,913.0,300.0,False,,KIKUUBE
1.31462877,31.33502333,2010 May 07 12:00:00 AM,Yes,Hand Pump,Uganda,Kikuube,Buhimba,"2,004",Community Management,"Functional, needs repair",393.0,300.0,False,,KIKUUBE
1.4395757,31.2765919,2022 Mar 07 12:00:00 AM,Yes,Hand Pump,Uganda,Kikuube,Bugambe,"2,006",Community Management,Functional,813.0,300.0,False,,KIKUUBE
1.437064,31.2371232,2022 Feb 28 12:00:00 AM,Yes,Hand Pump,Uganda,Kikuube,Bugambe,"2,020",Community Management,Functional,1002.0,300.0,False,,KIKUUBE
1.3221501,30.9328636,2022 Mar 13 12:00:00 AM,Yes,Hand Pump,Uganda,Kikuube,Kabwoya,,,Functional,1400.0,300.0,False,,KIKUUBE
1.3802557,30.9777732,2022 Mar 10 12:00:00 AM,Yes,Hand Pump,Uganda,Kikuube,Kabwoya,"2,020",Community Management,Functional,1887.0,300.0,False,,KIKUUBE
1.43721166,31.22670812,2010 Oct 01 12:00:00 AM,Yes,,Uganda,Kikuube,Bugambe,"2,010",Community Management,"Functional, needs repair",1170.0,300.0,False,,KIKUUBE
1.25223513,31.09325534,2010 May 06 12:00:00 AM,Yes,,Uganda,Kikuube,Kabwoya,"2,002",Community Management,"Functional, needs repair",437.0,300.0,False,,KIKUUBE
1.2416797,31.0810269,2022 Feb 28 12:00:00 AM,Yes,Hand Pump,Uganda,Kikuube,Kabwoya,"2,021",Community Management,Functional,1549.0,300.0,False,,KIKUUBE
1.347641,31.32731867,2010 May 07 12:00:00 AM,Yes,,Uganda,Kikuube,Buhimba Town Council,"1,990",Community Management,"Functional, needs repair",1374.0,300.0,False,,KIKUUBE
1.1420056,30.7492992,2022 Mar 12 12:00:00 AM,Yes,Hand Pump,Uganda,Kikuube,Kyangwali,"2,013",Community Management,Functional,1250.0,300.0,False,,KIKUUBE
1.338505,31.2276223,2022 Mar 07 12:00:00 AM,Yes,,Uganda,Kikuube,Kikuube Town Council,"2,007",Community Management,Functional,968.0,250.0,False,,KIKUUBE
1.32350403,31.23629833,2010 May 08 12:00:00 AM,Yes,,Uganda,Kikuube,Kikuube Town Council,"2,008",Private Operator/Delegated Management,"Functional, needs repair",1328.0,50.0,False,,KIKUUBE
1.4677116,31.1734022,2022 Mar 05 12:00:00 AM,Yes,,Uganda,Kikuube,Bugambe,"1,995",Community Management,Functional,566.0,250.0,False,,KIKUUBE
1.4023318,31.1345295,2022 Mar 08 12:00:00 AM,Yes,,Uganda,Kikuube,Kiziranfumbi,"2,009",Community Management,Functional,542.0,250.0,False,,KIKUUBE
1.3468571,31.3737412,2022 Mar 04 12:00:00 AM,Yes,,Uganda,Kikuube,Buhimba,"2,002",,Functional,910.0,250.0,False,,KIKUUBE
1.245412,31.0836749,2022 Mar 06 12:00:00 AM,Yes,Hand Pump,Uganda,Kikuube,Kabwoya,"2,018",Community Management,Functional,1484.0,300.0,False,,KIKUUBE
1.2990385,31.258948,2022 Mar 04 12:00:00 AM,Yes,,Uganda,Kikuube,Buhimba,"2,011",Community Management,Functional,616.0,250.0,False,,KIKUUBE
1.33684824,31.28252569,2010 May 07 12:00:00 AM,Yes,,Uganda,Kikuube,Buhimba,"1,993",Community Management,"Functional, needs repair",588.0,300.0,False,,KIKUUBE
1.2850946,31.0891842,2022 Mar 11 12:00:00 AM,Yes,,Uganda,Kikuube,Kabwoya,"2,013",Community Management,Functional,827.0,250.0,False,,KIKUUBE
1.325875,31.2766083,2022 Mar 07 12:00:00 AM,Yes,Hand Pump,Uganda,Kikuube,Buhimba,"2,021",Community Management,Functional,463.0,300.0,False,,KIKUUBE
1.2392517,31.1727779,2022 Mar 07 12:00:00 AM,Yes,Hand Pump,Uganda,Kikuube,Kabwoya,"2,012",Community Management,Functional,578.0,300.0,False,,KIKUUBE
1.22876234,30.86859378,2010 May 05 12:00:00 AM,Yes,Hand Pump,Uganda,Kikuube,Kyangwali,"2,004",Other Institutional Management,"Functional, needs repair",1508.0,300.0,False,,KIKUUBE
1.4333864,30.9001541,2022 Mar 11 12:00:00 AM,Yes,Hand Pump,Uganda,Kikuube,Kabwoya,,Community Management,Functional,734.0,300.0,False,,KIKUUBE
1.23483555,31.06519364,2010 May 06 12:00:00 AM,Yes,,Uganda,Kikuube,Kabwoya,"2,007",Community Management,"Functional, needs repair",650.0,300.0,False,,KIKUUBE
1.3214795,31.1820486,2022 Feb 28 12:00:00 AM,Yes,,Uganda,Kikuube,Kikuube Town Council,"2,021",Community Management,Functional,813.0,250.0,False,,KIKUUBE
1.30951571,31.21253454,2010 May 08 12:00:00 AM,Yes,,Uganda,Kikuube,Kikuube Town Council,"2,004",Community Management,"Functional, needs repair",620.0,300.0,False,,KIKUUBE
1.353511,31.2422954,2022 Mar 05 12:00:00 AM,Yes,,Uganda,Kikuube,Buhimba,"2,001",,Functional,609.0,250.0,False,,KIKUUBE
1.2657396,31.1014168,2022 Mar 10 12:00:00 AM,Yes,,Uganda,Kikuube,Kabwoya,"2,020",,Functional,833.0,250.0,False,,KIKUUBE
1.45347086,31.18159889,2010 May 06 12:00:00 AM,Yes,,Uganda,Kikuube,Bugambe,"2,004",Community Management,"Functional, needs repair",1795.0,300.0,False,,KIKUUBE
1.41862331,31.25538524,2010 May 06 12:00:00 AM,Yes,,Uganda,Kikuube,Bugambe,"2,006",Community Management,"Functional, needs repair",855.0,300.0,False,,KIKUUBE
1.35725047,31.20932845,2010 May 08 12:00:00 AM,Yes,Hand Pump,Uganda,Kikuube,Kikuube Town Council,"2,003",Community Management,"Functional, needs repair",587.0,300.0,False,,KIKUUBE
1.3064927,31.2026582,2022 Mar 04 12:00:00 AM,Yes,Hand Pump,Uganda,Kikuube,Kikuube Town Council,,Community Management,Functional,509.0,300.0,False,,KIKUUBE
1.2092942,31.1829807,2022 Mar 07 12:00:00 AM,Yes,Hand Pump,Uganda,Kikuube,Kabwoya,"2,021",Community Management,Functional,1106.0,300.0,False,,KIKUUBE
1.4926434,31.1529944,2022 Mar 08 12:00:00 AM,Yes,Hand Pump,Uganda,Kikuube,Bugambe,"2,018",Community Management,Functional,1425.0,300.0,False,,KIKUUBE
1.27088853,31.2311057,2010 May 08 12:00:00 AM,Yes,,Uganda,Kikuube,Kiziranfumbi,"2,004",Community Management,"Functional, needs repair",760.0,300.0,False,,KIKUUBE
1.3492219,31.2525478,2022 Mar 05 12:00:00 AM,Yes,Hand Pump,Uganda,Kikuube,Buhimba,"2,020",,Functional,999.0,300.0,False,,KIKUUBE
1.1621146,30.798818,2022 Mar 13 12:00:00 AM,Yes,,Uganda,Kikuube,Kyangwali,"2,019",,Functional,6728.0,250.0,False,,KIKUUBE
1.33083673,31.17304072,2010 May 08 12:00:00 AM,Yes,Hand Pump,Uganda,Kikuube,Kikuube Town Council,"1,999",Community Management,"Functional, needs repair",622.0,300.0,False,,KIKUUBE
1.1530995,30.7524994,2022 Mar 10 12:00:00 AM,Yes,Hand Pump,Uganda,Kikuube,Kyangwali,"2,016",Community Management,Functional,2081.0,300.0,False,,KIKUUBE
1.3970136,31.1074117,2022 Mar 07 12:00:00 AM,Yes,Hand Pump,Uganda,Kikuube,Kiziranfumbi,"2,021",,Functional,980.0,300.0,False,,KIKUUBE
1.3761843,31.2635798,2022 Mar 07 12:00:00 AM,Yes,,Uganda,Kikuube,Buhimba,"2,011",,Functional,830.0,250.0,False,,KIKUUBE
1.1842479,30.7821484,2022 Mar 06 12:00:00 AM,Yes,Hand Pump,Uganda,Kikuube,Kyangwali,"2,019",Community Management,Functional,3247.0,300.0,False,,KIKUUBE
1.24263436,30.94048106,2010 May 05 12:00:00 AM,Yes,Hand Pump,Uganda,Kikuube,Kyangwali,"2,004",Community Management,"Functional, needs repair",1076.0,300.0,False,,KIKUUBE
1.2926211,31.34113875,2010 May 07 12:00:00 AM,Yes,,Uganda,Kikuube,Buhimba,"1,996",Community Management,"Functional, needs repair",880.0,300.0,False,,KIKUUBE
1.1666209,30.7983519,2022 Mar 13 12:00:00 AM,Yes,,Uganda,Kikuube,Kyangwali,"2,020",,Functional,5976.0,250.0,False,,KIKUUBE
1.3040999,31.2874285,2022 Mar 04 12:00:00 AM,Yes,,Uganda,Kikuube,Buhimba,"2,021",Community Management,Functional,772.0,250.0,False,,KIKUUBE
1.285088,31.0892388,2022 Mar 11 12:00:00 AM,Yes,Hand Pump,Uganda,Kikuube,Kabwoya,"2,019",Community Management,Functional,827.0,300.0,False,,KIKUUBE
1.3390363,31.3349372,2022 Mar 05 12:00:00 AM,Yes,Hand Pump,Uganda,Kikuube,Buhimba Town Council,"2,000",,Functional,533.0,300.0,False,,KIKUUBE
1.2294579,30.8111394,2022 Mar 03 12:00:00 AM,Yes,Hand Pump,Uganda,Kikuube,Kyangwali,"2,011",Community Management,Functional,1209.0,300.0,False,,KIKUUBE
1.17642401,31.01452394,2010 May 17 12:00:00 AM,Yes,,Uganda,Kikuube,Kabwoya,"2,007",Community Management,"Functional, needs repair",1035.0,300.0,False,,KIKUUBE
1.3052955,31.1720146,2022 Mar 12 12:00:00 AM,Yes,,Uganda,Kikuube,Kiziranfumbi,"1,995",Community Management,Functional,1207.0,250.0,False,,KIKUUBE
1.3600174,31.1167686,2022 Mar 11 12:00:00 AM,Yes,,Uganda,Kikuube,Kiziranfumbi,"2,005",,Functional,843.0,250.0,False,,KIKUUBE
1.42095855,31.23451973,2010 May 06 12:00:00 AM,Yes,,Uganda,Kikuube,Bugambe,"2,000",Community Management,"Functional, needs repair",894.0,300.0,False,,KIKUUBE
1.35701927,31.34077243,2010 May 07 12:00:00 AM,Yes,,Uganda,Kikuube,Buhimba Town Council,"2,004",Community Management,"Functional, needs repair",470.0,300.0,False,,KIKUUBE
1.2185056,30.8458291,2022 Feb 28 12:00:00 AM,Yes,Hand Pump,Uganda,Kikuube,Kyangwali,"2,002",Community Management,Functional,1061.0,300.0,False,,KIKUUBE
1.3160277,31.2067677,2022 Mar 07 12:00:00 AM,Yes,Hand Pump,Uganda,Kikuube,Kikuube Town Council,"2,010",Community Management,Functional,798.0,300.0,False,,KIKUUBE
1.32929537,31.19190952,2010 May 08 12:00:00 AM,Yes,,Uganda,Kikuube,Kikuube Town Council,"1,993",Community Management,"Functional, needs repair",878.0,300.0,False,,KIKUUBE
1.2695161,31.3498591,2022 Mar 02 12:00:00 AM,Yes,Hand Pump,Uganda,Kikuube,Buhimba,"1,997",Community Management,Functional,865.0,300.0,False,,KIKUUBE
1.36260216,31.18313383,2010 May 08 12:00:00 AM,Yes,,Uganda,Kikuube,Kikuube Town Council,"2,003",Community Management,"Functional, needs repair",878.0,300.0,False,,KIKUUBE
1.3391997,31.19515,2022 Mar 05 12:00:00 AM,Yes,,Uganda,Kikuube,Kikuube Town Council,"2,005",,Functional,878.0,250.0,False,,KIKUUBE
1.2246331,31.0434919,2022 Mar 05 12:00:00 AM,Yes,,Uganda,Kikuube,Kabwoya,"2,015",Community Management,Functional,731.0,250.0,False,,KIKUUBE
1.3699072,31.1837632,2022 Mar 03 12:00:00 AM,Yes,,Uganda,Kikuube,Kikuube Town Council,"2,015",Community Management,Functional,919.0,250.0,False,,KIKUUBE
1.4700874,31.2714103,2022 Mar 07 12:00:00 AM,Yes,,Uganda,Kikuube,Bugambe,"2,006",Community Management,Functional,386.0,250.0,False,,KIKUUBE
1.180301,30.7400885,2022 Mar 12 12:00:00 AM,Yes,Hand Pump,Uganda,Kikuube,Kyangwali,"2,012",,Functional,520.0,300.0,False,,KIKUUBE
1.1900099,30.779562,2022 Mar 10 12:00:00 AM,Yes,Hand Pump,Uganda,Kikuube,Kyangwali,"2,015",Community Management,Functional,3105.0,300.0,False,,KIKUUBE
1.442106,31.2286441,2022 Mar 02 12:00:00 AM,Yes,,Uganda,Kikuube,Bugambe,"2,005",Community Management,Functional,1002.0,250.0,False,,KIKUUBE
1.213195,30.7905917,2022 Mar 04 12:00:00 AM,Yes,,Uganda,Kikuube,Kyangwali,"2,004",,Functional,1230.0,250.0,False,,KIKUUBE
1.3121658,31.3697375,2022 Mar 05 12:00:00 AM,Yes,Hand Pump,Uganda,Kikuube,Buhimba,"2,018",Community Management,Functional,620.0,300.0,False,,KIKUUBE
1.24707829,31.01661053,2010 May 17 12:00:00 AM,Yes,,Uganda,Kikuube,Kabwoya,"2,009",Community Management,"Functional, needs repair",207.0,300.0,False,,KIKUUBE
1.287767,31.3451493,2022 Mar 01 12:00:00 AM,Yes,Hand Pump,Uganda,Kikuube,Buhimba,"2,014",Community Management,Functional,821.0,300.0,False,,KIKUUBE
1.32644518,31.35693977,2010 May 07 12:00:00 AM,Yes,,Uganda,Kikuube,Buhimba,"2,001",Community Management,"Functional, needs repair",628.0,300.0,False,,KIKUUBE
1.30483,31.1635723,2022 Mar 11 12:00:00 AM,Yes,Hand Pump,Uganda,Kikuube,Kiziranfumbi,"2,004",Community Management,Functional,1150.0,300.0,False,,KIKUUBE
1.4206987,31.26135892,2010 Oct 01 12:00:00 AM,Yes,,Uganda,Kikuube,Bugambe,"1,999",Community Management,"Functional, needs repair",973.0,300.0,False,,KIKUUBE
1.4525116,31.2546173,2022 Mar 05 12:00:00 AM,Yes,,Uganda,Kikuube,Bugambe,"2,019",Community Management,Functional,742.0,250.0,False,,KIKUUBE
1.3197249,31.34198356,2010 May 07 12:00:00 AM,Yes,,Uganda,Kikuube,Buhimba,"2,008",Community Management,"Functional, needs repair",489.0,300.0,False,,KIKUUBE
1.42442763,31.24184905,2010 May 06 12:00:00 AM,Yes,,Uganda,Kikuube,Bugambe,"2,004",Community Management,"Functional, needs repair",608.0,300.0,False,,KIKUUBE
1.27099487,31.10154285,2010 May 05 12:00:00 AM,Yes,,Uganda,Kikuube,Kabwoya,"2,007",Community Management,"Functional, needs repair",929.0,300.0,False,,KIKUUBE
1.4628353,31.27938788,2010 Oct 01 12:00:00 AM,Yes,,Uganda,Kikuube,Bugambe,"2,010",Community Management,"Functional, needs repair",576.0,300.0,False,,KIKUUBE
1.1981476,30.9959416,2022 Mar 08 12:00:00 AM,Yes,Hand Pump,Uganda,Kikuube,Kabwoya,"2,015",,Functional,836.0,300.0,False,,KIKUUBE
1.1459545,30.7646963,2022 Mar 10 12:00:00 AM,Yes,Hand Pump,Uganda,Kikuube,Kyangwali,"2,018",,Functional,3199.0,300.0,False,,KIKUUBE
1.44801151,31.18460425,2010 May 06 12:00:00 AM,Yes,,Uganda,Kikuube,Bugambe,"1,992",Community Management,"Functional, needs repair",1469.0,300.0,False,,KIKUUBE
1.447017,31.1885572,2022 Mar 08 12:00:00 AM,Yes,Hand Pump,Uganda,Kikuube,Bugambe,,Community Management,Functional,1139.0,300.0,False,,KIKUUBE
1.2378881,30.7388664,2022 Mar 09 12:00:00 AM,Yes,Hand Pump,Uganda,Kikuube,Kyangwali,"2,009",Community Management,Functional,2034.0,300.0,False,,KIKUUBE
1.3765441,31.1252267,2022 Mar 10 12:00:00 AM,Yes,Hand Pump,Uganda,Kikuube,Kiziranfumbi,"2,021",,Functional,1528.0,300.0,False,,KIKUUBE
1.36916,31.27549,2013 Mar 15 12:00:00 AM,Yes,Motorized Pump,Uganda,Kikuube,Buhimba,"2,011",,Non-Functional,893.0,300.0,False,,KIKUUBE
1.4166817,31.2190393,2022 Mar 04 12:00:00 AM,Yes,,Uganda,Kikuube,Bugambe,"2,007",Community Management,Functional,548.0,250.0,False,,KIKUUBE
1.27165596,30.8724936,2010 May 05 12:00:00 AM,Yes,,Uganda,Kikuube,Kyangwali,"2,006",Community Management,"Functional, needs repair",910.0,300.0,False,,KIKUUBE
1.2879,31.33124,2013 Mar 15 12:00:00 AM,Yes,Motorized Pump,Uganda,Kikuube,Buhimba,"2,011",,Non-Functional,793.0,300.0,False,,KIKUUBE
1.2792667,31.299859,2022 Mar 01 12:00:00 AM,Yes,Hand Pump,Uganda,Kikuube,Buhimba,"2,017",,Functional,637.0,300.0,False,,KIKUUBE
1.3473865,31.2558376,2022 Mar 05 12:00:00 AM,Yes,Hand Pump,Uganda,Kikuube,Buhimba,"2,020",,Functional,1024.0,300.0,False,,KIKUUBE
1.2801974,31.3574968,2022 Mar 01 12:00:00 AM,Yes,,Uganda,Kikuube,Buhimba,,Community Management,Functional,736.0,250.0,False,,KIKUUBE
1.250649,31.306434,2022 Mar 02 12:00:00 AM,Yes,Hand Pump,Uganda,Kikuube,Buhimba,"2,012",,Functional,484.0,300.0,False,,KIKUUBE
1.2211318,30.8988199,2022 Mar 04 12:00:00 AM,Yes,Hand Pump,Uganda,Kikuube,Kyangwali,"2,021",,Functional,2395.0,300.0,False,,KIKUUBE
1.29869635,31.20674709,2010 May 08 12:00:00 AM,Yes,,Uganda,Kikuube,Kikuube Town Council,"1,995",Community Management,"Functional, needs repair",685.0,300.0,False,,KIKUUBE
1.2190333,31.1171783,2022 Mar 03 12:00:00 AM,Yes,Hand Pump,Uganda,Kikuube,Kabwoya,"2,018",Community Management,Functional,877.0,300.0,False,,KIKUUBE
1.3177425,31.2866312,2022 Mar 07 12:00:00 AM,Yes,Hand Pump,Uganda,Kikuube,Buhimba,"1,998",Community Management,Functional,895.0,300.0,False,,KIKUUBE
1.35152,31.24913,2013 Mar 15 12:00:00 AM,Yes,Motorized Pump,Uganda,Kikuube,Buhimba,"2,013",,Non-Functional,868.0,300.0,False,,KIKUUBE
1.260665,31.1338578,2022 Mar 10 12:00:00 AM,Yes,Hand Pump,Uganda,Kikuube,Kabwoya,"2,019",Community Management,Functional,644.0,300.0,False,,KIKUUBE
1.27796182,31.09531185,2010 May 05 12:00:00 AM,Yes,,Uganda,Kikuube,Kabwoya,"1,989",Community Management,"Functional, needs repair",799.0,300.0,False,,KIKUUBE
1.3197704,30.8904509,2022 Mar 01 12:00:00 AM,Yes,Hand Pump,Uganda,Kikuube,Kyangwali,"2,019",,Functional,1165.0,300.0,False,,KIKUUBE
1.2178012,31.17831,2022 Mar 11 12:00:00 AM,Yes,Hand Pump,Uganda,Kikuube,Kabwoya,"2,012",Community Management,Functional,750.0,300.0,False,,KIKUUBE
1.36877179,31.2841116,2010 May 07 12:00:00 AM,Yes,,Uganda,Kikuube,Buhimba,"2,003",Community Management,"Functional, needs repair",482.0,300.0,False,,KIKUUBE
1.333885,31.1737976,2022 Feb 28 12:00:00 AM,Yes,,Uganda,Kikuube,Kikuube Town Council,"2,006",,Functional,695.0,250.0,False,,KIKUUBE
1.3450409,31.327981,2022 Mar 05 12:00:00 AM,Yes,,Uganda,Kikuube,Buhimba Town Council,"1,998",,Functional,1342.0,250.0,False,,KIKUUBE
1.35516667,31.1327539,2010 May 08 12:00:00 AM,Yes,,Uganda,Kikuube,Kiziranfumbi,"2,004",Community Management,"Functional, needs repair",818.0,300.0,False,,KIKUUBE
1.2157564,31.2864704,2022 Feb 28 12:00:00 AM,Yes,,Uganda,Kikuube,Buhimba,"2,003",,Functional,294.0,250.0,False,,KIKUUBE
1.1953367,30.7644412,2022 Mar 10 12:00:00 AM,Yes,Hand Pump,Uganda,Kikuube,Kyangwali,,Community Management,Functional,1061.0,300.0,False,,KIKUUBE
1.3953364,31.1311364,2022 Mar 08 12:00:00 AM,Yes,Hand Pump,Uganda,Kikuube,Kiziranfumbi,"2,018",Community Management,Functional,1011.0,300.0,False,,KIKUUBE
1.1577683,30.7760069,2022 Mar 11 12:00:00 AM,Yes,Hand Pump,Uganda,Kikuube,Kyangwali,"2,018",Community Management,Functional,2043.0,300.0,False,,KIKUUBE
1.3887863,31.1388762,2022 Mar 08 12:00:00 AM,Yes,Hand Pump,Uganda,Kikuube,Kiziranfumbi,,Community Management,Functional,1014.0,300.0,False,,KIKUUBE
1.2916157,31.1040657,2022 Mar 11 12:00:00 AM,Yes,,Uganda,Kikuube,Kabwoya,"2,001",Community Management,Functional,458.0,250.0,False,,KIKUUBE
1.359459,31.2082039,2022 Mar 02 12:00:00 AM,Yes,Hand Pump,Uganda,Kikuube,Kikuube Town Council,"2,012",Community Management,Functional,569.0,300.0,False,,KIKUUBE
1.3402766,31.3207198,2022 Mar 05 12:00:00 AM,Yes,Hand Pump,Uganda,Kikuube,Buhimba Town Council,"2,021",,Functional,1738.0,300.0,False,,KIKUUBE
1.3885003,30.9892762,2022 Mar 09 12:00:00 AM,Yes,Hand Pump,Uganda,Kikuube,Kabwoya,,Community Management,Functional,2374.0,300.0,False,,KIKUUBE
1.252115,31.145348,2022 Mar 10 12:00:00 AM,Yes,,Uganda,Kikuube,Kabwoya,"2,002",,Functional,672.0,250.0,False,,KIKUUBE
1.3476581,31.2161502,2022 Mar 02 12:00:00 AM,Yes,Hand Pump,Uganda,Kikuube,Kikuube Town Council,,Community Management,Functional,1204.0,300.0,False,,KIKUUBE
1.3506189,31.3880613,2022 Feb 28 12:00:00 AM,Yes,,Uganda,Kikuube,Buhimba,"1,990",,Functional,1153.0,250.0,False,,KIKUUBE
1.2302709,30.7982096,2022 Mar 05 12:00:00 AM,Yes,,Uganda,Kikuube,Kyangwali,"1,996",Community Management,Functional,1348.0,250.0,False,,KIKUUBE
1.18909385,30.7816056,2010 May 05 12:00:00 AM,Yes,Hand Pump,Uganda,Kikuube,Kyangwali,"2,005",Other,"Functional, needs repair",3235.0,300.0,False,,KIKUUBE
1.1693695,31.0059253,2022 Mar 05 12:00:00 AM,Yes,,Uganda,Kikuube,Kabwoya,"2,009",,Functional,1038.0,250.0,False,,KIKUUBE
1.34193906,31.1945238,2010 May 08 12:00:00 AM,Yes,,Uganda,Kikuube,Kikuube Town Council,"2,005",Community Management,"Functional, needs repair",763.0,300.0,False,,KIKUUBE
1.1739498,30.7551096,2022 Mar 11 12:00:00 AM,Yes,Hand Pump,Uganda,Kikuube,Kyangwali,"1,999",,Functional,1162.0,300.0,False,,KIKUUBE
1.207664,31.1847298,2022 Mar 07 12:00:00 AM,Yes,Hand Pump,Uganda,Kikuube,Kabwoya,"2,013",Community Management,Functional,1224.0,300.0,False,,KIKUUBE
1.41019481,31.11655656,2011 Sep 01 12:00:00 AM,Yes,,Uganda,Kikuube,Kiziranfumbi,"2,011",Community Management,"Functional, needs repair",814.0,300.0,False,,KIKUUBE
1.2148794,30.807432,2022 Mar 02 12:00:00 AM,Yes,Hand Pump,Uganda,Kikuube,Kyangwali,"2,022",Community Management,Functional,1262.0,300.0,False,,KIKUUBE
1.35404533,31.31665765,2010 May 07 12:00:00 AM,Yes,Hand Pump,Uganda,Kikuube,Buhimba Town Council,"1,987",Community Management,"Functional, needs repair",2129.0,300.0,False,,KIKUUBE
1.1598958,30.7219919,2022 Mar 12 12:00:00 AM,Yes,Hand Pump,Uganda,Kikuube,Kyangwali,"2,013",,Functional,922.0,300.0,False,,KIKUUBE
1.44087261,30.91723616,2010 May 06 12:00:00 AM,Yes,Hand Pump,Uganda,Kikuube,Kabwoya,"2,008",Community Management,"Functional, needs repair",997.0,300.0,False,,KIKUUBE
1.4872447,31.219982,2022 Mar 03 12:00:00 AM,Yes,Hand Pump,Uganda,Kikuube,Bugambe,"2,021",Other Institutional Management,Functional,826.0,300.0,False,,KIKUUBE
1.3313512,31.3723131,2022 Feb 28 12:00:00 AM,Yes,,Uganda,Kikuube,Buhimba,"2,009",,Functional,609.0,250.0,False,,KIKUUBE
1.31536912,31.34672171,2010 May 07 12:00:00 AM,Yes,Hand Pump,Uganda,Kikuube,Buhimba,"2,002",Community Management,"Functional, needs repair",601.0,300.0,False,,KIKUUBE
1.31937638,31.24329145,2010 May 07 12:00:00 AM,Yes,,Uganda,Kikuube,Kikuube Town Council,"2,003",Community Management,"Functional, needs repair",1014.0,300.0,False,,KIKUUBE
1.3238843,31.24963162,2010 May 07 12:00:00 AM,Yes,,Uganda,Kikuube,Buhimba,"2,008",Community Management,"Functional, needs repair",543.0,300.0,False,,KIKUUBE
1.3896013,31.1610948,2022 Mar 08 12:00:00 AM,Yes,,Uganda,Kikuube,Bugambe,"2,009",Community Management,Functional,737.0,250.0,False,,KIKUUBE
1.2174433,30.7933733,2022 Mar 04 12:00:00 AM,Yes,Hand Pump,Uganda,Kikuube,Kyangwali,"2,014",,Functional,1369.0,300.0,False,,KIKUUBE
1.1340287,30.7132237,2022 Mar 13 12:00:00 AM,Yes,Hand Pump,Uganda,Kikuube,Kyangwali,"2,019",Community Management,Functional,733.0,300.0,False,,KIKUUBE
1.4443994,31.2039048,2022 Mar 09 12:00:00 AM,Yes,Hand Pump,Uganda,Kikuube,Bugambe,,Community Management,Functional,629.0,300.0,False,,KIKUUBE
1.2957703,31.2883102,2022 Mar 04 12:00:00 AM,Yes,,Uganda,Kikuube,Buhimba,"2,006",Community Management,Functional,512.0,250.0,False,,KIKUUBE
1.2426767,31.313071,2022 Mar 02 12:00:00 AM,Yes,Hand Pump,Uganda,Kikuube,Buhimba,"2,011",Community Management,Functional,328.0,300.0,False,,KIKUUBE
1.2508917,30.8128077,2022 Mar 05 12:00:00 AM,Yes,Hand Pump,Uganda,Kikuube,Kyangwali,"2,018",Community Management,Functional,1097.0,300.0,False,,KIKUUBE
1.32676,31.31991,2013 Mar 15 12:00:00 AM,Yes,Motorized Pump,Uganda,Kikuube,Buhimba Town Council,"2,011",,Non-Functional,798.0,300.0,False,,KIKUUBE
1.307122,31.163324,2022 Mar 11 12:00:00 AM,Yes,Hand Pump,Uganda,Kikuube,Kiziranfumbi,"2,012",Community Management,Functional,1124.0,300.0,False,,KIKUUBE
1.4256475,31.2488241,2022 Mar 01 12:00:00 AM,Yes,Hand Pump,Uganda,Kikuube,Bugambe,,,Functional,887.0,300.0,False,,KIKUUBE
1.36477,31.24647,2013 Mar 15 12:00:00 AM,Yes,Motorized Pump,Uganda,Kikuube,Bugambe,"2,011",,Non-Functional,651.0,300.0,False,,KIKUUBE
1.2441762,31.0870801,2022 Feb 28 12:00:00 AM,Yes,Hand Pump,Uganda,Kikuube,Kabwoya,"2,017",Community Management,Functional,1444.0,300.0,False,,KIKUUBE
1.2346847,30.7443289,2022 Mar 07 12:00:00 AM,Yes,Hand Pump,Uganda,Kikuube,Kyangwali,"2,021",Community Management,Functional,1188.0,300.0,False,,KIKUUBE
1.20717819,31.08119527,2010 May 06 12:00:00 AM,Yes,,Uganda,Kikuube,Kabwoya,"2,008",Community Management,"Functional, needs repair",874.0,300.0,False,,KIKUUBE
1.2755231,31.2313938,2022 Mar 11 12:00:00 AM,Yes,,Uganda,Kikuube,Kikuube Town Council,"2,019",Community Management,Functional,702.0,250.0,False,,KIKUUBE
1.3806725,31.1244586,2022 Mar 07 12:00:00 AM,Yes,Hand Pump,Uganda,Kikuube,Kiziranfumbi,"2,021",,Functional,1533.0,300.0,False,,KIKUUBE
1.2665288,31.3194777,2022 Mar 04 12:00:00 AM,Yes,Hand Pump,Uganda,Kikuube,Buhimba,"2,012",,Functional,700.0,300.0,False,,KIKUUBE
1.12653805,30.7518443,2010 Oct 01 12:00:00 AM,Yes,Hand Pump,Uganda,Kikuube,Kyangwali,"2,010",Community Management,"Functional, needs repair",952.0,300.0,False,,KIKUUBE
1.42523109,31.19365216,2010 May 07 12:00:00 AM,Yes,,Uganda,Kikuube,Bugambe,"1,998",Community Management,"Functional, needs repair",766.0,300.0,False,,KIKUUBE
1.2402764,30.7367236,2022 Mar 09 12:00:00 AM,Yes,Hand Pump,Uganda,Kikuube,Kyangwali,"2,009",Community Management,Functional,1886.0,300.0,False,,KIKUUBE
1.2873939,31.3649088,2022 Mar 02 12:00:00 AM,Yes,Hand Pump,Uganda,Kikuube,Buhimba,"2,012",Community Management,Functional,713.0,300.0,False,,KIKUUBE
1.26062,31.35446,2013 Mar 15 12:00:00 AM,Yes,Motorized Pump,Uganda,Kikuube,Buhimba,"2,012",,Non-Functional,569.0,300.0,False,,KIKUUBE
1.1666692,30.7699638,2022 Mar 11 12:00:00 AM,Yes,Hand Pump,Uganda,Kikuube,Kyangwali,"2,015",Community Management,Functional,2235.0,300.0,False,,KIKUUBE
1.3115522,31.1503924,2022 Mar 12 12:00:00 AM,Yes,,Uganda,Kikuube,Kiziranfumbi,"1,993",Community Management,Functional,793.0,250.0,False,,KIKUUBE
1.2134398,30.9029877,2022 Feb 28 12:00:00 AM,Yes,,Uganda,Kikuube,Kyangwali,"2,014",Community Management,Functional,2342.0,250.0,False,,KIKUUBE
1.33774539,31.36414763,2010 May 07 12:00:00 AM,Yes,Hand Pump,Uganda,Kikuube,Buhimba,"2,006",Community Management,"Functional, needs repair",681.0,300.0,False,,KIKUUBE
1.3251571,31.2921997,2022 Mar 05 12:00:00 AM,Yes,,Uganda,Kikuube,Buhimba Town Council,"2,021",Community Management,Functional,975.0,250.0,False,,KIKUUBE
1.40750181,31.24531212,2010 Sep 15 12:00:00 AM,Yes,Hand Pump,Uganda,Kikuube,Bugambe,"2,000",Community Management,"Functional, needs repair",1015.0,300.0,False,,KIKUUBE
1.25832828,31.29921866,2010 May 07 12:00:00 AM,Yes,Hand Pump,Uganda,Kikuube,Buhimba,"2,002",Community Management,"Functional, needs repair",745.0,300.0,False,,KIKUUBE
1.2423877,31.2864654,2022 Mar 01 12:00:00 AM,Yes,Hand Pump,Uganda,Kikuube,Buhimba,"2,006",Community Management,Functional,531.0,300.0,False,,KIKUUBE
1.3323678,31.20133221,2010 May 08 12:00:00 AM,Yes,Hand Pump,Uganda,Kikuube,Kikuube Town Council,"2,001",Community Management,"Functional, needs repair",1850.0,300.0,False,,KIKUUBE
1.21634396,31.07702039,2010 May 05 12:00:00 AM,Yes,,Uganda,Kikuube,Kabwoya,"2,008",Community Management,"Functional, needs repair",929.0,300.0,False,,KIKUUBE
1.36346923,31.31772039,2010 May 07 12:00:00 AM,Yes,,Uganda,Kikuube,Buhimba Town Council,"2,008",Community Management,"Functional, needs repair",728.0,300.0,False,,KIKUUBE
1.3319213,31.1496983,2022 Mar 09 12:00:00 AM,Yes,Hand Pump,Uganda,Kikuube,Kiziranfumbi,"2,010",Community Management,Functional,502.0,300.0,False,,KIKUUBE
1.16560239,31.0165348,2010 May 17 12:00:00 AM,Yes,,Uganda,Kikuube,Kabwoya,"2,002",Community Management,"Functional, needs repair",1159.0,300.0,False,,KIKUUBE
1.176589,30.7579904,2022 Mar 11 12:00:00 AM,Yes,Hand Pump,Uganda,Kikuube,Kyangwali,"2,019",,Functional,1330.0,300.0,False,,KIKUUBE
1.3905222,31.2011922,2022 Mar 04 12:00:00 AM,Yes,Hand Pump,Uganda,Kikuube,Bugambe,,,Functional,493.0,300.0,False,,KIKUUBE
1.29530353,31.17909509,2010 May 08 12:00:00 AM,Yes,,Uganda,Kikuube,Kiziranfumbi,"1,998",Community Management,"Functional, needs repair",1061.0,300.0,False,,KIKUUBE
1.2560838,30.85717295,2010 May 05 12:00:00 AM,Yes,,Uganda,Kikuube,Kyangwali,"2,008",Community Management,"Functional, needs repair",1008.0,300.0,False,,KIKUUBE
1.3092,31.32978,2013 Feb 28 12:00:00 AM,Yes,Motorized Pump,Uganda,Kikuube,Buhimba,"2,012",Community Management,Non-Functional,383.0,300.0,False,,KIKUUBE
1.1632217,30.7913117,2022 Mar 13 12:00:00 AM,Yes,,Uganda,Kikuube,Kyangwali,,,Functional,5459.0,250.0,False,,KIKUUBE
1.3388061,31.3941397,2022 Mar 03 12:00:00 AM,Yes,Hand Pump,Uganda,Kikuube,Buhimba,"2,021",,Functional,889.0,300.0,False,,KIKUUBE
1.3341383,31.3122343,2022 Mar 14 12:00:00 AM,Yes,Hand Pump,Uganda,Kikuube,Buhimba Town Council,"2,018",,Functional,1342.0,300.0,False,,KIKUUBE
1.39098271,31.26073397,2010 May 06 12:00:00 AM,Yes,,Uganda,Kikuube,Bugambe,"2,005",Community Management,"Functional, needs repair",727.0,300.0,False,,KIKUUBE
1.33654217,31.2845206,2010 May 07 12:00:00 AM,Yes,,Uganda,Kikuube,Buhimba,"1,991",Community Management,"Functional, needs repair",601.0,300.0,False,,KIKUUBE
1.33844762,31.37292601,2010 May 07 12:00:00 AM,Yes,,Uganda,Kikuube,Buhimba,"2,004",Community Management,"Functional, needs repair",671.0,300.0,False,,KIKUUBE
1.39753068,31.12176874,2010 May 08 12:00:00 AM,Yes,Hand Pump,Uganda,Kikuube,Kiziranfumbi,"2,002",Community Management,"Functional, needs repair",981.0,300.0,False,,KIKUUBE
1.46018623,31.2801357,2010 May 10 12:00:00 AM,Yes,,Uganda,Kikuube,Bugambe,"2,010",Community Management,"Functional, needs repair",583.0,300.0,False,,KIKUUBE
1.3467378,31.1785543,2022 Mar 01 12:00:00 AM,Yes,,Uganda,Kikuube,Kikuube Town Council,"2,005",,Functional,697.0,250.0,False,,KIKUUBE
1.3545754,31.1098268,2022 Mar 11 12:00:00 AM,Yes,,Uganda,Kikuube,Kiziranfumbi,"1,996",,Functional,630.0,250.0,False,,KIKUUBE
1.20198587,30.78200842,2010 May 05 12:00:00 AM,Yes,,Uganda,Kikuube,Kyangwali,"2,007",Community Management,"Functional, needs repair",958.0,300.0,False,,KIKUUBE
1.4451213,31.202514,2022 Mar 09 12:00:00 AM,Yes,Hand Pump,Uganda,Kikuube,Bugambe,,Community Management,Functional,593.0,300.0,False,,KIKUUBE
1.22076844,30.78870271,2010 May 05 12:00:00 AM,Yes,,Uganda,Kikuube,Kyangwali,"2,007",Community Management,"Functional, needs repair",1638.0,300.0,False,,KIKUUBE
1.3204261,31.1391393,2022 Mar 12 12:00:00 AM,Yes,,Uganda,Kikuube,Kiziranfumbi,"1,996",Community Management,Functional,665.0,250.0,False,,KIKUUBE
1.343651,31.1332192,2022 Mar 09 12:00:00 AM,Yes,,Uganda,Kikuube,Kiziranfumbi,"1,990",Community Management,Functional,830.0,250.0,False,,KIKUUBE
1.4585578,31.2404868,2022 Mar 02 12:00:00 AM,Yes,,Uganda,Kikuube,Bugambe,"2,004",Community Management,Functional,789.0,250.0,False,,KIKUUBE
1.29634878,31.13699362,2010 May 08 12:00:00 AM,Yes,,Uganda,Kikuube,Kiziranfumbi,"1,995",Community Management,"Functional, needs repair",1047.0,300.0,False,,KIKUUBE
1.352398,31.405588,2022 Mar 01 12:00:00 AM,Yes,Hand Pump,Uganda,Kikuube,Buhimba,"2,021",Community Management,Functional,1217.0,300.0,False,,KIKUUBE
1.3298804,31.2027819,2022 Mar 03 12:00:00 AM,Yes,Hand Pump,Uganda,Kikuube,Kikuube Town Council,"2,021",,Functional,1902.0,300.0,False,,KIKUUBE
1.16447,30.8022067,2022 Mar 12 12:00:00 AM,Yes,Hand Pump,Uganda,Kikuube,Kyangwali,"2,019",,Functional,5775.0,300.0,False,,KIKUUBE
1.1145604,30.7478313,2022 Mar 09 12:00:00 AM,Yes,Hand Pump,Uganda,Kikuube,Kyangwali,"2,000",Community Management,Functional,795.0,300.0,False,,KIKUUBE
1.34763015,31.3778081,2010 May 07 12:00:00 AM,Yes,,Uganda,Kikuube,Buhimba,"2,005",Community Management,"Functional, needs repair",586.0,300.0,False,,KIKUUBE
1.2318741,31.292341,2022 Feb 28 12:00:00 AM,Yes,,Uganda,Kikuube,Buhimba,"2,009",,Functional,810.0,250.0,False,,KIKUUBE
1.2203934,30.9081196,2022 Mar 01 12:00:00 AM,Yes,,Uganda,Kikuube,Kyangwali,"2,013",Community Management,Functional,1505.0,250.0,False,,KIKUUBE
1.28883117,31.22030281,2010 May 08 12:00:00 AM,Yes,,Uganda,Kikuube,Kikuube Town Council,"1,999",Community Management,"Functional, needs repair",783.0,300.0,False,,KIKUUBE
1.31324726,31.28501284,2010 May 07 12:00:00 AM,Yes,,Uganda,Kikuube,Buhimba,"2,000",Community Management,"Functional, needs repair",745.0,300.0,False,,KIKUUBE
1.3538,31.30036,2013 Mar 15 12:00:00 AM,Yes,Motorized Pump,Uganda,Kikuube,Buhimba Town Council,"2,011",,Non-Functional,882.0,300.0,False,,KIKUUBE
1.1865034,30.7810742,2022 Mar 10 12:00:00 AM,Yes,,Uganda,Kikuube,Kyangwali,"2,018",Community Management,Functional,3294.0,250.0,False,,KIKUUBE
1.3126036,31.3586414,2022 Mar 03 12:00:00 AM,Yes,,Uganda,Kikuube,Buhimba,"2,003",Community Management,Functional,683.0,250.0,False,,KIKUUBE
1.36315,31.2790629,2022 Mar 08 12:00:00 AM,Yes,,Uganda,Kikuube,Buhimba,"2,011",,Functional,855.0,250.0,False,,KIKUUBE
1.2351619,30.7424253,2022 Mar 07 12:00:00 AM,Yes,Hand Pump,Uganda,Kikuube,Kyangwali,"2,021",Community Management,Functional,1780.0,300.0,False,,KIKUUBE
1.23394957,31.11544065,2010 May 06 12:00:00 AM,Yes,,Uganda,Kikuube,Kabwoya,"1,992",Community Management,"Functional, needs repair",688.0,300.0,False,,KIKUUBE
1.2375682,30.7390611,2022 Mar 09 12:00:00 AM,Yes,Hand Pump,Uganda,Kikuube,Kyangwali,"2,009",Community Management,Functional,2043.0,300.0,False,,KIKUUBE
1.166669,30.7497523,2022 Mar 12 12:00:00 AM,Yes,Hand Pump,Uganda,Kikuube,Kyangwali,"2,003",Community Management,Functional,1511.0,300.0,False,,KIKUUBE
1.1306675,30.7064489,2022 Mar 13 12:00:00 AM,Yes,Hand Pump,Uganda,Kikuube,Kyangwali,"2,021",,Functional,683.0,300.0,False,,KIKUUBE
1.2336229,31.0114229,2022 Mar 02 12:00:00 AM,Yes,,Uganda,Kikuube,Kabwoya,,Community Management,Functional,740.0,250.0,False,,KIKUUBE
1.277431,31.1910049,2022 Mar 13 12:00:00 AM,Yes,Hand Pump,Uganda,Kikuube,Kiziranfumbi,,Community Management,Functional,532.0,300.0,False,,KIKUUBE
1.39474406,31.24786441,2010 May 06 12:00:00 AM,Yes,,Uganda,Kikuube,Bugambe,"2,002",Community Management,"Functional, needs repair",1097.0,300.0,False,,KIKUUBE
1.34943204,31.17787864,2010 May 08 12:00:00 AM,Yes,,Uganda,Kikuube,Kikuube Town Council,"2,005",Community Management,"Functional, not in use",695.0,300.0,False,,KIKUUBE
1.3577101,31.3988313,2022 Mar 01 12:00:00 AM,Yes,Hand Pump,Uganda,Kikuube,Buhimba,"2,006",,Functional,1872.0,300.0,False,,KIKUUBE
1.2851316,31.302963,2022 Feb 28 12:00:00 AM,Yes,,Uganda,Kikuube,Buhimba,,Community Management,Functional,948.0,250.0,False,,KIKUUBE
1.2573633,30.83238,2022 Feb 28 12:00:00 AM,Yes,Hand Pump,Uganda,Kikuube,Kyangwali,"2,000",Community Management,Functional,1392.0,300.0,False,,KIKUUBE
1.3156253,31.1770333,2022 Mar 12 12:00:00 AM,Yes,Hand Pump,Uganda,Kikuube,Kiziranfumbi,"2,019",Community Management,Functional,707.0,300.0,False,,KIKUUBE
1.2577826,31.3057157,2022 Mar 02 12:00:00 AM,Yes,,Uganda,Kikuube,Buhimba,"2,005",,Functional,692.0,250.0,False,,KIKUUBE
1.36964687,31.14851061,2010 May 08 12:00:00 AM,Yes,,Uganda,Kikuube,Kiziranfumbi,"2,007",Community Management,"Functional, needs repair",730.0,300.0,False,,KIKUUBE
1.2088111,31.0231379,2022 Mar 04 12:00:00 AM,Yes,Hand Pump,Uganda,Kikuube,Kabwoya,"2,019",Community Management,Functional,706.0,300.0,False,,KIKUUBE
1.4393876,31.196574,2022 Mar 08 12:00:00 AM,Yes,Hand Pump,Uganda,Kikuube,Bugambe,,Community Management,Functional,367.0,300.0,False,,KIKUUBE
1.3813144,31.1281687,2022 Mar 10 12:00:00 AM,Yes,Hand Pump,Uganda,Kikuube,Kiziranfumbi,"2,021",,Functional,1538.0,300.0,False,,KIKUUBE
1.2934755,31.2995976,2022 Feb 28 12:00:00 AM,Yes,Hand Pump,Uganda,Kikuube,Buhimba,"2,015",Community Management,Functional,776.0,300.0,False,,KIKUUBE
1.1320887,30.7582952,2022 Mar 09 12:00:00 AM,Yes,Hand Pump,Uganda,Kikuube,Kyangwali,"2,019",Community Management,Functional,1387.0,300.0,False,,KIKUUBE
1.43459872,31.22729418,2010 May 10 12:00:00 AM,Yes,,Uganda,Kikuube,Bugambe,"2,010",Community Management,"Functional, needs repair",1175.0,300.0,False,,KIKUUBE
1.34533483,31.30116405,2010 May 07 12:00:00 AM,Yes,,Uganda,Kikuube,Buhimba Town Council,"2,005",Community Management,"Functional, needs repair",1223.0,300.0,False,,KIKUUBE
1.340259,31.2219396,2022 Mar 07 12:00:00 AM,Yes,Hand Pump,Uganda,Kikuube,Kikuube Town Council,"2,018",,Functional,1285.0,300.0,False,,KIKUUBE
1.2758202,31.240657,2022 Mar 11 12:00:00 AM,Yes,,Uganda,Kikuube,Kikuube Town Council,"2,019",Community Management,Functional,531.0,250.0,False,,KIKUUBE
1.2408867,30.8458888,2022 Mar 03 12:00:00 AM,Yes,Hand Pump,Uganda,Kikuube,Kyangwali,"2,021",Community Management,Functional,689.0,300.0,False,,KIKUUBE
1.23527654,31.01370871,2010 May 17 12:00:00 AM,Yes,Hand Pump,Uganda,Kikuube,Kabwoya,"1,998",Community Management,"Functional, needs repair",715.0,300.0,False,,KIKUUBE
1.3167469,31.3595022,2022 Mar 05 12:00:00 AM,Yes,,Uganda,Kikuube,Buhimba,"2,004",,Functional,662.0,250.0,False,,KIKUUBE
1.3207417,31.2417472,2022 Mar 09 12:00:00 AM,Yes,,Uganda,Kikuube,Kikuube Town Council,"2,007",Community Management,Functional,1038.0,250.0,False,,KIKUUBE
1.33200011,31.2811184,2010 Sep 15 12:00:00 AM,Yes,,Uganda,Kikuube,Buhimba,"1,990",Other,"Functional, needs repair",556.0,300.0,False,,KIKUUBE
1.4244768,31.2418284,2022 Mar 04 12:00:00 AM,Yes,,Uganda,Kikuube,Bugambe,,Community Management,Functional,608.0,250.0,False,,KIKUUBE
1.29676347,31.12313965,2010 May 08 12:00:00 AM,Yes,,Uganda,Kikuube,Kiziranfumbi,"2,002",Community Management,"Functional, needs repair",975.0,300.0,False,,KIKUUBE
1.3629507,31.1391945,2022 Mar 10 12:00:00 AM,Yes,Hand Pump,Uganda,Kikuube,Kiziranfumbi,"2,021",Community Management,Functional,778.0,300.0,False,,KIKUUBE
1.2606038,31.3275784,2022 Mar 03 12:00:00 AM,Yes,Hand Pump,Uganda,Kikuube,Buhimba,"2,006",,Functional,762.0,300.0,False,,KIKUUBE
1.24031188,31.07318516,2010 May 06 12:00:00 AM,Yes,,Uganda,Kikuube,Kabwoya,"2,004",Community Management,"Functional, needs repair",821.0,300.0,False,,KIKUUBE
1.41484458,31.11902358,2010 May 08 12:00:00 AM,Yes,,Uganda,Kikuube,Kiziranfumbi,"2,002",Community Management,"Functional, needs repair",436.0,300.0,False,,KIKUUBE
1.3051212,31.3442002,2022 Mar 03 12:00:00 AM,Yes,Hand Pump,Uganda,Kikuube,Buhimba,"2,005",Community Management,Functional,696.0,300.0,False,,KIKUUBE
1.31209,31.38867,2013 Feb 26 12:00:00 AM,Yes,Motorized Pump,Uganda,Kikuube,Buhimba,"2,012",,Non-Functional,1164.0,300.0,False,,KIKUUBE
1.31411911,31.33021654,2010 May 07 12:00:00 AM,Yes,,Uganda,Kikuube,Buhimba,"2,003",Community Management,"Functional, needs repair",400.0,300.0,False,,KIKUUBE
1.3700073,31.1449366,2022 Mar 08 12:00:00 AM,Yes,Hand Pump,Uganda,Kikuube,Kiziranfumbi,"2,021",Community Management,Functional,788.0,300.0,False,,KIKUUBE
1.1830061,31.0618501,2022 Mar 01 12:00:00 AM,Yes,,Uganda,Kikuube,Kabwoya,"2,021",Community Management,Functional,963.0,250.0,False,,KIKUUBE
1.344506,31.1382994,2022 Mar 09 12:00:00 AM,Yes,Hand Pump,Uganda,Kikuube,Kiziranfumbi,"2,019",Community Management,Functional,810.0,300.0,False,,KIKUUBE
1.3463772,31.13245514,2010 May 08 12:00:00 AM,Yes,,Uganda,Kikuube,Kiziranfumbi,"1,997",Community Management,"Functional, needs repair",820.0,300.0,False,,KIKUUBE
1.1777119,30.7937585,2022 Mar 12 12:00:00 AM,Yes,Hand Pump,Uganda,Kikuube,Kyangwali,"2,018",,Functional,3844.0,300.0,False,,KIKUUBE
1.3524341,31.1333444,2022 Mar 10 12:00:00 AM,Yes,,Uganda,Kikuube,Kiziranfumbi,"2,004",Community Management,Functional,778.0,250.0,False,,KIKUUBE
1.2176078,30.8188512,2022 Mar 03 12:00:00 AM,Yes,,Uganda,Kikuube,Kyangwali,"2,007",,Functional,1384.0,250.0,False,,KIKUUBE
1.36022378,31.31930406,2010 May 07 12:00:00 AM,Yes,,Uganda,Kikuube,Buhimba Town Council,"1,992",Community Management,"Functional, needs repair",1025.0,300.0,False,,KIKUUBE
1.2575026,31.2356926,2022 Mar 13 12:00:00 AM,Yes,,Uganda,Kikuube,Kikuube Town Council,"2,020",Community Management,Functional,672.0,250.0,False,,KIKUUBE
1.2831472,31.3565042,2022 Mar 02 12:00:00 AM,Yes,,Uganda,Kikuube,Buhimba,"2,013",Community Management,Functional,679.0,250.0,False,,KIKUUBE
1.2865175,30.8124366,2022 Feb 28 12:00:00 AM,Yes,Hand Pump,Uganda,Kikuube,Kyangwali,"2,016",Community Management,Functional,789.0,300.0,False,,KIKUUBE
1.345054,31.3783099,2022 Feb 28 12:00:00 AM,Yes,,Uganda,Kikuube,Buhimba,"2,001",,Functional,620.0,250.0,False,,KIKUUBE
1.3719558,31.1943196,2022 Mar 05 12:00:00 AM,Yes,,Uganda,Kikuube,Kikuube Town Council,"2,006",Community Management,Functional,563.0,250.0,False,,KIKUUBE
1.1278815,30.695728,2022 Mar 13 12:00:00 AM,Yes,Hand Pump,Uganda,Kikuube,Kyangwali,"2,013",Community Management,Functional,212.0,300.0,False,,KIKUUBE
1.2844226,31.2259166,2022 Mar 11 12:00:00 AM,Yes,Hand Pump,Uganda,Kikuube,Kikuube Town Council,"2,016",Community Management,Functional,702.0,300.0,False,,KIKUUBE
1.3099821,31.1668612,2022 Mar 11 12:00:00 AM,Yes,Hand Pump,Uganda,Kikuube,Kiziranfumbi,"2,022",,Functional,1398.0,300.0,False,,KIKUUBE
1.2477618,31.2039198,2022 Mar 12 12:00:00 AM,Yes,Hand Pump,Uganda,Kikuube,Kiziranfumbi,,Community Management,Functional,306.0,300.0,False,,KIKUUBE
1.2585217,30.8236767,2022 Feb 28 12:00:00 AM,Yes,Hand Pump,Uganda,Kikuube,Kyangwali,"2,002",Community Management,Functional,1295.0,300.0,False,,KIKUUBE
1.4535477,31.1991707,2022 Mar 05 12:00:00 AM,Yes,Hand Pump,Uganda,Kikuube,Bugambe,,Community Management,Functional,632.0,300.0,False,,KIKUUBE
1.1963613,30.7509209,2022 Mar 10 12:00:00 AM,Yes,Hand Pump,Uganda,Kikuube,Kyangwali,,Community Management,Functional,946.0,300.0,False,,KIKUUBE
1.2256816,30.9000849,2022 Feb 28 12:00:00 AM,Yes,,Uganda,Kikuube,Kyangwali,"2,007",Community Management,Functional,1771.0,250.0,False,,KIKUUBE
1.316509,30.8896365,2022 Mar 03 12:00:00 AM,Yes,,Uganda,Kikuube,Kyangwali,"2,019",Community Management,Functional,1283.0,250.0,False,,KIKUUBE
1.1960496,31.0448588,2022 Mar 04 12:00:00 AM,Yes,Hand Pump,Uganda,Kikuube,Kabwoya,,Community Management,Functional,517.0,300.0,False,,KIKUUBE
1.14878467,30.72727163,2010 May 05 12:00:00 AM,Yes,Hand Pump,Uganda,Kikuube,Kyangwali,"2,004",Other,"Functional, needs repair",1017.0,300.0,False,,KIKUUBE
1.3105348,31.2861046,2022 Mar 05 12:00:00 AM,Yes,,Uganda,Kikuube,Buhimba,"2,003",Community Management,Functional,783.0,250.0,False,,KIKUUBE
1.23522082,31.12290542,2010 Sep 15 12:00:00 AM,Yes,,Uganda,Kikuube,Kabwoya,"1,992",Community Management,"Functional, needs repair",638.0,300.0,False,,KIKUUBE
1.35189224,31.2519928,2010 May 07 12:00:00 AM,Yes,Hand Pump,Uganda,Kikuube,Buhimba,"2,001",Community Management,"Functional, needs repair",1024.0,300.0,False,,KIKUUBE
1.1551214,30.7853604,2022 Mar 11 12:00:00 AM,Yes,,Uganda,Kikuube,Kyangwali,,,Functional,3193.0,250.0,False,,KIKUUBE
1.34123713,30.93738322,2011 Sep 01 12:00:00 AM,Yes,Hand Pump,Uganda,Kikuube,Kabwoya,"2,011",Community Management,"Functional, needs repair",1357.0,300.0,False,,KIKUUBE
1.2455206,30.8295144,2022 Feb 28 12:00:00 AM,Yes,Hand Pump,Uganda,Kikuube,Kyangwali,"2,008",Community Management,Functional,1005.0,300.0,False,,KIKUUBE
1.2697114,31.3667667,2022 Mar 01 12:00:00 AM,Yes,Hand Pump,Uganda,Kikuube,Buhimba,"2,013",Community Management,Functional,556.0,300.0,False,,KIKUUBE
1.220959,30.8975081,2022 Mar 04 12:00:00 AM,Yes,Hand Pump,Uganda,Kikuube,Kyangwali,"2,018",,Functional,2448.0,300.0,False,,KIKUUBE
1.1726433,30.7370988,2022 Mar 12 12:00:00 AM,Yes,Hand Pump,Uganda,Kikuube,Kyangwali,"2,020",,Functional,550.0,300.0,False,,KIKUUBE
1.3523296,31.3457587,2022 Mar 06 12:00:00 AM,Yes,,Uganda,Kikuube,Buhimba Town Council,"2,006",,Functional,764.0,250.0,False,,KIKUUBE
1.23004234,30.77592265,2010 May 05 12:00:00 AM,Yes,Hand Pump,Uganda,Kikuube,Kyangwali,"2,002",Community Management,"Functional, needs repair",1709.0,300.0,False,,KIKUUBE
1.3809698,31.1236505,2022 Mar 07 12:00:00 AM,Yes,Hand Pump,Uganda,Kikuube,Kiziranfumbi,"2,021",,Functional,1523.0,300.0,False,,KIKUUBE
1.20165451,30.79696369,2010 May 05 12:00:00 AM,Yes,,Uganda,Kikuube,Kyangwali,"2,002",Community Management,"Functional, needs repair",1333.0,300.0,False,,KIKUUBE
1.2139506,30.8915014,2022 Feb 28 12:00:00 AM,Yes,,Uganda,Kikuube,Kyangwali,"2,020",Community Management,Functional,2084.0,250.0,False,,KIKUUBE
1.4357897,31.179603,2022 Mar 08 12:00:00 AM,Yes,Hand Pump,Uganda,Kikuube,Bugambe,"2,018",,Functional,577.0,300.0,False,,KIKUUBE
1.2493344,31.07112133,2010 May 06 12:00:00 AM,Yes,,Uganda,Kikuube,Kabwoya,"2,005",Community Management,"Functional, needs repair",635.0,300.0,False,,KIKUUBE
1.3573484,31.3886338,2022 Feb 28 12:00:00 AM,Yes,,Uganda,Kikuube,Buhimba,"1,990",,Functional,1553.0,250.0,False,,KIKUUBE
1.3869923,31.1221697,2022 Mar 11 12:00:00 AM,Yes,Hand Pump,Uganda,Kikuube,Kiziranfumbi,,Community Management,Functional,1493.0,300.0,False,,KIKUUBE
1.21424078,31.04450134,2010 May 06 12:00:00 AM,Yes,,Uganda,Kikuube,Kabwoya,"2,004",Community Management,"Functional, needs repair",511.0,300.0,False,,KIKUUBE
1.2751385,31.3148289,2022 Feb 28 12:00:00 AM,Yes,Hand Pump,Uganda,Kikuube,Buhimba,"2,020",,Functional,550.0,300.0,False,,KIKUUBE
1.230263,31.2983432,2022 Feb 28 12:00:00 AM,Yes,Hand Pump,Uganda,Kikuube,Buhimba,"2,015",,Functional,770.0,300.0,False,,KIKUUBE
1.265588,31.3412983,2022 Mar 02 12:00:00 AM,Yes,Hand Pump,Uganda,Kikuube,Buhimba,"2,020",Community Management,Functional,846.0,300.0,False,,KIKUUBE
1.3151038,31.2234333,2022 Mar 09 12:00:00 AM,Yes,,Uganda,Kikuube,Kikuube Town Council,"2,015",Community Management,Functional,512.0,250.0,False,,KIKUUBE
1.40178812,31.21164023,2010 May 06 12:00:00 AM,Yes,,Uganda,Kikuube,Bugambe,"2,009",Community Management,"Functional, needs repair",522.0,300.0,False,,KIKUUBE
1.22709666,30.89997144,2010 May 05 12:00:00 AM,Yes,,Uganda,Kikuube,Kyangwali,"2,007",Community Management,"Functional, needs repair",1316.0,300.0,False,,KIKUUBE
1.2676925,31.16435,2022 Mar 12 12:00:00 AM,Yes,,Uganda,Kikuube,Kiziranfumbi,,,Functional,874.0,250.0,False,,KIKUUBE
1.2636955,31.1480506,2022 Mar 10 12:00:00 AM,Yes,Hand Pump,Uganda,Kikuube,Kabwoya,"2,019",Community Management,Functional,669.0,300.0,False,,KIKUUBE
1.2471206,31.0166135,2022 Mar 03 12:00:00 AM,Yes,,Uganda,Kikuube,Kabwoya,,,Functional,207.0,250.0,False,,KIKUUBE
1.1591245,31.0037207,2022 Mar 08 12:00:00 AM,Yes,,Uganda,Kikuube,Kabwoya,"2,005",,Functional,697.0,250.0,False,,KIKUUBE
1.29052143,31.31143519,2012 Aug 28 12:00:00 AM,Yes,Hand Pump,Uganda,Kikuube,Buhimba,"2,012",Community Management,"Functional, needs repair",586.0,300.0,False,,KIKUUBE
1.2394407,30.7370956,2022 Mar 09 12:00:00 AM,Yes,Hand Pump,Uganda,Kikuube,Kyangwali,"2,009",Community Management,Functional,1934.0,300.0,False,,KIKUUBE
1.3819531,31.2241391,2022 Mar 03 12:00:00 AM,Yes,Hand Pump,Uganda,Kikuube,Bugambe,"2,018",Community Management,Functional,682.0,300.0,False,,KIKUUBE
1.29193,31.26868,2013 Mar 20 12:00:00 AM,Yes,Hand Pump,Uganda,Kikuube,Buhimba,"2,012",,Non-Functional,505.0,300.0,False,,KIKUUBE
1.1416717,30.7523817,2022 Mar 12 12:00:00 AM,Yes,Hand Pump,Uganda,Kikuube,Kyangwali,"2,013",Community Management,Functional,1091.0,300.0,False,,KIKUUBE
1.4102817,31.2417251,2022 Mar 02 12:00:00 AM,Yes,,Uganda,Kikuube,Bugambe,"2,021",,Functional,808.0,250.0,False,,KIKUUBE
1.3256812,31.3914356,2010 May 07 12:00:00 AM,Yes,Hand Pump,Uganda,Kikuube,Buhimba,"1,991",Community Management,"Functional, needs repair",868.0,300.0,False,,KIKUUBE
1.36146326,31.25678395,2010 May 07 12:00:00 AM,Yes,,Uganda,Kikuube,Buhimba,"2,005",Community Management,"Functional, needs repair",557.0,300.0,False,,KIKUUBE
1.3303326,31.1865722,2022 Feb 28 12:00:00 AM,Yes,,Uganda,Kikuube,Kikuube Town Council,"2,007",Community Management,Functional,722.0,250.0,False,,KIKUUBE
1.32843282,31.30095104,2010 May 07 12:00:00 AM,Yes,,Uganda,Kikuube,Buhimba Town Council,"2,001",Community Management,"Functional, needs repair",891.0,300.0,False,,KIKUUBE
1.306277,31.1415957,2022 Mar 13 12:00:00 AM,Yes,Hand Pump,Uganda,Kikuube,Kiziranfumbi,,Community Management,Functional,864.0,300.0,False,,KIKUUBE
1.3022972,31.129986,2022 Mar 13 12:00:00 AM,Yes,Hand Pump,Uganda,Kikuube,Kiziranfumbi,"2,000",,Functional,771.0,300.0,False,,KIKUUBE
1.42558363,31.26355667,2010 May 06 12:00:00 AM,Yes,,Uganda,Kikuube,Bugambe,"2,006",Community Management,"Functional, needs repair",1097.0,300.0,False,,KIKUUBE
1.30042402,31.16987337,2010 May 08 12:00:00 AM,Yes,,Uganda,Kikuube,Kiziranfumbi,"2,009",Community Management,"Functional, needs repair",1154.0,300.0,False,,KIKUUBE
1.29910829,31.18854406,2010 May 08 12:00:00 AM,Yes,,Uganda,Kikuube,Kikuube Town Council,"2,002",Community Management,"Functional, needs repair",780.0,300.0,False,,KIKUUBE
1.4383226,31.2670855,2022 Mar 08 12:00:00 AM,Yes,Hand Pump,Uganda,Kikuube,Bugambe,"2,013",,Functional,1212.0,300.0,False,,KIKUUBE
1.16088678,30.7577634,2010 Sep 15 12:00:00 AM,Yes,Hand Pump,Uganda,Kikuube,Kyangwali,"2,003",Other,"Functional, needs repair",2073.0,300.0,False,,KIKUUBE
1.2959398,31.2082565,2022 Mar 04 12:00:00 AM,Yes,,Uganda,Kikuube,Kikuube Town Council,,Community Management,Functional,667.0,250.0,False,,KIKUUBE
1.1699426,30.7988571,2022 Mar 13 12:00:00 AM,Yes,Hand Pump,Uganda,Kikuube,Kyangwali,"2,020",,Functional,5485.0,300.0,False,,KIKUUBE
1.28710767,31.37377688,2010 May 07 12:00:00 AM,Yes,Hand Pump,Uganda,Kikuube,Buhimba,"2,001",Community Management,"Functional, needs repair",815.0,300.0,False,,KIKUUBE
1.3975355,31.1090733,2022 Mar 07 12:00:00 AM,Yes,,Uganda,Kikuube,Kiziranfumbi,"1,996",,Functional,1014.0,250.0,False,,KIKUUBE
1.243624,30.9421535,2022 Mar 02 12:00:00 AM,Yes,Hand Pump,Uganda,Kikuube,Kyangwali,"2,020",,Functional,946.0,300.0,False,,KIKUUBE
1.31900973,30.92214819,2011 Sep 01 12:00:00 AM,Yes,Hand Pump,Uganda,Kikuube,Kabwoya,"2,011",Community Management,"Functional, needs repair",1286.0,300.0,False,,KIKUUBE
1.1968333,30.7497059,2022 Mar 10 12:00:00 AM,Yes,Hand Pump,Uganda,Kikuube,Kyangwali,,Community Management,Functional,822.0,300.0,False,,KIKUUBE
1.184369,30.7833997,2022 Mar 06 12:00:00 AM,Yes,Hand Pump,Uganda,Kikuube,Kyangwali,"2,019",Community Management,Functional,3267.0,300.0,False,,KIKUUBE
1.3388679,31.23918,2022 Mar 08 12:00:00 AM,Yes,,Uganda,Kikuube,Buhimba,"2,008",Community Management,Functional,545.0,250.0,False,,KIKUUBE
1.24159821,30.78925141,2010 May 05 12:00:00 AM,Yes,,Uganda,Kikuube,Kyangwali,"2,007",Community Management,"Functional, needs repair",1020.0,300.0,False,,KIKUUBE
1.2557294,31.2999456,2022 Mar 02 12:00:00 AM,Yes,Hand Pump,Uganda,Kikuube,Buhimba,"2,005",,Functional,692.0,300.0,False,,KIKUUBE
1.3160678,30.8962313,2022 Mar 01 12:00:00 AM,Yes,Hand Pump,Uganda,Kikuube,Kyangwali,"2,019",,Functional,1443.0,300.0,False,,KIKUUBE
1.3071051,31.1907317,2022 Mar 07 12:00:00 AM,Yes,,Uganda,Kikuube,Kikuube Town Council,"2,006",Community Management,Functional,710.0,250.0,False,,KIKUUBE
1.3381756,31.1281711,2022 Mar 09 12:00:00 AM,Yes,,Uganda,Kikuube,Kiziranfumbi,"2,008",Community Management,Functional,783.0,250.0,False,,KIKUUBE
1.2652567,31.116114,2022 Mar 10 12:00:00 AM,Yes,,Uganda,Kikuube,Kabwoya,"2,020",,Functional,843.0,250.0,False,,KIKUUBE
1.3022199,31.3614384,2022 Mar 02 12:00:00 AM,Yes,Hand Pump,Uganda,Kikuube,Buhimba,"2,004",Community Management,Functional,669.0,300.0,False,,KIKUUBE
1.2214115,31.2941003,2022 Feb 28 12:00:00 AM,Yes,Hand Pump,Uganda,Kikuube,Buhimba,"2,012",Community Management,Functional,493.0,300.0,False,,KIKUUBE
1.35336117,31.38735603,2010 May 07 12:00:00 AM,Yes,,Uganda,Kikuube,Buhimba,"1,999",Community Management,"Functional, needs repair",1108.0,300.0,False,,KIKUUBE
1.33919943,31.19496606,2010 May 08 12:00:00 AM,Yes,,Uganda,Kikuube,Kikuube Town Council,"1,990",Community Management,"Functional, needs repair",878.0,300.0,False,,KIKUUBE
1.3612205,31.1342019,2022 Mar 10 12:00:00 AM,Yes,,Uganda,Kikuube,Kiziranfumbi,"2,010",Community Management,Functional,702.0,250.0,False,,KIKUUBE
1.3593703,31.3024942,2022 Mar 08 12:00:00 AM,Yes,,Uganda,Kikuube,Buhimba Town Council,"1,999",,Functional,597.0,250.0,False,,KIKUUBE
1.4468976,31.1898281,2022 Mar 08 12:00:00 AM,Yes,Hand Pump,Uganda,Kikuube,Bugambe,,Community Management,Functional,1110.0,300.0,False,,KIKUUBE
1.3791407,31.1257575,2022 Mar 07 12:00:00 AM,Yes,,Uganda,Kikuube,Kiziranfumbi,"2,011",,Functional,1621.0,250.0,False,,KIKUUBE
1.4209503,31.2344551,2022 Mar 02 12:00:00 AM,Yes,,Uganda,Kikuube,Bugambe,"2,004",Community Management,Functional,894.0,250.0,False,,KIKUUBE
1.2322014,30.8547792,2022 Feb 28 12:00:00 AM,Yes,Hand Pump,Uganda,Kikuube,Kyangwali,"2,020",Community Management,Functional,907.0,300.0,False,,KIKUUBE
1.2870746,31.1170174,2022 Mar 12 12:00:00 AM,Yes,,Uganda,Kikuube,Kiziranfumbi,"2,004",Community Management,Functional,492.0,250.0,False,,KIKUUBE
1.3486929,31.37126589,2010 May 07 12:00:00 AM,Yes,,Uganda,Kikuube,Buhimba,"2,002",Community Management,"Functional, needs repair",1145.0,300.0,False,,KIKUUBE
1.2191052,31.1006152,2022 Mar 02 12:00:00 AM,Yes,,Uganda,Kikuube,Kabwoya,"2,003",Community Management,Functional,976.0,250.0,False,,KIKUUBE
1.2409484,31.1585512,2022 Mar 12 12:00:00 AM,Yes,,Uganda,Kikuube,Kabwoya,"2,021",,Functional,706.0,250.0,False,,KIKUUBE
1.4456522,31.2435918,2022 Mar 03 12:00:00 AM,Yes,,Uganda,Kikuube,Bugambe,"2,007",Community Management,Functional,805.0,250.0,False,,KIKUUBE
1.2118183,30.7990177,2022 Mar 04 12:00:00 AM,Yes,Hand Pump,Uganda,Kikuube,Kyangwali,"1,988",,Functional,1466.0,300.0,False,,KIKUUBE
1.1913608,30.7797844,2022 Mar 10 12:00:00 AM,Yes,Hand Pump,Uganda,Kikuube,Kyangwali,"2,017",Community Management,Functional,2635.0,300.0,False,,KIKUUBE
1.4644916,31.172375,2022 Mar 07 12:00:00 AM,Yes,Hand Pump,Uganda,Kikuube,Bugambe,"2,018",Community Management,Functional,661.0,300.0,False,,KIKUUBE
1.3853432,31.221123,2022 Mar 03 12:00:00 AM,Yes,Hand Pump,Uganda,Kikuube,Bugambe,"2,021",Community Management,Functional,595.0,300.0,False,,KIKUUBE
1.3538087,31.2250702,2022 Mar 02 12:00:00 AM,Yes,Hand Pump,Uganda,Kikuube,Kikuube Town Council,,,Functional,1024.0,300.0,False,,KIKUUBE
1.44905111,31.21816296,2010 May 06 12:00:00 AM,Yes,,Uganda,Kikuube,Bugambe,"1,995",Community Management,"Functional, needs repair",661.0,300.0,False,,KIKUUBE
1.2303,31.106305,2022 Mar 03 12:00:00 AM,Yes,,Uganda,Kikuube,Kabwoya,"2,005",Community Management,Functional,926.0,250.0,False,,KIKUUBE
1.3409994,31.238741,2022 Mar 08 12:00:00 AM,Yes,Hand Pump,Uganda,Kikuube,Buhimba,"2,020",Community Management,Functional,432.0,300.0,False,,KIKUUBE
1.4508793,31.260812,2022 Mar 05 12:00:00 AM,Yes,,Uganda,Kikuube,Bugambe,,Community Management,Functional,936.0,250.0,False,,KIKUUBE
1.3751881,31.1230249,2022 Mar 10 12:00:00 AM,Yes,Hand Pump,Uganda,Kikuube,Kiziranfumbi,"2,021",,Functional,1415.0,300.0,False,,KIKUUBE
1.3457631,31.29289735,2010 May 07 12:00:00 AM,Yes,,Uganda,Kikuube,Buhimba,"1,999",Community Management,"Functional, needs repair",645.0,300.0,False,,KIKUUBE
1.2661759,30.8690351,2022 Mar 03 12:00:00 AM,Yes,Hand Pump,Uganda,Kikuube,Kyangwali,"2,020",Community Management,Functional,1168.0,300.0,False,,KIKUUBE
1.3224744,31.3021553,2022 Mar 08 12:00:00 AM,Yes,,Uganda,Kikuube,Buhimba Town Council,"2,001",Community Management,Functional,740.0,250.0,False,,KIKUUBE
1.38542352,31.2638559,2010 May 06 12:00:00 AM,Yes,,Uganda,Kikuube,Bugambe,"2,008",Community Management,"Functional, needs repair",1151.0,300.0,False,,KIKUUBE
1.4345698,31.2310365,2022 Feb 28 12:00:00 AM,Yes,,Uganda,Kikuube,Bugambe,"2,008",Community Management,Functional,1076.0,250.0,False,,KIKUUBE
1.1970426,30.7502558,2022 Mar 10 12:00:00 AM,Yes,Hand Pump,Uganda,Kikuube,Kyangwali,,Community Management,Functional,822.0,300.0,False,,KIKUUBE
1.3948185,31.1224947,2022 Mar 07 12:00:00 AM,Yes,Hand Pump,Uganda,Kikuube,Kiziranfumbi,"2,020",Community Management,Functional,1089.0,300.0,False,,KIKUUBE
1.3377599,31.3480058,2022 Mar 04 12:00:00 AM,Yes,,Uganda,Kikuube,Buhimba,"2,020",,Functional,696.0,250.0,False,,KIKUUBE
1.1606289,30.9972593,2022 Mar 08 12:00:00 AM,Yes,,Uganda,Kikuube,Kabwoya,"2,011",,Functional,867.0,250.0,False,,KIKUUBE
1.2936941,31.3416169,2022 Mar 01 12:00:00 AM,Yes,Hand Pump,Uganda,Kikuube,Buhimba,"2,021",Community Management,Functional,857.0,300.0,False,,KIKUUBE
1.3039117,31.276303,2022 Mar 04 12:00:00 AM,Yes,Hand Pump,Uganda,Kikuube,Buhimba,"2,016",Community Management,Functional,630.0,300.0,False,,KIKUUBE
1.28634799,31.08863054,2010 May 05 12:00:00 AM,Yes,,Uganda,Kikuube,Kabwoya,"1,989",Community Management,"Functional, needs repair",843.0,300.0,False,,KIKUUBE
1.20870969,31.07325266,2010 May 06 12:00:00 AM,Yes,,Uganda,Kikuube,Kabwoya,"2,008",Community Management,"Functional, needs repair",908.0,300.0,False,,KIKUUBE
1.13985563,30.7305479,2010 May 05 12:00:00 AM,Yes,,Uganda,Kikuube,Kyangwali,"2,007",Other Institutional Management,"Functional, needs repair",1191.0,50.0,False,,KIKUUBE
1.4111589,30.8739658,2022 Mar 11 12:00:00 AM,Yes,Hand Pump,Uganda,Kikuube,Kabwoya,"2,011",,Functional,1004.0,300.0,False,,KIKUUBE
1.32289814,31.23628977,2010 May 08 12:00:00 AM,Yes,,Uganda,Kikuube,Kikuube Town Council,"2,009",Private Operator/Delegated Management,"Functional, needs repair",1296.0,50.0,False,,KIKUUBE
1.4052679,31.1657764,2022 Mar 04 12:00:00 AM,Yes,Hand Pump,Uganda,Kikuube,Bugambe,"1,997",Community Management,Functional,587.0,300.0,False,,KIKUUBE
1.16546635,31.02875206,2010 May 17 12:00:00 AM,Yes,,Uganda,Kikuube,Kabwoya,"2,004",Community Management,"Functional, needs repair",1342.0,300.0,False,,KIKUUBE
1.48263238,31.18027247,2010 May 06 12:00:00 AM,Yes,Hand Pump,Uganda,Kikuube,Bugambe,"2,003",Community Management,"Functional, needs repair",779.0,300.0,False,,KIKUUBE
1.2244572,31.0469155,2022 Mar 05 12:00:00 AM,Yes,,Uganda,Kikuube,Kabwoya,"2,011",Community Management,Functional,715.0,250.0,False,,KIKUUBE
1.2223835,30.8407002,2022 Feb 28 12:00:00 AM,Yes,Hand Pump,Uganda,Kikuube,Kyangwali,"2,002",Community Management,Functional,765.0,300.0,False,,KIKUUBE
1.2975652,31.2759498,2022 Mar 04 12:00:00 AM,Yes,,Uganda,Kikuube,Buhimba,"2,002",Community Management,Functional,785.0,250.0,False,,KIKUUBE
1.4442909,30.9127728,2022 Mar 11 12:00:00 AM,Yes,Hand Pump,Uganda,Kikuube,Kabwoya,,,Functional,1100.0,300.0,False,,KIKUUBE
1.40439909,30.96696616,2010 May 06 12:00:00 AM,Yes,Hand Pump,Uganda,Kikuube,Kabwoya,"2,006",Community Management,"Functional, needs repair",0.0,300.0,False,,KIKUUBE
1.1811272,30.8001606,2022 Mar 12 12:00:00 AM,Yes,Hand Pump,Uganda,Kikuube,Kyangwali,"2,020",,Functional,2451.0,300.0,False,,KIKUUBE
1.39286706,31.26531506,2010 Sep 15 12:00:00 AM,Yes,,Uganda,Kikuube,Bugambe,"2,003",Community Management,"Functional, needs repair",1019.0,300.0,False,,KIKUUBE
1.33007,31.39062,2013 Feb 26 12:00:00 AM,Yes,Motorized Pump,Uganda,Kikuube,Buhimba,"2,012",,Non-Functional,929.0,300.0,False,,KIKUUBE
1.32624856,31.24261275,2010 May 08 12:00:00 AM,Yes,,Uganda,Kikuube,Kikuube Town Council,"2,005",Community Management,"Functional, needs repair",813.0,300.0,False,,KIKUUBE
1.2411944,30.9960838,2022 Mar 03 12:00:00 AM,Yes,,Uganda,Kikuube,Kabwoya,"2,008",,Functional,1462.0,250.0,False,,KIKUUBE
1.2415634,30.7418453,2022 Mar 09 12:00:00 AM,Yes,Hand Pump,Uganda,Kikuube,Kyangwali,"2,009",Community Management,Functional,1682.0,300.0,False,,KIKUUBE
1.3647475,31.1932761,2022 Mar 04 12:00:00 AM,Yes,Hand Pump,Uganda,Kikuube,Kikuube Town Council,"2,021",,Functional,733.0,300.0,False,,KIKUUBE
1.4927092,31.1435143,2022 Mar 08 12:00:00 AM,Yes,Hand Pump,Uganda,Kikuube,Bugambe,"2,022",Community Management,Functional,766.0,300.0,False,,KIKUUBE
1.2849101,31.0829528,2022 Mar 11 12:00:00 AM,Yes,,Uganda,Kikuube,Kabwoya,"2,013",Community Management,Functional,471.0,250.0,False,,KIKUUBE
1.24331803,31.27392711,2010 May 07 12:00:00 AM,Yes,,Uganda,Kikuube,Buhimba,"2,002",Community Management,"Functional, needs repair",702.0,300.0,False,,KIKUUBE
1.355249,31.2291204,2022 Mar 02 12:00:00 AM,Yes,Hand Pump,Uganda,Kikuube,Kikuube Town Council,"2,018",Community Management,Functional,801.0,300.0,False,,KIKUUBE
1.440928,31.2346425,2022 Feb 28 12:00:00 AM,Yes,Hand Pump,Uganda,Kikuube,Bugambe,,Community Management,Functional,1034.0,300.0,False,,KIKUUBE
1.27098245,31.34474674,2010 May 07 12:00:00 AM,Yes,Hand Pump,Uganda,Kikuube,Buhimba,"2,000",Community Management,"Functional, needs repair",760.0,300.0,False,,KIKUUBE
1.41599213,31.2678139,2010 May 06 12:00:00 AM,Yes,,Uganda,Kikuube,Bugambe,"2,008",Community Management,"Functional, needs repair",570.0,300.0,False,,KIKUUBE
1.25658971,30.82412602,2010 May 05 12:00:00 AM,Yes,Hand Pump,Uganda,Kikuube,Kyangwali,"2,002",Community Management,"Functional, needs repair",1295.0,300.0,False,,KIKUUBE
1.4832668,31.1934398,2022 Mar 05 12:00:00 AM,Yes,Hand Pump,Uganda,Kikuube,Bugambe,"2,021",Community Management,Functional,561.0,300.0,False,,KIKUUBE
1.3378999,31.262898,2022 Mar 05 12:00:00 AM,Yes,,Uganda,Kikuube,Buhimba,"2,005",,Functional,522.0,250.0,False,,KIKUUBE
1.2837962,31.2936797,2022 Mar 04 12:00:00 AM,Yes,Hand Pump,Uganda,Kikuube,Buhimba,"2,007",,Functional,544.0,300.0,False,,KIKUUBE
1.22475921,31.09804537,2010 May 06 12:00:00 AM,Yes,,Uganda,Kikuube,Kabwoya,"2,002",Community Management,"Functional, needs repair",375.0,300.0,False,,KIKUUBE
1.21686,31.28357,2013 Mar 15 12:00:00 AM,Yes,Motorized Pump,Uganda,Kikuube,Buhimba,"2,011",,Non-Functional,241.0,300.0,False,,KIKUUBE
1.27409984,31.20665645,2010 May 08 12:00:00 AM,Yes,,Uganda,Kikuube,Kiziranfumbi,"2,004",Community Management,"Functional, needs repair",1034.0,50.0,False,,KIKUUBE
1.24662279,31.08482357,2010 May 06 12:00:00 AM,Yes,,Uganda,Kikuube,Kabwoya,"2,005",Other Institutional Management,"Functional, needs repair",1444.0,50.0,False,,KIKUUBE
1.1673002,30.7982875,2022 Mar 13 12:00:00 AM,Yes,,Uganda,Kikuube,Kyangwali,"2,021",,Functional,5861.0,250.0,False,,KIKUUBE
1.4326878,31.2608193,2022 Mar 08 12:00:00 AM,Yes,Hand Pump,Uganda,Kikuube,Bugambe,,Community Management,Functional,955.0,300.0,False,,KIKUUBE
1.2710833,31.1015504,2022 Mar 05 12:00:00 AM,Yes,,Uganda,Kikuube,Kabwoya,"2,007",Community Management,Functional,929.0,250.0,False,,KIKUUBE
1.30604335,31.16282551,2010 May 08 12:00:00 AM,Yes,,Uganda,Kikuube,Kiziranfumbi,"1,982",Other Institutional Management,"Functional, needs repair",1130.0,50.0,False,,KIKUUBE
1.31302729,31.16696226,2010 May 08 12:00:00 AM,Yes,,Uganda,Kikuube,Kiziranfumbi,"2,005",Other Institutional Management,"Functional, needs repair",1267.0,50.0,False,,KIKUUBE
1.2814027,31.1124111,2022 Mar 05 12:00:00 AM,Yes,Hand Pump,Uganda,Kikuube,Kabwoya,"2,008",Community Management,Functional,426.0,300.0,False,,KIKUUBE
1.4470658,31.2005895,2010 May 10 12:00:00 AM,Yes,,Uganda,Kikuube,Bugambe,"1,994",Private Operator/Delegated Management,"Functional, needs repair",595.0,300.0,False,,KIKUUBE
1.224745,31.0980689,2022 Mar 03 12:00:00 AM,Yes,,Uganda,Kikuube,Kabwoya,,Community Management,Functional,375.0,250.0,False,,KIKUUBE
1.27592989,31.2244716,2010 May 08 12:00:00 AM,Yes,,Uganda,Kikuube,Kikuube Town Council,"2,001",Other,"Functional, needs repair",620.0,50.0,False,,KIKUUBE
1.40026879,31.10846048,2010 May 08 12:00:00 AM,Yes,,Uganda,Kikuube,Kiziranfumbi,"2,002",Community Management,"Functional, needs repair",1138.0,300.0,False,,KIKUUBE
1.35070759,31.16662893,2010 May 08 12:00:00 AM,Yes,,Uganda,Kikuube,Kikuube Town Council,"2,001",Community Management,"Functional, needs repair",456.0,300.0,False,,KIKUUBE
1.34115795,31.22671686,2010 May 08 12:00:00 AM,Yes,,Uganda,Kikuube,Kikuube Town Council,"2,007",Community Management,"Functional, needs repair",1048.0,300.0,False,,KIKUUBE
1.2324709,30.7759084,2022 Mar 03 12:00:00 AM,Yes,Hand Pump,Uganda,Kikuube,Kyangwali,"2,020",Community Management,Functional,1635.0,300.0,False,,KIKUUBE
1.2931565,31.2844128,2022 Mar 04 12:00:00 AM,Yes,,Uganda,Kikuube,Buhimba,"2,004",Community Management,Functional,740.0,250.0,False,,KIKUUBE
1.1459724,31.0189958,2022 Mar 06 12:00:00 AM,Yes,Hand Pump,Uganda,Kikuube,Kabwoya,,,Functional,275.0,300.0,False,,KIKUUBE
1.3543304,31.3414763,2022 Mar 06 12:00:00 AM,Yes,,Uganda,Kikuube,Buhimba Town Council,"2,004",,Functional,448.0,250.0,False,,KIKUUBE
1.3765016,31.1238058,2022 Mar 07 12:00:00 AM,Yes,Hand Pump,Uganda,Kikuube,Kiziranfumbi,"2,021",,Functional,1511.0,300.0,False,,KIKUUBE
1.1556332,30.7429607,2022 Mar 10 12:00:00 AM,Yes,Hand Pump,Uganda,Kikuube,Kyangwali,"2,014",Community Management,Functional,1035.0,300.0,False,,KIKUUBE
1.3428594,31.2935454,2022 Mar 05 12:00:00 AM,Yes,,Uganda,Kikuube,Buhimba Town Council,,Community Management,Functional,751.0,250.0,False,,KIKUUBE
1.2402482,31.0731925,2022 Feb 28 12:00:00 AM,Yes,,Uganda,Kikuube,Kabwoya,"2,011",,Functional,821.0,250.0,False,,KIKUUBE
1.166429,30.7667675,2022 Mar 11 12:00:00 AM,Yes,Hand Pump,Uganda,Kikuube,Kyangwali,"2,020",,Functional,2280.0,300.0,False,,KIKUUBE
1.2471339,30.8572867,2022 Feb 28 12:00:00 AM,Yes,Hand Pump,Uganda,Kikuube,Kyangwali,"2,005",Community Management,Functional,792.0,300.0,False,,KIKUUBE
1.230308,31.10626167,2010 May 06 12:00:00 AM,Yes,,Uganda,Kikuube,Kabwoya,"2,005",Community Management,"Functional, needs repair",926.0,300.0,False,,KIKUUBE
1.21492814,30.79952186,2010 May 05 12:00:00 AM,Yes,,Uganda,Kikuube,Kyangwali,"2,009",Other Institutional Management,"Functional, needs repair",1375.0,50.0,False,,KIKUUBE
1.32317582,31.27083663,2010 May 10 12:00:00 AM,Yes,Hand Pump,Uganda,Kikuube,Buhimba,"2,000",Community Management,"Functional, needs repair",465.0,300.0,False,,KIKUUBE
1.2981952,31.2048219,2022 Mar 04 12:00:00 AM,Yes,,Uganda,Kikuube,Kikuube Town Council,"2,012",Community Management,Functional,650.0,250.0,False,,KIKUUBE
1.3902368,31.21261,2022 Mar 03 12:00:00 AM,Yes,,Uganda,Kikuube,Bugambe,,Community Management,Functional,456.0,250.0,False,,KIKUUBE
1.3623734,31.3418069,2022 Mar 06 12:00:00 AM,Yes,,Uganda,Kikuube,Buhimba Town Council,"2,002",,Functional,448.0,250.0,False,,KIKUUBE
1.3990374,31.1983789,2022 Mar 09 12:00:00 AM,Yes,Hand Pump,Uganda,Kikuube,Bugambe,"1,993",Community Management,Functional,852.0,300.0,False,,KIKUUBE
1.319329,30.8914545,2022 Mar 02 12:00:00 AM,Yes,Hand Pump,Uganda,Kikuube,Kyangwali,"2,019",,Functional,1188.0,300.0,False,,KIKUUBE
1.2264567,31.0378374,2022 Mar 04 12:00:00 AM,Yes,,Uganda,Kikuube,Kabwoya,,,Functional,601.0,250.0,False,,KIKUUBE
1.175977,30.77032,2019 May 22 12:00:00 AM,Yes,Motorized Pump,Uganda,Kikuube,Kyangwali,"2,018",,Non-Functional,1688.0,300.0,False,,KIKUUBE
1.25470754,30.87671128,2013 Sep 26 12:00:00 AM,Yes,,Uganda,Kikuube,Kyangwali,"2,013",Community Management,"Functional, needs repair",1073.0,300.0,False,,KIKUUBE
1.322507,31.1231635,2022 Mar 13 12:00:00 AM,Yes,,Uganda,Kikuube,Kiziranfumbi,"2,017",Community Management,Functional,454.0,250.0,False,,KIKUUBE
1.35522203,31.12255654,2010 May 08 12:00:00 AM,Yes,,Uganda,Kikuube,Kiziranfumbi,"2,007",Community Management,"Functional, needs repair",753.0,300.0,False,,KIKUUBE
1.28745863,31.30221854,2010 May 07 12:00:00 AM,Yes,,Uganda,Kikuube,Buhimba,"1,991",Community Management,"Functional, needs repair",876.0,300.0,False,,KIKUUBE
1.39065355,31.26807515,2010 Oct 01 12:00:00 AM,Yes,Hand Pump,Uganda,Kikuube,Bugambe,"1,950",Community Management,"Functional, needs repair",1495.0,300.0,False,,KIKUUBE
1.2140924,31.0444283,2022 Mar 05 12:00:00 AM,Yes,,Uganda,Kikuube,Kabwoya,"2,004",Community Management,Functional,511.0,250.0,False,,KIKUUBE
1.1993119,30.7827353,2022 Mar 05 12:00:00 AM,Yes,,Uganda,Kikuube,Kyangwali,"2,007",Community Management,Functional,1058.0,250.0,False,,KIKUUBE
1.3871063,31.1235623,2022 Mar 07 12:00:00 AM,Yes,,Uganda,Kikuube,Kiziranfumbi,"2,003",,Functional,1420.0,250.0,False,,KIKUUBE
1.35909432,31.23252611,2013 Sep 26 12:00:00 AM,Yes,,Uganda,Kikuube,Kikuube Town Council,"2,013",Community Management,"Functional, needs repair",594.0,300.0,False,,KIKUUBE
1.1642643,30.767701,2022 Mar 11 12:00:00 AM,Yes,Hand Pump,Uganda,Kikuube,Kyangwali,"2,018",Community Management,Functional,2253.0,300.0,False,,KIKUUBE
1.3417469,31.3498515,2022 Mar 04 12:00:00 AM,Yes,Hand Pump,Uganda,Kikuube,Buhimba,"2,011",,Functional,696.0,300.0,False,,KIKUUBE
1.359185,31.2127022,2022 Mar 02 12:00:00 AM,Yes,Hand Pump,Uganda,Kikuube,Kikuube Town Council,"2,013",Community Management,Functional,773.0,300.0,False,,KIKUUBE
1.2333267,30.735145,2022 Mar 07 12:00:00 AM,Yes,Hand Pump,Uganda,Kikuube,Kyangwali,"2,009",Community Management,Functional,2105.0,300.0,False,,KIKUUBE
1.2405,30.7403783,2022 Mar 09 12:00:00 AM,Yes,Hand Pump,Uganda,Kikuube,Kyangwali,"2,009",Community Management,Functional,1872.0,300.0,False,,KIKUUBE
1.25215513,31.14523687,2010 May 05 12:00:00 AM,Yes,,Uganda,Kikuube,Kabwoya,"2,002",Community Management,"Functional, needs repair",672.0,300.0,False,,KIKUUBE
1.3879269,30.9867358,2022 Mar 10 12:00:00 AM,Yes,Hand Pump,Uganda,Kikuube,Kabwoya,,Community Management,Functional,2361.0,300.0,False,,KIKUUBE
1.1875808,30.7809609,2022 Mar 10 12:00:00 AM,Yes,Hand Pump,Uganda,Kikuube,Kyangwali,"2,016",Community Management,Functional,3273.0,300.0,False,,KIKUUBE
1.2180629,30.8984212,2022 Feb 28 12:00:00 AM,Yes,Hand Pump,Uganda,Kikuube,Kyangwali,"2,020",Community Management,Functional,2635.0,300.0,False,,KIKUUBE
1.2158254,31.2608765,2022 Mar 01 12:00:00 AM,Yes,,Uganda,Kikuube,Buhimba,"2,001",,Functional,493.0,250.0,False,,KIKUUBE
1.34292215,31.1789796,2010 May 08 12:00:00 AM,Yes,,Uganda,Kikuube,Kikuube Town Council,"2,004",Other Institutional Management,"Functional, needs repair",640.0,50.0,False,,KIKUUBE
1.1763663,31.0146489,2022 Mar 04 12:00:00 AM,Yes,,Uganda,Kikuube,Kabwoya,,,Functional,1035.0,250.0,False,,KIKUUBE
1.12388161,30.76536356,2010 May 05 12:00:00 AM,Yes,,Uganda,Kikuube,Kyangwali,"2,008",Community Management,"Functional, needs repair",1076.0,300.0,False,,KIKUUBE
1.35214427,31.40697261,2010 May 06 12:00:00 AM,Yes,,Uganda,Kikuube,Buhimba,"2,000",Community Management,"Functional, needs repair",1117.0,300.0,False,,KIKUUBE
1.229715,30.82094,2022 Mar 01 12:00:00 AM,Yes,Hand Pump,Uganda,Kikuube,Kyangwali,"2,018",Community Management,Functional,1641.0,300.0,False,,KIKUUBE
1.1713357,30.763015,2022 Mar 11 12:00:00 AM,Yes,Hand Pump,Uganda,Kikuube,Kyangwali,"2,018",,Functional,1960.0,300.0,False,,KIKUUBE
1.1977905,30.7934727,2022 Mar 05 12:00:00 AM,Yes,,Uganda,Kikuube,Kyangwali,"2,021",Community Management,Functional,1324.0,250.0,False,,KIKUUBE
1.3285822,31.2169868,2022 Mar 05 12:00:00 AM,Yes,Hand Pump,Uganda,Kikuube,Kikuube Town Council,,Community Management,Functional,1159.0,300.0,False,,KIKUUBE
1.2517861,31.3293492,2022 Mar 04 12:00:00 AM,Yes,Hand Pump,Uganda,Kikuube,Buhimba,"2,017",,Functional,726.0,300.0,False,,KIKUUBE
1.1965009,30.7501523,2022 Mar 10 12:00:00 AM,Yes,Hand Pump,Uganda,Kikuube,Kyangwali,,Community Management,Functional,842.0,300.0,False,,KIKUUBE
1.2049272,30.8165578,2022 Mar 02 12:00:00 AM,Yes,,Uganda,Kikuube,Kyangwali,"2,004",,Functional,984.0,250.0,False,,KIKUUBE
1.2342888,31.0865641,2022 Feb 28 12:00:00 AM,Yes,,Uganda,Kikuube,Kabwoya,"2,005",Community Management,Functional,458.0,250.0,False,,KIKUUBE
1.4883111,31.2307668,2022 Mar 03 12:00:00 AM,Yes,Hand Pump,Uganda,Kikuube,Bugambe,"2,020",Community Management,Functional,599.0,300.0,False,,KIKUUBE
1.361472,31.1911781,2022 Mar 05 12:00:00 AM,Yes,Hand Pump,Uganda,Kikuube,Kikuube Town Council,"2,011",Community Management,Functional,730.0,300.0,False,,KIKUUBE
1.2690001,31.0772711,2022 Mar 05 12:00:00 AM,Yes,Hand Pump,Uganda,Kikuube,Kabwoya,"2,021",Community Management,Functional,570.0,300.0,False,,KIKUUBE
1.2885851,31.3118369,2022 Feb 28 12:00:00 AM,Yes,Hand Pump,Uganda,Kikuube,Buhimba,"2,011",Community Management,Functional,586.0,300.0,False,,KIKUUBE
1.3434979,31.2052739,2022 Mar 05 12:00:00 AM,Yes,,Uganda,Kikuube,Kikuube Town Council,"2,020",Community Management,Functional,748.0,250.0,False,,KIKUUBE
1.37385293,31.27010001,2010 May 07 12:00:00 AM,Yes,,Uganda,Kikuube,Buhimba,"2,005",Community Management,"Functional, needs repair",1069.0,300.0,False,,KIKUUBE
1.1863166,30.7819734,2022 Mar 06 12:00:00 AM,Yes,Hand Pump,Uganda,Kikuube,Kyangwali,"2,010",Community Management,Functional,3270.0,300.0,False,,KIKUUBE
1.3248279,31.1767488,2022 Feb 28 12:00:00 AM,Yes,,Uganda,Kikuube,Kikuube Town Council,"2,002",,Functional,692.0,250.0,False,,KIKUUBE
1.21929,31.2933,2013 Feb 26 12:00:00 AM,Yes,Motorized Pump,Uganda,Kikuube,Buhimba,"2,012",Community Management,Non-Functional,427.0,300.0,False,,KIKUUBE
1.2524083,31.0934526,2022 Mar 03 12:00:00 AM,Yes,,Uganda,Kikuube,Kabwoya,,Community Management,Functional,437.0,250.0,False,,KIKUUBE
1.2405989,31.2745598,2022 Mar 01 12:00:00 AM,Yes,,Uganda,Kikuube,Buhimba,"1,999",,Functional,825.0,250.0,False,,KIKUUBE
1.4452472,31.2015007,2022 Mar 09 12:00:00 AM,Yes,Hand Pump,Uganda,Kikuube,Bugambe,,,Functional,535.0,300.0,False,,KIKUUBE
1.30358759,31.21810923,2010 May 08 12:00:00 AM,Yes,,Uganda,Kikuube,Kikuube Town Council,"1,995",Private Operator/Delegated Management,"Functional, needs repair",647.0,50.0,False,,KIKUUBE
1.2418934,31.3043478,2022 Mar 02 12:00:00 AM,Yes,Hand Pump,Uganda,Kikuube,Buhimba,"2,012",Community Management,Functional,484.0,300.0,False,,KIKUUBE
1.2925943,31.1798371,2022 Mar 13 12:00:00 AM,Yes,,Uganda,Kikuube,Kiziranfumbi,,Community Management,Functional,1079.0,250.0,False,,KIKUUBE
1.2647201,31.2996282,2022 Mar 03 12:00:00 AM,Yes,Hand Pump,Uganda,Kikuube,Buhimba,"2,009",,Functional,783.0,300.0,False,,KIKUUBE
1.12721013,30.73265939,2010 Oct 01 12:00:00 AM,Yes,Hand Pump,Uganda,Kikuube,Kyangwali,"2,010",Community Management,"Functional, needs repair",632.0,300.0,False,,KIKUUBE
1.29588359,31.28391945,2010 May 07 12:00:00 AM,Yes,,Uganda,Kikuube,Buhimba,"2,003",Community Management,"Functional, needs repair",851.0,300.0,False,,KIKUUBE
1.28906799,31.13480678,2010 May 05 12:00:00 AM,Yes,,Uganda,Kikuube,Kabwoya,"2,004",Community Management,"Functional, needs repair",1478.0,300.0,False,,KIKUUBE
1.3093315,31.3491308,2022 Mar 02 12:00:00 AM,Yes,,Uganda,Kikuube,Buhimba,"1,981",Community Management,Functional,783.0,250.0,False,,KIKUUBE
1.3377684,31.3122487,2022 Mar 14 12:00:00 AM,Yes,Hand Pump,Uganda,Kikuube,Buhimba Town Council,"2,018",,Functional,1769.0,300.0,False,,KIKUUBE
1.3575,31.39861,2013 Mar 15 12:00:00 AM,Yes,Motorized Pump,Uganda,Kikuube,Buhimba,"2,011",Community Management,Non-Functional,1850.0,300.0,False,,KIKUUBE
1.26496553,30.79705532,2010 May 05 12:00:00 AM,Yes,Hand Pump,Uganda,Kikuube,Kyangwali,"2,001",Community Management,"Functional, needs repair",1499.0,300.0,False,,KIKUUBE
1.4282662,31.2297481,2022 Mar 04 12:00:00 AM,Yes,,Uganda,Kikuube,Bugambe,"2,007",Community Management,Functional,957.0,250.0,False,,KIKUUBE
1.25585223,31.32986803,2010 May 07 12:00:00 AM,Yes,Hand Pump,Uganda,Kikuube,Buhimba,"2,000",Community Management,"Functional, needs repair",827.0,300.0,False,,KIKUUBE
1.2058708,30.791383,2022 Mar 05 12:00:00 AM,Yes,,Uganda,Kikuube,Kyangwali,"2,006",Community Management,Functional,1239.0,250.0,False,,KIKUUBE
1.35331194,31.1786664,2010 May 08 12:00:00 AM,Yes,,Uganda,Kikuube,Kikuube Town Council,"2,008",Community Management,"Functional, needs repair",554.0,300.0,False,,KIKUUBE
1.3676104,31.1417123,2022 Mar 10 12:00:00 AM,Yes,Hand Pump,Uganda,Kikuube,Kiziranfumbi,,Community Management,Functional,943.0,300.0,False,,KIKUUBE
1.2753479,31.2363065,2022 Mar 11 12:00:00 AM,Yes,,Uganda,Kikuube,Kikuube Town Council,"2,010",Community Management,Functional,645.0,250.0,False,,KIKUUBE
1.2674751,31.2136647,2022 Mar 12 12:00:00 AM,Yes,Hand Pump,Uganda,Kikuube,Kiziranfumbi,,Community Management,Functional,936.0,300.0,False,,KIKUUBE
1.4121713,31.1196721,2022 Mar 07 12:00:00 AM,Yes,,Uganda,Kikuube,Kiziranfumbi,"2,002",,Functional,586.0,250.0,False,,KIKUUBE
1.30176784,31.16505675,2010 May 08 12:00:00 AM,Yes,,Uganda,Kikuube,Kiziranfumbi,"1,990",Other Institutional Management,"Functional, needs repair",1102.0,50.0,False,,KIKUUBE
1.3744005,31.1228769,2022 Mar 10 12:00:00 AM,Yes,Hand Pump,Uganda,Kikuube,Kiziranfumbi,"2,021",,Functional,1365.0,300.0,False,,KIKUUBE
1.30961707,31.19010884,2010 May 08 12:00:00 AM,Yes,,Uganda,Kikuube,Kikuube Town Council,"1,999",Community Management,"Functional, needs repair",740.0,300.0,False,,KIKUUBE
1.1219076,30.7279878,2022 Mar 12 12:00:00 AM,Yes,Hand Pump,Uganda,Kikuube,Kyangwali,"2,016",,Functional,384.0,300.0,False,,KIKUUBE
1.1482647,30.7542539,2022 Mar 10 12:00:00 AM,Yes,Hand Pump,Uganda,Kikuube,Kyangwali,"2,015",Community Management,Functional,1880.0,300.0,False,,KIKUUBE
1.38951424,31.16125351,2010 May 07 12:00:00 AM,Yes,,Uganda,Kikuube,Bugambe,"2,009",Community Management,"Functional, needs repair",737.0,300.0,False,,KIKUUBE
1.1958175,31.054626,2022 Mar 04 12:00:00 AM,Yes,,Uganda,Kikuube,Kabwoya,"2,015",Community Management,Functional,802.0,250.0,False,,KIKUUBE
1.1564417,30.7680432,2022 Mar 11 12:00:00 AM,Yes,Hand Pump,Uganda,Kikuube,Kyangwali,,Community Management,Functional,3004.0,300.0,False,,KIKUUBE
1.28762382,31.22656596,2010 May 08 12:00:00 AM,Yes,,Uganda,Kikuube,Kikuube Town Council,"2,005",Community Management,"Functional, needs repair",795.0,300.0,False,,KIKUUBE
1.31526802,31.35789957,2010 May 07 12:00:00 AM,Yes,,Uganda,Kikuube,Buhimba,"2,003",Community Management,"Functional, needs repair",613.0,300.0,False,,KIKUUBE
1.28038399,30.82310908,2011 Sep 01 12:00:00 AM,Yes,Hand Pump,Uganda,Kikuube,Kyangwali,"2,011",Community Management,"Functional, needs repair",1392.0,300.0,False,,KIKUUBE
1.31607753,31.28464252,2011 Sep 01 12:00:00 AM,Yes,Hand Pump,Uganda,Kikuube,Buhimba,"2,011",Community Management,"Functional, needs repair",842.0,300.0,False,,KIKUUBE
1.2157531,31.0599059,2022 Mar 01 12:00:00 AM,Yes,,Uganda,Kikuube,Kabwoya,,,Functional,945.0,250.0,False,,KIKUUBE
1.2170707,30.9067731,2022 Mar 01 12:00:00 AM,Yes,,Uganda,Kikuube,Kyangwali,"2,020",Community Management,Functional,1830.0,250.0,False,,KIKUUBE
1.3174726,30.8911192,2022 Mar 02 12:00:00 AM,Yes,Hand Pump,Uganda,Kikuube,Kyangwali,"2,019",Community Management,Functional,1280.0,300.0,False,,KIKUUBE
1.3925692,31.243432,2022 Mar 01 12:00:00 AM,Yes,,Uganda,Kikuube,Bugambe,"2,002",Community Management,Functional,1023.0,250.0,False,,KIKUUBE
1.1650803,30.7448748,2022 Mar 12 12:00:00 AM,Yes,Hand Pump,Uganda,Kikuube,Kyangwali,"2,004",Community Management,Functional,1218.0,300.0,False,,KIKUUBE
1.2397483,30.7360497,2022 Mar 09 12:00:00 AM,Yes,Hand Pump,Uganda,Kikuube,Kyangwali,"2,009",Community Management,Functional,1919.0,300.0,False,,KIKUUBE
1.1808996,31.0801322,2022 Mar 01 12:00:00 AM,Yes,Hand Pump,Uganda,Kikuube,Kabwoya,"2,002",Community Management,Functional,948.0,300.0,False,,KIKUUBE
1.37210905,31.21096169,2010 May 08 12:00:00 AM,Yes,Hand Pump,Uganda,Kikuube,Kikuube Town Council,"2,000",Community Management,"Functional, needs repair",393.0,300.0,False,,KIKUUBE
1.2622937,31.1237836,2022 Mar 10 12:00:00 AM,Yes,,Uganda,Kikuube,Kabwoya,"1,990",Community Management,Functional,750.0,250.0,False,,KIKUUBE
1.4623792,31.261843,2022 Mar 05 12:00:00 AM,Yes,Hand Pump,Uganda,Kikuube,Bugambe,"2,018",Community Management,Functional,669.0,300.0,False,,KIKUUBE
1.3803924,30.9786965,2022 Mar 09 12:00:00 AM,Yes,Hand Pump,Uganda,Kikuube,Kabwoya,,Community Management,Functional,1971.0,300.0,False,,KIKUUBE
1.13147033,30.75868445,2010 May 05 12:00:00 AM,Yes,Hand Pump,Uganda,Kikuube,Kyangwali,"2,004",Community Management,"Functional, needs repair",1416.0,300.0,False,,KIKUUBE
1.1933297,31.0154579,2022 Mar 04 12:00:00 AM,Yes,,Uganda,Kikuube,Kabwoya,"2,015",Community Management,Functional,505.0,250.0,False,,KIKUUBE
1.22176223,30.79882469,2010 May 05 12:00:00 AM,Yes,,Uganda,Kikuube,Kyangwali,"2,004",Community Management,"Functional, needs repair",1363.0,300.0,False,,KIKUUBE
1.46152427,31.21068641,2010 May 06 12:00:00 AM,Yes,,Uganda,Kikuube,Bugambe,"2,008",Community Management,"Functional, needs repair",472.0,300.0,False,,KIKUUBE
1.34571231,31.18566212,2010 May 08 12:00:00 AM,Yes,,Uganda,Kikuube,Kikuube Town Council,"2,001",Community Management,"Functional, needs repair",645.0,300.0,False,,KIKUUBE
1.4401727,31.1791423,2022 Mar 04 12:00:00 AM,Yes,Hand Pump,Uganda,Kikuube,Bugambe,"2,014",Community Management,Functional,810.0,300.0,False,,KIKUUBE
1.24455614,31.12791192,2010 May 05 12:00:00 AM,Yes,,Uganda,Kikuube,Kabwoya,"1,992",Community Management,"Functional, needs repair",616.0,300.0,False,,KIKUUBE
1.2410896,30.8086057,2022 Mar 05 12:00:00 AM,Yes,Hand Pump,Uganda,Kikuube,Kyangwali,"2,017",Community Management,Functional,1091.0,300.0,False,,KIKUUBE
1.38054922,31.13331827,2010 May 08 12:00:00 AM,Yes,Hand Pump,Uganda,Kikuube,Kiziranfumbi,"1,996",Community Management,"Functional, needs repair",989.0,300.0,False,,KIKUUBE
1.41482836,31.23572839,2010 May 06 12:00:00 AM,Yes,Hand Pump,Uganda,Kikuube,Bugambe,"2,002",Community Management,"Functional, needs repair",740.0,300.0,False,,KIKUUBE
1.3445,31.34927,2013 Mar 16 12:00:00 AM,Yes,Motorized Pump,Uganda,Kikuube,Buhimba Town Council,"2,011",,Non-Functional,755.0,300.0,False,,KIKUUBE
1.24511,31.28568,2013 Mar 20 12:00:00 AM,Yes,Motorized Pump,Uganda,Kikuube,Buhimba,"2,011",Community Management,Non-Functional,438.0,300.0,False,,KIKUUBE
1.2149329,30.8040286,2022 Mar 02 12:00:00 AM,Yes,Hand Pump,Uganda,Kikuube,Kyangwali,"2,015",Community Management,Functional,1286.0,300.0,False,,KIKUUBE
1.2741864,31.3605088,2022 Mar 01 12:00:00 AM,Yes,Hand Pump,Uganda,Kikuube,Buhimba,"2,000",Community Management,Functional,848.0,300.0,False,,KIKUUBE
1.32032198,31.1391771,2010 Oct 01 12:00:00 AM,Yes,,Uganda,Kikuube,Kiziranfumbi,"1,996",Community Management,"Functional, needs repair",665.0,300.0,False,,KIKUUBE
1.2212191,30.8977653,2022 Mar 04 12:00:00 AM,Yes,Hand Pump,Uganda,Kikuube,Kyangwali,"2,018",,Functional,2351.0,300.0,False,,KIKUUBE
1.31914,31.24561,2013 Mar 15 12:00:00 AM,Yes,Motorized Pump,Uganda,Kikuube,Buhimba,"2,012",,Non-Functional,995.0,300.0,False,,KIKUUBE
1.4121644,31.2203399,2022 Mar 04 12:00:00 AM,Yes,Hand Pump,Uganda,Kikuube,Bugambe,"2,020",Community Management,Functional,580.0,300.0,False,,KIKUUBE
1.335663,31.3735368,2022 Feb 28 12:00:00 AM,Yes,,Uganda,Kikuube,Buhimba,"2,004",,Functional,662.0,250.0,False,,KIKUUBE
1.2589867,31.072125,2022 Mar 05 12:00:00 AM,Yes,Hand Pump,Uganda,Kikuube,Kabwoya,"2,020",Community Management,Functional,644.0,300.0,False,,KIKUUBE
1.3659698,31.2625522,2022 Mar 06 12:00:00 AM,Yes,Hand Pump,Uganda,Kikuube,Buhimba,"2,019",,Functional,728.0,300.0,False,,KIKUUBE
1.3833425,31.2699724,2022 Mar 07 12:00:00 AM,Yes,Hand Pump,Uganda,Kikuube,Buhimba,"2,020",,Functional,1491.0,300.0,False,,KIKUUBE
1.1652776,31.0288348,2022 Mar 06 12:00:00 AM,Yes,,Uganda,Kikuube,Kabwoya,"2,004",,Functional,1342.0,250.0,False,,KIKUUBE
1.2380956,30.7360585,2022 Mar 09 12:00:00 AM,Yes,Hand Pump,Uganda,Kikuube,Kyangwali,"2,009",Community Management,Functional,2037.0,300.0,False,,KIKUUBE
1.3303034,31.2163046,2022 Mar 05 12:00:00 AM,Yes,Hand Pump,Uganda,Kikuube,Kikuube Town Council,,Community Management,Functional,1365.0,300.0,False,,KIKUUBE
1.13951226,30.73073678,2010 May 05 12:00:00 AM,Yes,,Uganda,Kikuube,Kyangwali,"2,009",Other Institutional Management,"Functional, needs repair",1218.0,50.0,False,,KIKUUBE
1.33304355,31.18576128,2010 May 08 12:00:00 AM,Yes,,Uganda,Kikuube,Kikuube Town Council,"1,994",Community Management,"Functional, needs repair",735.0,300.0,False,,KIKUUBE
1.27944934,31.16316807,2010 May 08 12:00:00 AM,Yes,,Uganda,Kikuube,Kiziranfumbi,"2,004",Community Management,"Functional, needs repair",239.0,300.0,False,,KIKUUBE
1.34977924,31.37291851,2010 May 07 12:00:00 AM,Yes,,Uganda,Kikuube,Buhimba,"2,002",Community Management,"Functional, needs repair",980.0,300.0,False,,KIKUUBE
1.31747678,31.22980656,2010 May 08 12:00:00 AM,Yes,,Uganda,Kikuube,Kikuube Town Council,"2,009",Community Management,"Functional, needs repair",926.0,300.0,False,,KIKUUBE
1.3284984,31.2011025,2022 Mar 03 12:00:00 AM,Yes,Hand Pump,Uganda,Kikuube,Kikuube Town Council,"2,021",,Functional,1704.0,300.0,False,,KIKUUBE
1.28661386,31.20491373,2010 May 08 12:00:00 AM,Yes,Hand Pump,Uganda,Kikuube,Kikuube Town Council,"2,000",Community Management,"Functional, needs repair",670.0,300.0,False,,KIKUUBE
1.23461204,31.29177648,2010 May 07 12:00:00 AM,Yes,,Uganda,Kikuube,Buhimba,"2,002",Community Management,"Functional, needs repair",882.0,300.0,False,,KIKUUBE
1.22274011,31.03205309,2010 May 17 12:00:00 AM,Yes,,Uganda,Kikuube,Kabwoya,"2,008",Community Management,"Functional, needs repair",498.0,300.0,False,,KIKUUBE
1.30793043,31.17128749,2010 May 08 12:00:00 AM,Yes,,Uganda,Kikuube,Kiziranfumbi,"2,000",Community Management,"Functional, needs repair",1225.0,300.0,False,,KIKUUBE
1.37471836,31.19366388,2010 May 08 12:00:00 AM,Yes,,Uganda,Kikuube,Kikuube Town Council,"2,006",Community Management,"Functional, needs repair",566.0,300.0,False,,KIKUUBE
1.2675886,31.3293135,2022 Mar 04 12:00:00 AM,Yes,,Uganda,Kikuube,Buhimba,"2,005",,Functional,635.0,250.0,False,,KIKUUBE
1.4467808,31.2336346,2022 Mar 02 12:00:00 AM,Yes,,Uganda,Kikuube,Bugambe,"2,010",,Functional,661.0,250.0,False,,KIKUUBE
1.3124079,31.3891716,2022 Mar 03 12:00:00 AM,Yes,Hand Pump,Uganda,Kikuube,Buhimba,"2,012",,Functional,1147.0,300.0,False,,KIKUUBE
1.299786,31.3252701,2022 Mar 03 12:00:00 AM,Yes,Hand Pump,Uganda,Kikuube,Buhimba,"2,022",Community Management,Functional,611.0,300.0,False,,KIKUUBE
1.28187,31.30457,2013 Mar 15 12:00:00 AM,Yes,Motorized Pump,Uganda,Kikuube,Buhimba,"2,011",,Non-Functional,946.0,300.0,False,,KIKUUBE
1.33401539,31.37161704,2010 May 07 12:00:00 AM,Yes,,Uganda,Kikuube,Buhimba,"2,008",Community Management,"Functional, needs repair",645.0,300.0,False,,KIKUUBE
1.42090881,31.25224766,2010 May 06 12:00:00 AM,Yes,,Uganda,Kikuube,Bugambe,"1,994",Other Institutional Management,"Functional, needs repair",913.0,50.0,False,,KIKUUBE
1.2384223,30.7357865,2022 Mar 09 12:00:00 AM,Yes,Hand Pump,Uganda,Kikuube,Kyangwali,"2,009",Community Management,Functional,2037.0,300.0,False,,KIKUUBE
1.3830184,31.1239838,2022 Mar 07 12:00:00 AM,Yes,Hand Pump,Uganda,Kikuube,Kiziranfumbi,"2,021",,Functional,1493.0,300.0,False,,KIKUUBE
1.2903494,30.85853,2022 Mar 01 12:00:00 AM,Yes,Hand Pump,Uganda,Kikuube,Kyangwali,"2,019",Community Management,Functional,1413.0,300.0,False,,KIKUUBE
1.2349905,31.0146686,2022 Mar 03 12:00:00 AM,Yes,Hand Pump,Uganda,Kikuube,Kabwoya,,,Functional,678.0,300.0,False,,KIKUUBE
1.3311974,31.3475971,2022 Mar 03 12:00:00 AM,Yes,,Uganda,Kikuube,Buhimba,"2,004",,Functional,751.0,250.0,False,,KIKUUBE
1.1882449,30.7884117,2022 Mar 06 12:00:00 AM,Yes,Hand Pump,Uganda,Kikuube,Kyangwali,"2,019",Community Management,Functional,2700.0,300.0,False,,KIKUUBE
1.1304361,30.7611668,2022 Mar 09 12:00:00 AM,Yes,Hand Pump,Uganda,Kikuube,Kyangwali,"2,017",Community Management,Functional,1392.0,300.0,False,,KIKUUBE
1.249708,31.3486928,2022 Mar 04 12:00:00 AM,Yes,Hand Pump,Uganda,Kikuube,Buhimba,"2,019",,Functional,565.0,300.0,False,,KIKUUBE
1.3638041,31.3506337,2022 Mar 06 12:00:00 AM,Yes,,Uganda,Kikuube,Buhimba Town Council,"2,010",,Functional,872.0,250.0,False,,KIKUUBE
1.3039788,31.144045,2022 Mar 13 12:00:00 AM,Yes,,Uganda,Kikuube,Kiziranfumbi,"2,020",Community Management,Functional,796.0,250.0,False,,KIKUUBE
1.2845795,31.374423,2022 Mar 02 12:00:00 AM,Yes,Hand Pump,Uganda,Kikuube,Buhimba,"2,002",Community Management,Functional,757.0,300.0,False,,KIKUUBE
1.3624365,30.9911858,2022 Mar 09 12:00:00 AM,Yes,Hand Pump,Uganda,Kikuube,Kabwoya,"2,004",Community Management,Functional,1574.0,300.0,False,,KIKUUBE
1.16057052,30.99728751,2010 May 17 12:00:00 AM,Yes,,Uganda,Kikuube,Kabwoya,"2,003",Community Management,"Functional, needs repair",867.0,300.0,False,,KIKUUBE
1.2107103,30.8018945,2022 Mar 06 12:00:00 AM,Yes,,Uganda,Kikuube,Kyangwali,"2,015",Community Management,Functional,1487.0,250.0,False,,KIKUUBE
1.45085687,31.26075208,2010 May 06 12:00:00 AM,Yes,,Uganda,Kikuube,Bugambe,"2,008",Community Management,"Functional, needs repair",936.0,300.0,False,,KIKUUBE
1.425862,31.2256566,2010 May 06 12:00:00 AM,Yes,,Uganda,Kikuube,Bugambe,"2,003",Community Management,"Functional, needs repair",776.0,300.0,False,,KIKUUBE
1.2136345,31.0541997,2022 Mar 01 12:00:00 AM,Yes,,Uganda,Kikuube,Kabwoya,,,Functional,539.0,250.0,False,,KIKUUBE
1.31343119,31.30262348,2010 May 07 12:00:00 AM,Yes,Hand Pump,Uganda,Kikuube,Buhimba Town Council,"2,003",Community Management,"Functional, needs repair",705.0,300.0,False,,KIKUUBE
1.37096625,31.12437717,2010 May 08 12:00:00 AM,Yes,,Uganda,Kikuube,Kiziranfumbi,"1,995",Community Management,"Functional, needs repair",981.0,300.0,False,,KIKUUBE
1.1411731,30.7613715,2022 Mar 10 12:00:00 AM,Yes,Hand Pump,Uganda,Kikuube,Kyangwali,"2,020",Community Management,Functional,1872.0,300.0,False,,KIKUUBE
1.38195336,31.12514125,2010 May 08 12:00:00 AM,Yes,,Uganda,Kikuube,Kiziranfumbi,"1,995",Community Management,"Functional, needs repair",1501.0,300.0,False,,KIKUUBE
1.3395233,31.2466042,2022 Mar 05 12:00:00 AM,Yes,,Uganda,Kikuube,Buhimba,"2,005",,Functional,478.0,250.0,False,,KIKUUBE
1.4361426,31.1896102,2022 Mar 08 12:00:00 AM,Yes,Hand Pump,Uganda,Kikuube,Bugambe,"2,018",,Functional,112.0,300.0,False,,KIKUUBE
1.5075335,30.9400365,2022 Mar 11 12:00:00 AM,Yes,Hand Pump,Uganda,Kikuube,Kabwoya,"2,006",Community Management,Functional,1128.0,300.0,False,,KIKUUBE
1.3787982,31.1265712,2022 Mar 10 12:00:00 AM,Yes,Hand Pump,Uganda,Kikuube,Kiziranfumbi,"2,021",,Functional,1568.0,300.0,False,,KIKUUBE
1.2969279,31.2505769,2022 Mar 08 12:00:00 AM,Yes,Hand Pump,Uganda,Kikuube,Buhimba,,Community Management,Functional,540.0,300.0,False,,KIKUUBE
1.2500946,31.3337073,2022 Mar 04 12:00:00 AM,Yes,Hand Pump,Uganda,Kikuube,Buhimba,"2,021",,Functional,817.0,300.0,False,,KIKUUBE
1.2863798,31.0887093,2022 Mar 11 12:00:00 AM,Yes,,Uganda,Kikuube,Kabwoya,,Community Management,Functional,843.0,250.0,False,,KIKUUBE
1.2495491,31.0711728,2022 Feb 28 12:00:00 AM,Yes,,Uganda,Kikuube,Kabwoya,"2,005",,Functional,635.0,250.0,False,,KIKUUBE
1.35500725,31.40111204,2010 Aug 06 12:00:00 AM,Yes,,Uganda,Kikuube,Buhimba,"1,990",Community Management,"Functional, needs repair",1522.0,300.0,False,,KIKUUBE
1.2822673,31.0957461,2022 Mar 11 12:00:00 AM,Yes,,Uganda,Kikuube,Kabwoya,,Community Management,Functional,777.0,250.0,False,,KIKUUBE
1.3544665,31.3995568,2022 Mar 01 12:00:00 AM,Yes,Hand Pump,Uganda,Kikuube,Buhimba,"2,011",Community Management,Functional,1694.0,300.0,False,,KIKUUBE
1.4560198,31.2767616,2022 Mar 07 12:00:00 AM,Yes,,Uganda,Kikuube,Bugambe,,Community Management,Functional,582.0,250.0,False,,KIKUUBE
1.4964272,31.1451229,2022 Mar 08 12:00:00 AM,Yes,Hand Pump,Uganda,Kikuube,Bugambe,"2,008",Community Management,Functional,808.0,300.0,False,,KIKUUBE
1.2335899,31.2116603,2022 Mar 12 12:00:00 AM,Yes,Hand Pump,Uganda,Kikuube,Kabwoya,"2,022",,Functional,344.0,300.0,False,,KIKUUBE
1.15915549,31.00363954,2010 May 17 12:00:00 AM,Yes,,Uganda,Kikuube,Kabwoya,"2,005",Community Management,"Functional, needs repair",697.0,300.0,False,,KIKUUBE
1.36656639,31.34983228,2010 May 07 12:00:00 AM,Yes,,Uganda,Kikuube,Buhimba Town Council,"2,002",Community Management,"Functional, needs repair",808.0,300.0,False,,KIKUUBE
1.2442908,31.2655264,2022 Mar 01 12:00:00 AM,Yes,Hand Pump,Uganda,Kikuube,Buhimba,"2,005",,Functional,376.0,300.0,False,,KIKUUBE
1.35419,31.2176767,2022 Mar 02 12:00:00 AM,Yes,Hand Pump,Uganda,Kikuube,Kikuube Town Council,"2,008",Community Management,Functional,1031.0,300.0,False,,KIKUUBE
1.4524026,31.2187833,2022 Mar 03 12:00:00 AM,Yes,Hand Pump,Uganda,Kikuube,Bugambe,"2,022",Community Management,Functional,517.0,300.0,False,,KIKUUBE
1.3562463,31.233344,2022 Mar 02 12:00:00 AM,Yes,,Uganda,Kikuube,Kikuube Town Council,"2,013",,Functional,696.0,250.0,False,,KIKUUBE
1.3750644,31.2858446,2022 Mar 07 12:00:00 AM,Yes,Hand Pump,Uganda,Kikuube,Buhimba Town Council,"2,016",,Functional,411.0,300.0,False,,KIKUUBE
1.4533288,31.1861033,2022 Mar 05 12:00:00 AM,Yes,Hand Pump,Uganda,Kikuube,Bugambe,"2,020",Community Management,Functional,1577.0,300.0,False,,KIKUUBE
1.3197993,31.1886325,2022 Mar 07 12:00:00 AM,Yes,Hand Pump,Uganda,Kikuube,Kikuube Town Council,"2,014",Community Management,Functional,851.0,300.0,False,,KIKUUBE
1.2935553,31.2768414,2022 Mar 04 12:00:00 AM,Yes,Hand Pump,Uganda,Kikuube,Buhimba,"2,010",Community Management,Functional,783.0,300.0,False,,KIKUUBE
1.3801971,31.2160311,2022 Mar 03 12:00:00 AM,Yes,Hand Pump,Uganda,Kikuube,Bugambe,,Community Management,Functional,608.0,300.0,False,,KIKUUBE
1.22570272,31.06474205,2010 May 06 12:00:00 AM,Yes,,Uganda,Kikuube,Kabwoya,"2,006",Community Management,"Functional, needs repair",929.0,300.0,False,,KIKUUBE
1.332279,31.19126943,2010 May 08 12:00:00 AM,Yes,,Uganda,Kikuube,Kikuube Town Council,"1,999",Community Management,"Functional, needs repair",740.0,300.0,False,,KIKUUBE
1.37439951,31.14375411,2010 May 08 12:00:00 AM,Yes,Hand Pump,Uganda,Kikuube,Kiziranfumbi,"2,003",Community Management,"Functional, needs repair",805.0,300.0,False,,KIKUUBE
1.1579533,30.7549467,2022 Mar 11 12:00:00 AM,Yes,Hand Pump,Uganda,Kikuube,Kyangwali,"2,009",Community Management,Functional,2253.0,300.0,False,,KIKUUBE
1.33051,31.29656,2013 Mar 21 12:00:00 AM,Yes,Motorized Pump,Uganda,Kikuube,Buhimba Town Council,"2,011",,Non-Functional,914.0,300.0,False,,KIKUUBE
1.3426172,31.301791,2022 Mar 08 12:00:00 AM,Yes,,Uganda,Kikuube,Buhimba Town Council,"2,013",,Functional,1246.0,250.0,False,,KIKUUBE
1.3872321,31.2775464,2022 Mar 07 12:00:00 AM,Yes,Hand Pump,Uganda,Kikuube,Buhimba,"2,004",,Functional,927.0,300.0,False,,KIKUUBE
1.39774073,31.11313445,2010 May 08 12:00:00 AM,Yes,,Uganda,Kikuube,Kiziranfumbi,"2,003",Community Management,"Functional, needs repair",1094.0,300.0,False,,KIKUUBE
1.3641086,31.1126271,2022 Mar 11 12:00:00 AM,Yes,,Uganda,Kikuube,Kiziranfumbi,"2,008",,Functional,720.0,250.0,False,,KIKUUBE
1.16642935,30.77014481,2010 May 05 12:00:00 AM,Yes,Hand Pump,Uganda,Kikuube,Kyangwali,"2,003",Community Management,"Functional, needs repair",2235.0,300.0,False,,KIKUUBE
1.2247917,30.7834783,2022 Mar 03 12:00:00 AM,Yes,Hand Pump,Uganda,Kikuube,Kyangwali,"2,021",Community Management,Functional,1709.0,300.0,False,,KIKUUBE
1.38775867,31.17116503,2010 May 07 12:00:00 AM,Yes,,Uganda,Kikuube,Bugambe,"2,004",Community Management,"Functional, needs repair",643.0,300.0,False,,KIKUUBE
1.1689508,30.7374228,2022 Mar 12 12:00:00 AM,Yes,Hand Pump,Uganda,Kikuube,Kyangwali,"2,020",,Functional,621.0,300.0,False,,KIKUUBE
1.3075344,31.2812277,2022 Mar 04 12:00:00 AM,Yes,Hand Pump,Uganda,Kikuube,Buhimba,"2,020",Community Management,Functional,639.0,300.0,False,,KIKUUBE
1.349793,31.1290015,2022 Mar 10 12:00:00 AM,Yes,,Uganda,Kikuube,Kiziranfumbi,"2,009",Community Management,Functional,594.0,250.0,False,,KIKUUBE
1.1817915,30.7792569,2022 Mar 06 12:00:00 AM,Yes,Hand Pump,Uganda,Kikuube,Kyangwali,"2,019",Community Management,Functional,3114.0,300.0,False,,KIKUUBE
1.34712893,31.11071242,2013 Sep 26 12:00:00 AM,Yes,Hand Pump,Uganda,Kikuube,Kiziranfumbi,"2,013",Community Management,"Functional, needs repair",481.0,300.0,False,,KIKUUBE
1.3513556,31.143218,2022 Mar 08 12:00:00 AM,Yes,,Uganda,Kikuube,Kiziranfumbi,"2,017",Community Management,Functional,840.0,250.0,False,,KIKUUBE
1.3437229,31.1868928,2022 Mar 01 12:00:00 AM,Yes,,Uganda,Kikuube,Kikuube Town Council,"2,001",,Functional,712.0,250.0,False,,KIKUUBE
1.2161967,30.81753,2022 Mar 03 12:00:00 AM,Yes,,Uganda,Kikuube,Kyangwali,"2,004",,Functional,1449.0,250.0,False,,KIKUUBE
1.359257,31.3132714,2022 Mar 08 12:00:00 AM,Yes,,Uganda,Kikuube,Buhimba Town Council,"2,020",,Functional,1422.0,250.0,False,,KIKUUBE
1.2594817,31.244865,2022 Mar 13 12:00:00 AM,Yes,Hand Pump,Uganda,Kikuube,Kikuube Town Council,"2,022",Community Management,Functional,620.0,300.0,False,,KIKUUBE
1.3480752,31.3650117,2022 Mar 04 12:00:00 AM,Yes,Hand Pump,Uganda,Kikuube,Buhimba,"2,020",Community Management,Functional,1185.0,300.0,False,,KIKUUBE
1.1918992,30.8936442,2022 Mar 01 12:00:00 AM,Yes,,Uganda,Kikuube,Kyangwali,"2,019",Community Management,Functional,1129.0,250.0,False,,KIKUUBE
1.39601,31.2372382,2022 Mar 01 12:00:00 AM,Yes,,Uganda,Kikuube,Bugambe,"2,020",Community Management,Functional,921.0,250.0,False,,KIKUUBE
1.2354977,30.7343921,2022 Mar 08 12:00:00 AM,Yes,Hand Pump,Uganda,Kikuube,Kyangwali,"2,009",Community Management,Functional,2081.0,300.0,False,,KIKUUBE
1.34220721,31.19031877,2010 May 08 12:00:00 AM,Yes,,Uganda,Kikuube,Kikuube Town Council,"1,999",Community Management,"Functional, needs repair",715.0,300.0,False,,KIKUUBE
1.3841941,30.9805652,2022 Mar 10 12:00:00 AM,Yes,Hand Pump,Uganda,Kikuube,Kabwoya,"2,020",Community Management,Functional,1735.0,300.0,False,,KIKUUBE
1.36404646,31.19173116,2010 May 08 12:00:00 AM,Yes,,Uganda,Kikuube,Kikuube Town Council,"2,003",Other Institutional Management,"Functional, needs repair",735.0,50.0,False,,KIKUUBE
1.2000519,30.753909,2022 Mar 10 12:00:00 AM,Yes,Hand Pump,Uganda,Kikuube,Kyangwali,,Community Management,Functional,990.0,300.0,False,,KIKUUBE
1.1835789,30.7994548,2022 Mar 12 12:00:00 AM,Yes,Hand Pump,Uganda,Kikuube,Kyangwali,"2,022",,Functional,2274.0,300.0,False,,KIKUUBE
1.2901597,31.3418537,2022 Mar 01 12:00:00 AM,Yes,Hand Pump,Uganda,Kikuube,Buhimba,,Community Management,Functional,870.0,300.0,False,,KIKUUBE
1.2697267,30.8289267,2022 Feb 28 12:00:00 AM,Yes,Hand Pump,Uganda,Kikuube,Kyangwali,"2,005",Community Management,Functional,1419.0,300.0,False,,KIKUUBE
1.27006715,31.16878991,2010 May 08 12:00:00 AM,Yes,Hand Pump,Uganda,Kikuube,Kiziranfumbi,"2,001",Community Management,"Functional, needs repair",918.0,300.0,False,,KIKUUBE
1.27633,31.30423,2013 Mar 14 12:00:00 AM,Yes,Motorized Pump,Uganda,Kikuube,Buhimba,"2,011",Community Management,Non-Functional,685.0,300.0,False,,KIKUUBE
1.1491883,30.7411537,2022 Mar 12 12:00:00 AM,Yes,Hand Pump,Uganda,Kikuube,Kyangwali,"2,013",,Functional,955.0,300.0,False,,KIKUUBE
1.2345281,30.932994,2022 Mar 03 12:00:00 AM,Yes,,Uganda,Kikuube,Kyangwali,"2,013",Community Management,Functional,1008.0,250.0,False,,KIKUUBE
1.1521263,30.722305,2022 Mar 12 12:00:00 AM,Yes,Hand Pump,Uganda,Kikuube,Kyangwali,,,Functional,943.0,300.0,False,,KIKUUBE
1.19140632,30.77927744,2010 May 05 12:00:00 AM,Yes,,Uganda,Kikuube,Kyangwali,"2,006",Community Management,"Functional, needs repair",2635.0,50.0,False,,KIKUUBE
1.20068989,31.06134608,2010 May 06 12:00:00 AM,Yes,,Uganda,Kikuube,Kabwoya,"2,007",Community Management,"Functional, needs repair",715.0,300.0,False,,KIKUUBE
1.23754086,31.104891,2010 May 06 12:00:00 AM,Yes,Hand Pump,Uganda,Kikuube,Kabwoya,"2,002",Community Management,"Functional, needs repair",777.0,300.0,False,,KIKUUBE
1.2525838,30.8455759,2022 Feb 28 12:00:00 AM,Yes,Hand Pump,Uganda,Kikuube,Kyangwali,"2,011",Community Management,Functional,925.0,300.0,False,,KIKUUBE
1.1587732,30.7327421,2022 Mar 12 12:00:00 AM,Yes,Hand Pump,Uganda,Kikuube,Kyangwali,,,Functional,1245.0,300.0,False,,KIKUUBE
1.4386849,31.2604567,2022 Mar 08 12:00:00 AM,Yes,Hand Pump,Uganda,Kikuube,Bugambe,,Community Management,Functional,789.0,300.0,False,,KIKUUBE
1.30934212,31.14821449,2010 Oct 01 12:00:00 AM,Yes,,Uganda,Kikuube,Kiziranfumbi,"1,995",Community Management,"Functional, needs repair",778.0,300.0,False,,KIKUUBE
1.3601,31.27248,2013 Mar 20 12:00:00 AM,Yes,Hand Pump,Uganda,Kikuube,Buhimba,"2,012",,Non-Functional,874.0,300.0,False,,KIKUUBE
1.3322865,31.3565749,2022 Mar 04 12:00:00 AM,Yes,,Uganda,Kikuube,Buhimba,"2,018",,Functional,654.0,250.0,False,,KIKUUBE
1.1739732,31.0875855,2022 Mar 01 12:00:00 AM,Yes,Hand Pump,Uganda,Kikuube,Kabwoya,"2,019",Community Management,Functional,684.0,300.0,False,,KIKUUBE
1.31103,31.29014,2013 Mar 20 12:00:00 AM,Yes,Motorized Pump,Uganda,Kikuube,Buhimba,"2,011",,Non-Functional,743.0,300.0,False,,KIKUUBE
1.32279934,31.30163775,2010 Oct 01 12:00:00 AM,Yes,,Uganda,Kikuube,Buhimba Town Council,"2,001",Community Management,"Functional, needs repair",749.0,300.0,False,,KIKUUBE
1.3191207,30.9082879,2022 Mar 01 12:00:00 AM,Yes,Hand Pump,Uganda,Kikuube,Kabwoya,"2,021",Community Management,Functional,854.0,300.0,False,,KIKUUBE
1.4657096,31.2768943,2022 Mar 07 12:00:00 AM,Yes,,Uganda,Kikuube,Bugambe,,Community Management,Functional,459.0,250.0,False,,KIKUUBE
1.35107226,31.31979558,2010 May 07 12:00:00 AM,Yes,Hand Pump,Uganda,Kikuube,Buhimba Town Council,"2,001",Community Management,"Functional, needs repair",2371.0,300.0,False,,KIKUUBE
1.2507472,31.2925936,2022 Mar 02 12:00:00 AM,Yes,,Uganda,Kikuube,Buhimba,"2,003",,Functional,544.0,250.0,False,,KIKUUBE
1.3057608,31.3650705,2022 Mar 02 12:00:00 AM,Yes,Hand Pump,Uganda,Kikuube,Buhimba,"2,019",Community Management,Functional,681.0,300.0,False,,KIKUUBE
1.26575692,31.13529975,2010 May 05 12:00:00 AM,Yes,,Uganda,Kikuube,Kabwoya,"2,004",Community Management,"Functional, needs repair",616.0,300.0,False,,KIKUUBE
1.139979,30.732778,2022 Mar 11 12:00:00 AM,Yes,Hand Pump,Uganda,Kikuube,Kyangwali,"2,015",Community Management,Functional,1310.0,300.0,False,,KIKUUBE
1.27614421,31.23361782,2010 May 08 12:00:00 AM,Yes,,Uganda,Kikuube,Kikuube Town Council,"2,001",Other,"Functional, needs repair",705.0,50.0,False,,KIKUUBE
1.2295215,31.2943612,2022 Feb 28 12:00:00 AM,Yes,Hand Pump,Uganda,Kikuube,Buhimba,"2,019",,Functional,823.0,300.0,False,,KIKUUBE
1.1679152,31.0028081,2022 Mar 05 12:00:00 AM,Yes,Hand Pump,Uganda,Kikuube,Kabwoya,"2,021",Community Management,Functional,877.0,300.0,False,,KIKUUBE
1.3682225,31.1251524,2022 Mar 10 12:00:00 AM,Yes,,Uganda,Kikuube,Kiziranfumbi,"1,993",,Functional,986.0,250.0,False,,KIKUUBE
1.3236003,31.243194,2022 Mar 09 12:00:00 AM,Yes,,Uganda,Kikuube,Kikuube Town Council,"2,005",,Functional,945.0,250.0,False,,KIKUUBE
1.4816378,31.1833694,2022 Mar 05 12:00:00 AM,Yes,Hand Pump,Uganda,Kikuube,Bugambe,"2,017",Community Management,Functional,810.0,300.0,False,,KIKUUBE
1.2883893,31.1810566,2022 Mar 13 12:00:00 AM,Yes,Hand Pump,Uganda,Kikuube,Kiziranfumbi,"2,021",Community Management,Functional,928.0,300.0,False,,KIKUUBE
1.3121197,31.3357632,2022 Mar 03 12:00:00 AM,Yes,Hand Pump,Uganda,Kikuube,Buhimba,"2,004",Community Management,Functional,444.0,300.0,False,,KIKUUBE
1.29936853,31.27556108,2010 May 07 12:00:00 AM,Yes,,Uganda,Kikuube,Buhimba,"1,992",Other,"Functional, needs repair",734.0,300.0,False,,KIKUUBE
1.24149358,30.99691417,2010 May 17 12:00:00 AM,Yes,,Uganda,Kikuube,Kabwoya,"2,008",Community Management,"Functional, needs repair",1376.0,300.0,False,,KIKUUBE
1.2228286,30.8839895,2022 Mar 04 12:00:00 AM,Yes,Hand Pump,Uganda,Kikuube,Kyangwali,"2,018",,Functional,1434.0,300.0,False,,KIKUUBE
1.23082211,30.85544175,2010 May 05 12:00:00 AM,Yes,Hand Pump,Uganda,Kikuube,Kyangwali,"1,986",Community Management,"Functional, needs repair",1032.0,300.0,False,,KIKUUBE
1.2151776,31.1445432,2022 Mar 12 12:00:00 AM,Yes,Hand Pump,Uganda,Kikuube,Kabwoya,"2,016",Community Management,Functional,777.0,300.0,False,,KIKUUBE
1.2636421,31.13683755,2010 May 05 12:00:00 AM,Yes,,Uganda,Kikuube,Kabwoya,"2,008",Community Management,"Functional, needs repair",663.0,300.0,False,,KIKUUBE
1.247525,31.24085,2022 Mar 13 12:00:00 AM,Yes,Hand Pump,Uganda,Kikuube,Kikuube Town Council,,Community Management,Functional,574.0,300.0,False,,KIKUUBE
1.4596286,31.1714514,2022 Mar 07 12:00:00 AM,Yes,,Uganda,Kikuube,Bugambe,"2,002",Community Management,Functional,695.0,250.0,False,,KIKUUBE
1.3880405,31.2178266,2022 Mar 03 12:00:00 AM,Yes,,Uganda,Kikuube,Bugambe,,Community Management,Functional,648.0,250.0,False,,KIKUUBE
1.2386355,30.9431658,2022 Mar 02 12:00:00 AM,Yes,,Uganda,Kikuube,Kyangwali,"2,021",Community Management,Functional,1528.0,250.0,False,,KIKUUBE
1.23812623,31.27234916,2010 Aug 06 12:00:00 AM,Yes,Hand Pump,Uganda,Kikuube,Buhimba,"1,997",Community Management,"Functional, needs repair",914.0,300.0,False,,KIKUUBE
1.35401683,31.14256582,2010 May 08 12:00:00 AM,Yes,,Uganda,Kikuube,Kiziranfumbi,"2,002",Community Management,"Functional, needs repair",813.0,300.0,False,,KIKUUBE
1.44941544,31.23295243,2010 Oct 01 12:00:00 AM,Yes,,Uganda,Kikuube,Bugambe,"2,010",Community Management,"Functional, needs repair",671.0,300.0,False,,KIKUUBE
1.1616134,30.7703795,2022 Mar 11 12:00:00 AM,Yes,,Uganda,Kikuube,Kyangwali,"2,014",Community Management,Functional,2321.0,250.0,False,,KIKUUBE
1.2976874,31.1706159,2022 Mar 11 12:00:00 AM,Yes,,Uganda,Kikuube,Kiziranfumbi,"2,000",Community Management,Functional,893.0,250.0,False,,KIKUUBE
1.29743931,31.21933546,2010 May 08 12:00:00 AM,Yes,Hand Pump,Uganda,Kikuube,Kikuube Town Council,"2,003",Community Management,"Functional, needs repair",848.0,300.0,False,,KIKUUBE
1.232185,31.1342333,2022 Mar 03 12:00:00 AM,Yes,Hand Pump,Uganda,Kikuube,Kabwoya,"2,021",Community Management,Functional,796.0,300.0,False,,KIKUUBE
1.39301508,31.11745975,2010 May 08 12:00:00 AM,Yes,,Uganda,Kikuube,Kiziranfumbi,"2,005",Community Management,"Functional, needs repair",1097.0,300.0,False,,KIKUUBE
1.2001124,30.8908799,2022 Mar 01 12:00:00 AM,Yes,Hand Pump,Uganda,Kikuube,Kyangwali,"2,016",Community Management,Functional,1387.0,300.0,False,,KIKUUBE
1.23429956,31.08658426,2011 Sep 01 12:00:00 AM,Yes,,Uganda,Kikuube,Kabwoya,"2,011",Community Management,"Functional, needs repair",458.0,300.0,False,,KIKUUBE
1.3093052,31.308182,2022 Mar 01 12:00:00 AM,Yes,,Uganda,Kikuube,Buhimba,"1,995",,Functional,565.0,250.0,False,,KIKUUBE
1.3419199,31.1209253,2022 Mar 09 12:00:00 AM,Yes,,Uganda,Kikuube,Kiziranfumbi,"2,020",Community Management,Functional,818.0,250.0,False,,KIKUUBE
1.3412396,31.30312566,2010 May 10 12:00:00 AM,Yes,Hand Pump,Uganda,Kikuube,Buhimba Town Council,"1,987",Community Management,"Functional, needs repair",1295.0,300.0,False,,KIKUUBE
1.36683306,31.11187408,2010 May 08 12:00:00 AM,Yes,,Uganda,Kikuube,Kiziranfumbi,"2,008",Community Management,"Functional, needs repair",625.0,300.0,False,,KIKUUBE
1.20073397,30.79892251,2010 May 05 12:00:00 AM,Yes,,Uganda,Kikuube,Kyangwali,"2,007",Community Management,"Functional, needs repair",1203.0,300.0,False,,KIKUUBE
1.2867093,30.8263485,2022 Feb 28 12:00:00 AM,Yes,Hand Pump,Uganda,Kikuube,Kyangwali,"2,013",,Functional,1126.0,300.0,False,,KIKUUBE
1.3181738,30.8898137,2022 Mar 02 12:00:00 AM,Yes,Hand Pump,Uganda,Kikuube,Kyangwali,"2,019",Community Management,Functional,1259.0,300.0,False,,KIKUUBE
1.400338,31.1892678,2022 Mar 09 12:00:00 AM,Yes,Hand Pump,Uganda,Kikuube,Bugambe,"2,021",Community Management,Functional,866.0,300.0,False,,KIKUUBE
1.21550712,30.79998846,2010 May 05 12:00:00 AM,Yes,,Uganda,Kikuube,Kyangwali,"1,992",Community Management,"Functional, needs repair",1327.0,50.0,False,,KIKUUBE
1.167455,30.7980483,2022 Mar 13 12:00:00 AM,Yes,,Uganda,Kikuube,Kyangwali,"2,022",,Functional,5976.0,250.0,False,,KIKUUBE
1.22450519,31.04691948,2011 Sep 01 12:00:00 AM,Yes,,Uganda,Kikuube,Kabwoya,"2,011",Community Management,"Functional, needs repair",715.0,300.0,False,,KIKUUBE
1.2935994,31.1377583,2022 Mar 13 12:00:00 AM,Yes,,Uganda,Kikuube,Kiziranfumbi,"2,017",,Functional,1079.0,250.0,False,,KIKUUBE
1.4188413,31.2114843,2022 Mar 03 12:00:00 AM,Yes,Hand Pump,Uganda,Kikuube,Bugambe,,Community Management,Functional,503.0,300.0,False,,KIKUUBE
1.1894729,31.0603128,2022 Mar 01 12:00:00 AM,Yes,,Uganda,Kikuube,Kabwoya,"2,006",Community Management,Functional,793.0,250.0,False,,KIKUUBE
1.2241527,30.8178252,2022 Mar 03 12:00:00 AM,Yes,Hand Pump,Uganda,Kikuube,Kyangwali,"2,021",Community Management,Functional,1812.0,300.0,False,,KIKUUBE
1.3381983,31.3169626,2022 Mar 05 12:00:00 AM,Yes,Hand Pump,Uganda,Kikuube,Buhimba Town Council,"2,002",,Functional,1882.0,300.0,False,,KIKUUBE
1.1545032,30.7499805,2022 Mar 11 12:00:00 AM,Yes,Hand Pump,Uganda,Kikuube,Kyangwali,"2,009",Community Management,Functional,2079.0,300.0,False,,KIKUUBE
1.1564955,30.7668373,2022 Mar 11 12:00:00 AM,Yes,Hand Pump,Uganda,Kikuube,Kyangwali,"2,019",Community Management,Functional,3028.0,300.0,False,,KIKUUBE
1.1099493,30.72539,2022 Mar 12 12:00:00 AM,Yes,Hand Pump,Uganda,Kikuube,Kyangwali,"2,010",,Functional,446.0,300.0,False,,KIKUUBE
1.14823642,30.75401901,2010 May 05 12:00:00 AM,Yes,Hand Pump,Uganda,Kikuube,Kyangwali,"2,004",Community Management,"Functional, needs repair",1682.0,300.0,False,,KIKUUBE
1.360022,31.1841362,2022 Mar 03 12:00:00 AM,Yes,,Uganda,Kikuube,Kikuube Town Council,,Community Management,Functional,891.0,250.0,False,,KIKUUBE
1.31707183,31.2840039,2010 Oct 01 12:00:00 AM,Yes,,Uganda,Kikuube,Buhimba,"1,998",Community Management,"Functional, needs repair",827.0,50.0,False,,KIKUUBE
1.21498229,30.79941403,2010 May 05 12:00:00 AM,Yes,Hand Pump,Uganda,Kikuube,Kyangwali,"1,992",Community Management,"Functional, needs repair",1375.0,300.0,False,,KIKUUBE
1.1865947,30.7708776,2022 Mar 10 12:00:00 AM,Yes,Hand Pump,Uganda,Kikuube,Kyangwali,"2,000",Community Management,Functional,1280.0,300.0,False,,KIKUUBE
1.2238986,30.9137887,2022 Mar 01 12:00:00 AM,Yes,,Uganda,Kikuube,Kyangwali,"2,017",Community Management,Functional,783.0,250.0,False,,KIKUUBE
1.259573,31.0652285,2022 Feb 28 12:00:00 AM,Yes,,Uganda,Kikuube,Kabwoya,"2,014",,Functional,406.0,250.0,False,,KIKUUBE
1.4427991,31.2027329,2022 Mar 09 12:00:00 AM,Yes,Hand Pump,Uganda,Kikuube,Bugambe,,,Functional,414.0,300.0,False,,KIKUUBE
1.3651,31.27477,2013 Mar 15 12:00:00 AM,Yes,Motorized Pump,Uganda,Kikuube,Buhimba,"2,012",Community Management,Non-Functional,995.0,300.0,False,,KIKUUBE
1.28838,31.1770731,2022 Mar 12 12:00:00 AM,Yes,,Uganda,Kikuube,Kiziranfumbi,,,Functional,994.0,250.0,False,,KIKUUBE
1.1245213,30.7333808,2022 Mar 12 12:00:00 AM,Yes,Hand Pump,Uganda,Kikuube,Kyangwali,"2,014",,Functional,431.0,300.0,False,,KIKUUBE
1.3921078,31.2473065,2022 Mar 01 12:00:00 AM,Yes,Hand Pump,Uganda,Kikuube,Bugambe,"2,022",Community Management,Functional,971.0,300.0,False,,KIKUUBE
1.2813809,31.3094927,2022 Feb 28 12:00:00 AM,Yes,Hand Pump,Uganda,Kikuube,Buhimba,,Community Management,Functional,923.0,300.0,False,,KIKUUBE
1.24546,31.08309,2022 Mar 06 12:00:00 AM,Yes,Hand Pump,Uganda,Kikuube,Kabwoya,"2,017",Community Management,Functional,1546.0,300.0,False,,KIKUUBE
1.2007517,30.8851806,2022 Mar 01 12:00:00 AM,Yes,,Uganda,Kikuube,Kyangwali,"2,021",Community Management,Functional,1043.0,250.0,False,,KIKUUBE
1.2546709,30.7920817,2022 Mar 07 12:00:00 AM,Yes,Hand Pump,Uganda,Kikuube,Kyangwali,"2,016",Community Management,Functional,1570.0,300.0,False,,KIKUUBE
1.30085571,31.20413104,2010 May 08 12:00:00 AM,Yes,,Uganda,Kikuube,Kikuube Town Council,"1,999",Community Management,"Functional, needs repair",617.0,300.0,False,,KIKUUBE
1.30596179,31.16258299,2010 May 08 12:00:00 AM,Yes,,Uganda,Kikuube,Kiziranfumbi,"1,985",Other,"Functional, needs repair",1148.0,50.0,False,,KIKUUBE
1.3983459,31.26359486,2010 May 06 12:00:00 AM,Yes,,Uganda,Kikuube,Bugambe,"1,998",Community Management,"Functional, needs repair",604.0,300.0,False,,KIKUUBE
1.3103918,31.1681055,2022 Mar 11 12:00:00 AM,Yes,Hand Pump,Uganda,Kikuube,Kiziranfumbi,"2,004",,Functional,1408.0,300.0,False,,KIKUUBE
1.2813563,31.11233408,2010 May 05 12:00:00 AM,Yes,,Uganda,Kikuube,Kabwoya,"2,008",Community Management,"Functional, needs repair",411.0,300.0,False,,KIKUUBE
1.2402561,30.7402532,2022 Mar 09 12:00:00 AM,Yes,Hand Pump,Uganda,Kikuube,Kyangwali,"2,009",Community Management,Functional,1872.0,300.0,False,,KIKUUBE
1.21490239,31.02194348,2010 Oct 01 12:00:00 AM,Yes,,Uganda,Kikuube,Kabwoya,"2,010",Community Management,"Functional, needs repair",520.0,300.0,False,,KIKUUBE
1.1287714,30.7594537,2022 Mar 09 12:00:00 AM,Yes,Hand Pump,Uganda,Kikuube,Kyangwali,"2,017",Community Management,Functional,1440.0,300.0,False,,KIKUUBE
1.3237248,31.357662,2022 Mar 05 12:00:00 AM,Yes,,Uganda,Kikuube,Buhimba,"1,998",Community Management,Functional,681.0,250.0,False,,KIKUUBE
1.3238071,31.21764566,2010 May 08 12:00:00 AM,Yes,,Uganda,Kikuube,Kikuube Town Council,"2,006",Community Management,"Functional, needs repair",876.0,300.0,False,,KIKUUBE
1.27493241,31.23355576,2010 May 08 12:00:00 AM,Yes,Hand Pump,Uganda,Kikuube,Kikuube Town Council,"1,996",Community Management,"Functional, needs repair",675.0,300.0,False,,KIKUUBE
1.2227718,31.051763,2022 Mar 05 12:00:00 AM,Yes,Hand Pump,Uganda,Kikuube,Kabwoya,"2,004",Community Management,Functional,777.0,300.0,False,,KIKUUBE
1.33795391,31.17388001,2010 May 08 12:00:00 AM,Yes,,Uganda,Kikuube,Kikuube Town Council,"2,006",Community Management,"Functional, needs repair",705.0,300.0,False,,KIKUUBE
1.43447508,31.23109503,2010 May 06 12:00:00 AM,Yes,,Uganda,Kikuube,Bugambe,"2,008",Community Management,"Functional, needs repair",1076.0,300.0,False,,KIKUUBE
1.4469996,31.1896804,2022 Mar 08 12:00:00 AM,Yes,Hand Pump,Uganda,Kikuube,Bugambe,,Community Management,Functional,1110.0,300.0,False,,KIKUUBE
1.4454507,30.9138601,2022 Mar 11 12:00:00 AM,Yes,Hand Pump,Uganda,Kikuube,Kabwoya,"2,010",Community Management,Functional,1063.0,300.0,False,,KIKUUBE
1.24010933,31.01963417,2010 May 17 12:00:00 AM,Yes,,Uganda,Kikuube,Kabwoya,"2,003",Community Management,"Functional, needs repair",644.0,300.0,False,,KIKUUBE
1.1980795,30.7996454,2022 Mar 06 12:00:00 AM,Yes,,Uganda,Kikuube,Kyangwali,"2,007",Community Management,Functional,1014.0,250.0,False,,KIKUUBE
1.3426644,31.326179,2022 Mar 05 12:00:00 AM,Yes,,Uganda,Kikuube,Buhimba Town Council,"2,020",,Functional,1467.0,250.0,False,,KIKUUBE
1.4480802,31.1846846,2022 Mar 07 12:00:00 AM,Yes,,Uganda,Kikuube,Bugambe,"1,992",Community Management,Functional,1469.0,250.0,False,,KIKUUBE
1.3350368,31.3648317,2022 Mar 04 12:00:00 AM,Yes,Hand Pump,Uganda,Kikuube,Buhimba,"2,006",Community Management,Functional,580.0,300.0,False,,KIKUUBE
1.237669,31.0811927,2022 Feb 28 12:00:00 AM,Yes,,Uganda,Kikuube,Kabwoya,"2,006",Community Management,Functional,1286.0,250.0,False,,KIKUUBE
1.34742539,31.27779213,2010 May 07 12:00:00 AM,Yes,,Uganda,Kikuube,Buhimba,"2,008",Community Management,"Functional, needs repair",554.0,300.0,False,,KIKUUBE
1.1933922,31.06757,2022 Mar 01 12:00:00 AM,Yes,,Uganda,Kikuube,Kabwoya,"2,011",Community Management,Functional,588.0,250.0,False,,KIKUUBE
1.2208133,31.1270681,2022 Mar 03 12:00:00 AM,Yes,,Uganda,Kikuube,Kabwoya,,Community Management,Functional,942.0,250.0,False,,KIKUUBE
1.2966809,31.2457142,2022 Mar 08 12:00:00 AM,Yes,,Uganda,Kikuube,Buhimba,"2,008",Community Management,Functional,507.0,250.0,False,,KIKUUBE
1.2472567,30.8842933,2022 Mar 04 12:00:00 AM,Yes,,Uganda,Kikuube,Kyangwali,"2,020",Community Management,Functional,910.0,250.0,False,,KIKUUBE
1.32047328,31.28574467,2010 May 07 12:00:00 AM,Yes,Hand Pump,Uganda,Kikuube,Buhimba,"1,996",Community Management,"Functional, needs repair",952.0,300.0,False,,KIKUUBE
1.357718,31.1474335,2022 Mar 08 12:00:00 AM,Yes,Hand Pump,Uganda,Kikuube,Kiziranfumbi,"2,017",Community Management,Functional,733.0,300.0,False,,KIKUUBE
1.3187888,30.8907163,2022 Mar 01 12:00:00 AM,Yes,Hand Pump,Uganda,Kikuube,Kyangwali,"2,019",Community Management,Functional,1221.0,300.0,False,,KIKUUBE
1.2157077,31.05987111,2010 May 06 12:00:00 AM,Yes,,Uganda,Kikuube,Kabwoya,"1,959",Community Management,"Functional, needs repair",945.0,300.0,False,,KIKUUBE
1.3305677,31.2101679,2022 Mar 03 12:00:00 AM,Yes,Hand Pump,Uganda,Kikuube,Kikuube Town Council,"2,021",,Functional,1872.0,300.0,False,,KIKUUBE
1.289324,31.2694466,2022 Mar 04 12:00:00 AM,Yes,Hand Pump,Uganda,Kikuube,Buhimba,,Community Management,Functional,482.0,300.0,False,,KIKUUBE
1.26686169,30.85852949,2010 Sep 15 12:00:00 AM,Yes,Hand Pump,Uganda,Kikuube,Kyangwali,,Community Management,"Functional, needs repair",910.0,300.0,False,,KIKUUBE
1.32318848,31.11542047,2010 May 08 12:00:00 AM,Yes,,Uganda,Kikuube,Kiziranfumbi,"2,006",Community Management,"Functional, needs repair",405.0,300.0,False,,KIKUUBE
1.17593865,30.76867326,2010 May 05 12:00:00 AM,Yes,,Uganda,Kikuube,Kyangwali,"2,006",Community Management,"Functional, needs repair",1718.0,50.0,False,,KIKUUBE
1.29120525,31.17638471,2010 May 08 12:00:00 AM,Yes,,Uganda,Kikuube,Kiziranfumbi,"2,006",Community Management,"Functional, needs repair",1094.0,300.0,False,,KIKUUBE
1.39032256,31.21261927,2010 May 06 12:00:00 AM,Yes,,Uganda,Kikuube,Bugambe,"1,997",Community Management,"Functional, needs repair",456.0,300.0,False,,KIKUUBE
1.199796,30.7772787,2022 Mar 10 12:00:00 AM,Yes,Hand Pump,Uganda,Kikuube,Kyangwali,"2,001",Community Management,Functional,1073.0,300.0,False,,KIKUUBE
1.28986812,31.11633474,2010 May 08 12:00:00 AM,Yes,,Uganda,Kikuube,Kiziranfumbi,"2,004",Community Management,"Functional, needs repair",494.0,300.0,False,,KIKUUBE
1.162791,30.7656232,2022 Mar 11 12:00:00 AM,Yes,Hand Pump,Uganda,Kikuube,Kyangwali,"2,018",Community Management,Functional,2395.0,300.0,False,,KIKUUBE
1.21031077,30.99966825,2010 Oct 01 12:00:00 AM,Yes,,Uganda,Kikuube,Kabwoya,"2,006",Community Management,"Functional, needs repair",657.0,300.0,False,,KIKUUBE
1.2271691,31.158406,2022 Mar 11 12:00:00 AM,Yes,Hand Pump,Uganda,Kikuube,Kabwoya,"2,019",Community Management,Functional,1571.0,300.0,False,,KIKUUBE
1.4452156,31.2017729,2022 Mar 09 12:00:00 AM,Yes,Hand Pump,Uganda,Kikuube,Bugambe,,Community Management,Functional,580.0,300.0,False,,KIKUUBE
1.3113085,31.3307573,2022 Mar 03 12:00:00 AM,Yes,,Uganda,Kikuube,Buhimba,,Community Management,Functional,419.0,250.0,False,,KIKUUBE
1.4527353,31.2440799,2022 Mar 02 12:00:00 AM,Yes,Hand Pump,Uganda,Kikuube,Bugambe,"2,020",,Functional,750.0,300.0,False,,KIKUUBE
1.2378299,30.7904631,2022 Mar 04 12:00:00 AM,Yes,,Uganda,Kikuube,Kyangwali,"2,015",Community Management,Functional,1117.0,250.0,False,,KIKUUBE
1.2175389,30.8989971,2022 Mar 04 12:00:00 AM,Yes,Hand Pump,Uganda,Kikuube,Kyangwali,"2,016",,Functional,2785.0,300.0,False,,KIKUUBE
1.3214449,31.1473174,2022 Mar 12 12:00:00 AM,Yes,,Uganda,Kikuube,Kiziranfumbi,"1,994",Community Management,Functional,750.0,250.0,False,,KIKUUBE
1.1748256,31.0400559,2022 Mar 04 12:00:00 AM,Yes,,Uganda,Kikuube,Kabwoya,"2,011",Community Management,Functional,762.0,250.0,False,,KIKUUBE
1.2275876,30.82472461,2010 Sep 15 12:00:00 AM,Yes,Hand Pump,Uganda,Kikuube,Kyangwali,"2,001",Community Management,"Functional, needs repair",1774.0,300.0,False,,KIKUUBE
1.35264024,31.12812886,2010 May 08 12:00:00 AM,Yes,,Uganda,Kikuube,Kiziranfumbi,"2,009",Community Management,"Functional, needs repair",730.0,300.0,False,,KIKUUBE
1.4042925,31.1438307,2022 Mar 08 12:00:00 AM,Yes,Hand Pump,Uganda,Kikuube,Kiziranfumbi,"2,016",Community Management,Functional,356.0,300.0,False,,KIKUUBE
1.1522499,30.9995209,2022 Mar 08 12:00:00 AM,Yes,Hand Pump,Uganda,Kikuube,Kabwoya,"2,020",,Functional,653.0,300.0,False,,KIKUUBE
1.2091861,30.8082586,2022 Mar 02 12:00:00 AM,Yes,Hand Pump,Uganda,Kikuube,Kyangwali,"2,019",,Functional,1277.0,300.0,False,,KIKUUBE
1.3280397,31.2285906,2022 Mar 07 12:00:00 AM,Yes,Hand Pump,Uganda,Kikuube,Kikuube Town Council,"2,020",Community Management,Functional,1134.0,300.0,False,,KIKUUBE
1.3211302,31.2099563,2022 Mar 07 12:00:00 AM,Yes,Hand Pump,Uganda,Kikuube,Kikuube Town Council,"2,000",Community Management,Functional,1215.0,300.0,False,,KIKUUBE
1.3876881,31.1712372,2022 Mar 08 12:00:00 AM,Yes,,Uganda,Kikuube,Bugambe,"2,004",Community Management,Functional,643.0,250.0,False,,KIKUUBE
1.3064736,31.1950622,2022 Mar 07 12:00:00 AM,Yes,,Uganda,Kikuube,Kikuube Town Council,"2,005",Community Management,Functional,682.0,250.0,False,,KIKUUBE
1.1402717,30.7542433,2022 Mar 12 12:00:00 AM,Yes,,Uganda,Kikuube,Kyangwali,"2,011",,Functional,1023.0,250.0,False,,KIKUUBE
1.31498829,31.35883423,2010 May 07 12:00:00 AM,Yes,,Uganda,Kikuube,Buhimba,"2,004",Community Management,"Functional, needs repair",669.0,300.0,False,,KIKUUBE
1.43632464,31.24896534,2010 May 06 12:00:00 AM,Yes,,Uganda,Kikuube,Bugambe,"2,009",Community Management,"Functional, needs repair",881.0,300.0,False,,KIKUUBE
1.25843544,31.08963932,2010 May 06 12:00:00 AM,Yes,,Uganda,Kikuube,Kabwoya,"2,005",Community Management,"Functional, needs repair",412.0,300.0,False,,KIKUUBE
1.3174001,30.8905262,2022 Mar 01 12:00:00 AM,Yes,Hand Pump,Uganda,Kikuube,Kyangwali,"2,019",Community Management,Functional,1271.0,300.0,False,,KIKUUBE
1.22694087,31.02701929,2010 May 17 12:00:00 AM,Yes,,Uganda,Kikuube,Kabwoya,"2,006",Community Management,"Functional, needs repair",483.0,300.0,False,,KIKUUBE
1.136554,30.7313314,2022 Mar 11 12:00:00 AM,Yes,Hand Pump,Uganda,Kikuube,Kyangwali,"2,013",Community Management,Functional,1120.0,300.0,False,,KIKUUBE
1.2281361,31.3016517,2022 Feb 28 12:00:00 AM,Yes,Hand Pump,Uganda,Kikuube,Buhimba,"2,010",,Functional,548.0,300.0,False,,KIKUUBE
1.2970878,31.2672654,2022 Mar 04 12:00:00 AM,Yes,Hand Pump,Uganda,Kikuube,Buhimba,"2,020",Community Management,Functional,577.0,300.0,False,,KIKUUBE
1.4304231,31.2187763,2022 Feb 28 12:00:00 AM,Yes,,Uganda,Kikuube,Bugambe,"2,007",Community Management,Functional,666.0,250.0,False,,KIKUUBE
1.261813,31.3627094,2022 Mar 01 12:00:00 AM,Yes,Hand Pump,Uganda,Kikuube,Buhimba,"2,020",Community Management,Functional,459.0,300.0,False,,KIKUUBE
1.2460374,30.8227648,2022 Feb 28 12:00:00 AM,Yes,Hand Pump,Uganda,Kikuube,Kyangwali,"2,006",Community Management,Functional,884.0,300.0,False,,KIKUUBE
1.35987294,31.38785491,2010 May 07 12:00:00 AM,Yes,,Uganda,Kikuube,Buhimba,"1,991",Community Management,"Functional, needs repair",1520.0,300.0,False,,KIKUUBE
1.369514,31.2116475,2022 Mar 02 12:00:00 AM,Yes,Hand Pump,Uganda,Kikuube,Kikuube Town Council,"2,000",Community Management,Functional,410.0,300.0,False,,KIKUUBE
1.3173184,31.3438923,2022 Mar 03 12:00:00 AM,Yes,,Uganda,Kikuube,Buhimba,"2,003",Community Management,Functional,584.0,250.0,False,,KIKUUBE
1.26223107,31.12378466,2010 May 05 12:00:00 AM,Yes,,Uganda,Kikuube,Kabwoya,"1,998",Community Management,"Functional, needs repair",750.0,300.0,False,,KIKUUBE
1.4255145,31.2636856,2022 Mar 05 12:00:00 AM,Yes,,Uganda,Kikuube,Bugambe,"2,006",Community Management,Functional,1097.0,250.0,False,,KIKUUBE
1.3821463,30.9817037,2022 Mar 10 12:00:00 AM,Yes,Hand Pump,Uganda,Kikuube,Kabwoya,,,Functional,2045.0,300.0,False,,KIKUUBE
1.2345897,30.7338211,2022 Mar 08 12:00:00 AM,Yes,Hand Pump,Uganda,Kikuube,Kyangwali,"2,009",Community Management,Functional,2079.0,300.0,False,,KIKUUBE
1.2601142,31.3179704,2022 Mar 04 12:00:00 AM,Yes,Hand Pump,Uganda,Kikuube,Buhimba,"2,011",,Functional,690.0,300.0,False,,KIKUUBE
1.29325692,31.2778384,2010 Oct 01 12:00:00 AM,Yes,,Uganda,Kikuube,Buhimba,"2,001",Community Management,"Functional, needs repair",776.0,50.0,False,,KIKUUBE
1.2108274,31.2844512,2022 Feb 28 12:00:00 AM,Yes,Hand Pump,Uganda,Kikuube,Buhimba,"2,019",Community Management,Functional,270.0,300.0,False,,KIKUUBE
1.12395737,30.75809742,2010 May 05 12:00:00 AM,Yes,,Uganda,Kikuube,Kyangwali,"2,006",Community Management,"Functional, needs repair",1318.0,300.0,False,,KIKUUBE
1.4470752,31.1616837,2022 Mar 07 12:00:00 AM,Yes,Hand Pump,Uganda,Kikuube,Bugambe,,Community Management,Functional,125.0,300.0,False,,KIKUUBE
1.38322315,31.10733305,2010 May 08 12:00:00 AM,Yes,,Uganda,Kikuube,Kiziranfumbi,"2,002",Community Management,"Functional, needs repair",640.0,300.0,False,,KIKUUBE
1.44178071,30.91173738,2010 May 06 12:00:00 AM,Yes,,Uganda,Kikuube,Kabwoya,"2,007",Other Institutional Management,"Functional, needs repair",1208.0,50.0,False,,KIKUUBE
1.2878981,30.8866665,2022 Mar 02 12:00:00 AM,Yes,Hand Pump,Uganda,Kikuube,Kyangwali,"2,021",Community Management,Functional,1120.0,300.0,False,,KIKUUBE
1.24634303,31.08557841,2010 May 06 12:00:00 AM,Yes,,Uganda,Kikuube,Kabwoya,"1,969",Other Institutional Management,"Functional, needs repair",1441.0,50.0,False,,KIKUUBE
1.2478228,31.2542063,2022 Mar 12 12:00:00 AM,Yes,Hand Pump,Uganda,Kikuube,Kikuube Town Council,"2,020",Community Management,Functional,492.0,300.0,False,,KIKUUBE
1.2122858,30.8103815,2022 Mar 02 12:00:00 AM,Yes,,Uganda,Kikuube,Kyangwali,"2,009",,Functional,1236.0,250.0,False,,KIKUUBE
1.2862258,31.3390279,2022 Mar 01 12:00:00 AM,Yes,Hand Pump,Uganda,Kikuube,Buhimba,"2,013",Community Management,Functional,781.0,300.0,False,,KIKUUBE
1.349076,31.2646074,2022 Mar 05 12:00:00 AM,Yes,Hand Pump,Uganda,Kikuube,Buhimba,"2,013",,Functional,586.0,300.0,False,,KIKUUBE
1.3938496,31.1611616,2022 Mar 08 12:00:00 AM,Yes,,Uganda,Kikuube,Bugambe,"2,006",,Functional,574.0,250.0,False,,KIKUUBE
1.4158186,31.2679007,2022 Mar 05 12:00:00 AM,Yes,,Uganda,Kikuube,Bugambe,,Community Management,Functional,565.0,250.0,False,,KIKUUBE
1.1664237,30.7666113,2022 Mar 11 12:00:00 AM,Yes,Hand Pump,Uganda,Kikuube,Kyangwali,"2,019",Community Management,Functional,2280.0,300.0,False,,KIKUUBE
1.3481983,31.13708972,2010 May 08 12:00:00 AM,Yes,Hand Pump,Uganda,Kikuube,Kiziranfumbi,"2,003",Other Institutional Management,"Functional, needs repair",763.0,300.0,False,,KIKUUBE
1.4002046,31.2420617,2022 Mar 01 12:00:00 AM,Yes,Hand Pump,Uganda,Kikuube,Bugambe,"2,021",Community Management,Functional,1304.0,300.0,False,,KIKUUBE
1.3709541,31.2709161,2022 Mar 05 12:00:00 AM,Yes,,Uganda,Kikuube,Buhimba,,,Functional,1052.0,250.0,False,,KIKUUBE
1.26664696,31.07909524,2010 May 06 12:00:00 AM,Yes,,Uganda,Kikuube,Kabwoya,"2,001",Community Management,"Functional, needs repair",635.0,300.0,False,,KIKUUBE
1.4405462,30.9111803,2022 Mar 11 12:00:00 AM,Yes,Hand Pump,Uganda,Kikuube,Kabwoya,,Community Management,Functional,1227.0,300.0,False,,KIKUUBE
1.32756552,31.17603498,2010 May 08 12:00:00 AM,Yes,,Uganda,Kikuube,Kikuube Town Council,"2,001",Community Management,"Functional, needs repair",705.0,300.0,False,,KIKUUBE
1.2177344,31.2844094,2022 Feb 28 12:00:00 AM,Yes,Hand Pump,Uganda,Kikuube,Buhimba,"2,009",Community Management,Functional,247.0,300.0,False,,KIKUUBE
1.36107503,31.33392274,2010 May 07 12:00:00 AM,Yes,,Uganda,Kikuube,Buhimba Town Council,"2,003",Community Management,"Functional, needs repair",471.0,300.0,False,,KIKUUBE
1.3339533,31.193002,2022 Feb 28 12:00:00 AM,Yes,,Uganda,Kikuube,Kikuube Town Council,"2,006",Community Management,Functional,788.0,250.0,False,,KIKUUBE
1.26655746,31.29894376,2010 May 07 12:00:00 AM,Yes,,Uganda,Kikuube,Buhimba,"2,005",Other Institutional Management,"Functional, needs repair",732.0,50.0,False,,KIKUUBE
1.33521643,31.31569116,2010 Oct 01 12:00:00 AM,Yes,,Uganda,Kikuube,Buhimba Town Council,"2,009",Community Management,"Functional, needs repair",1725.0,50.0,False,,KIKUUBE
1.2081367,31.1007217,2022 Mar 02 12:00:00 AM,Yes,Hand Pump,Uganda,Kikuube,Kabwoya,"2,011",Community Management,Functional,1366.0,300.0,False,,KIKUUBE
1.1770697,30.7387575,2022 Mar 12 12:00:00 AM,Yes,Hand Pump,Uganda,Kikuube,Kyangwali,"2,020",,Functional,606.0,300.0,False,,KIKUUBE
1.3599692,31.2209146,2022 Mar 02 12:00:00 AM,Yes,Hand Pump,Uganda,Kikuube,Kikuube Town Council,"2,008",Community Management,Functional,886.0,300.0,False,,KIKUUBE
1.36153762,31.40232082,2010 May 07 12:00:00 AM,Yes,Hand Pump,Uganda,Kikuube,Buhimba,"1,997",Community Management,"Functional, needs repair",1347.0,300.0,False,,KIKUUBE
1.2562902,31.1463443,2022 Mar 10 12:00:00 AM,Yes,,Uganda,Kikuube,Kabwoya,"2,004",,Functional,728.0,250.0,False,,KIKUUBE
1.4624045,31.2646951,2022 Mar 05 12:00:00 AM,Yes,,Uganda,Kikuube,Bugambe,"2,019",Community Management,Functional,740.0,250.0,False,,KIKUUBE
1.1874598,30.7846448,2022 Mar 06 12:00:00 AM,Yes,Hand Pump,Uganda,Kikuube,Kyangwali,"2,019",Community Management,Functional,3149.0,300.0,False,,KIKUUBE
1.20680996,30.78875896,2011 Sep 01 12:00:00 AM,Yes,Hand Pump,Uganda,Kikuube,Kyangwali,"2,011",Community Management,"Functional, needs repair",1233.0,300.0,False,,KIKUUBE
1.2210699,30.8973586,2022 Mar 04 12:00:00 AM,Yes,Hand Pump,Uganda,Kikuube,Kyangwali,"2,017",,Functional,2377.0,300.0,False,,KIKUUBE
1.40118872,31.11666261,2010 May 08 12:00:00 AM,Yes,,Uganda,Kikuube,Kiziranfumbi,"2,002",Community Management,"Functional, needs repair",1127.0,300.0,False,,KIKUUBE
1.17759902,31.03930796,2011 Sep 01 12:00:00 AM,Yes,,Uganda,Kikuube,Kabwoya,"2,011",Community Management,"Functional, needs repair",982.0,300.0,False,,KIKUUBE
1.3504451,31.1792937,2022 Mar 01 12:00:00 AM,Yes,,Uganda,Kikuube,Kikuube Town Council,"2,008",,Functional,650.0,250.0,False,,KIKUUBE
1.3478382,31.2444451,2022 Mar 05 12:00:00 AM,Yes,,Uganda,Kikuube,Buhimba,"2,006",,Functional,786.0,250.0,False,,KIKUUBE
1.3455528,31.1966569,2022 Mar 05 12:00:00 AM,Yes,Hand Pump,Uganda,Kikuube,Kikuube Town Council,"2,002",Community Management,Functional,692.0,300.0,False,,KIKUUBE
1.3177586,31.1693975,2022 Mar 12 12:00:00 AM,Yes,Hand Pump,Uganda,Kikuube,Kiziranfumbi,,Community Management,Functional,815.0,300.0,False,,KIKUUBE
1.2681348,31.2317727,2022 Mar 11 12:00:00 AM,Yes,,Uganda,Kikuube,Kikuube Town Council,"2,004",Community Management,Functional,800.0,250.0,False,,KIKUUBE
1.465585,31.2326612,2022 Mar 03 12:00:00 AM,Yes,Hand Pump,Uganda,Kikuube,Bugambe,,Community Management,Functional,776.0,300.0,False,,KIKUUBE
1.24401404,31.12852322,2010 May 05 12:00:00 AM,Yes,,Uganda,Kikuube,Kabwoya,"1,992",Community Management,"Functional, needs repair",753.0,300.0,False,,KIKUUBE
1.4075266,31.1172415,2022 Mar 07 12:00:00 AM,Yes,,Uganda,Kikuube,Kiziranfumbi,"2,011",,Functional,855.0,250.0,False,,KIKUUBE
1.35074,31.40422,2013 Mar 15 12:00:00 AM,Yes,Motorized Pump,Uganda,Kikuube,Buhimba,"2,011",Community Management,Non-Functional,1179.0,300.0,False,,KIKUUBE
1.1748565,30.7800138,2022 Mar 13 12:00:00 AM,Yes,Hand Pump,Uganda,Kikuube,Kyangwali,"2,016",Community Management,Functional,3117.0,300.0,False,,KIKUUBE
1.35488728,31.34405357,2010 May 07 12:00:00 AM,Yes,,Uganda,Kikuube,Buhimba Town Council,"1,999",Community Management,"Functional, needs repair",736.0,300.0,False,,KIKUUBE
1.3711148,30.9728515,2022 Mar 09 12:00:00 AM,Yes,Hand Pump,Uganda,Kikuube,Kabwoya,,,Functional,2107.0,300.0,False,,KIKUUBE
1.3832769,31.2706211,2022 Mar 07 12:00:00 AM,Yes,Hand Pump,Uganda,Kikuube,Buhimba,"2,020",,Functional,1491.0,300.0,False,,KIKUUBE
1.3427882,31.3018494,2022 Mar 05 12:00:00 AM,Yes,,Uganda,Kikuube,Buhimba Town Council,"2,006",Community Management,Functional,1263.0,250.0,False,,KIKUUBE
1.196999,30.76249,2022 Mar 10 12:00:00 AM,Yes,Hand Pump,Uganda,Kikuube,Kyangwali,"2,022",Community Management,Functional,990.0,300.0,False,,KIKUUBE
1.2504622,31.0649713,2022 Feb 28 12:00:00 AM,Yes,,Uganda,Kikuube,Kabwoya,,,Functional,433.0,250.0,False,,KIKUUBE
1.3573026,31.2400582,2022 Mar 01 12:00:00 AM,Yes,Hand Pump,Uganda,Kikuube,Bugambe,"2,021",Community Management,Functional,642.0,300.0,False,,KIKUUBE
1.2292254,30.7827766,2010 May 05 12:00:00 AM,Yes,,Uganda,Kikuube,Kyangwali,"2,007",Community Management,"Functional, needs repair",1851.0,300.0,False,,KIKUUBE
1.3056363,31.2606545,2022 Mar 08 12:00:00 AM,Yes,,Uganda,Kikuube,Buhimba,"2,008",Community Management,Functional,561.0,250.0,False,,KIKUUBE
1.28760908,31.08225998,2013 Sep 26 12:00:00 AM,Yes,,Uganda,Kikuube,Kabwoya,"2,013",Community Management,"Functional, needs repair",437.0,300.0,False,,KIKUUBE
1.1714459,30.7477101,2022 Mar 12 12:00:00 AM,Yes,Hand Pump,Uganda,Kikuube,Kyangwali,,,Functional,1413.0,300.0,False,,KIKUUBE
1.460209,31.2800729,2022 Mar 07 12:00:00 AM,Yes,,Uganda,Kikuube,Bugambe,"2,010",Community Management,Functional,583.0,250.0,False,,KIKUUBE
1.2132215,31.0893075,2022 Mar 02 12:00:00 AM,Yes,,Uganda,Kikuube,Kabwoya,"2,011",Community Management,Functional,1007.0,250.0,False,,KIKUUBE
1.3459984,31.306996,2022 Mar 08 12:00:00 AM,Yes,Hand Pump,Uganda,Kikuube,Buhimba Town Council,"2,012",,Functional,1844.0,300.0,False,,KIKUUBE
1.1409944,30.7403611,2022 Mar 12 12:00:00 AM,Yes,Hand Pump,Uganda,Kikuube,Kyangwali,"2,013",Community Management,Functional,1109.0,300.0,False,,KIKUUBE
1.20467582,30.77701229,2010 May 05 12:00:00 AM,Yes,,Uganda,Kikuube,Kyangwali,"2,006",Community Management,"Functional, needs repair",771.0,300.0,False,,KIKUUBE
1.3455158,31.176551,2022 Mar 01 12:00:00 AM,Yes,Hand Pump,Uganda,Kikuube,Kikuube Town Council,"2,021",,Functional,690.0,300.0,False,,KIKUUBE
1.2270098,31.0048104,2022 Mar 02 12:00:00 AM,Yes,,Uganda,Kikuube,Kabwoya,"2,006",Community Management,Functional,316.0,250.0,False,,KIKUUBE
1.4789601,31.1552256,2022 Mar 08 12:00:00 AM,Yes,,Uganda,Kikuube,Bugambe,"2,003",Community Management,Functional,729.0,250.0,False,,KIKUUBE
1.2291534,30.8080846,2022 Mar 03 12:00:00 AM,Yes,Hand Pump,Uganda,Kikuube,Kyangwali,"2,010",Community Management,Functional,931.0,300.0,False,,KIKUUBE
1.25226451,31.34797525,2010 Sep 15 12:00:00 AM,Yes,Hand Pump,Uganda,Kikuube,Buhimba,"2,002",Community Management,"Functional, needs repair",656.0,300.0,False,,KIKUUBE
1.3285159,31.2027125,2022 Mar 11 12:00:00 AM,Yes,Hand Pump,Uganda,Kikuube,Kikuube Town Council,"2,019",Community Management,Functional,1887.0,300.0,False,,KIKUUBE
1.1958379,30.8912266,2022 Mar 01 12:00:00 AM,Yes,,Uganda,Kikuube,Kyangwali,"2,017",Community Management,Functional,1392.0,250.0,False,,KIKUUBE
1.278017,31.0952888,2022 Mar 05 12:00:00 AM,Yes,,Uganda,Kikuube,Kabwoya,,Community Management,Functional,799.0,250.0,False,,KIKUUBE
1.41914713,31.2664368,2010 May 06 12:00:00 AM,Yes,Hand Pump,Uganda,Kikuube,Bugambe,"1,996",Community Management,"Functional, needs repair",702.0,300.0,False,,KIKUUBE
1.4448152,31.279753,2022 Mar 07 12:00:00 AM,Yes,Hand Pump,Uganda,Kikuube,Bugambe,,Community Management,Functional,900.0,300.0,False,,KIKUUBE
1.2364657,31.2647557,2022 Mar 01 12:00:00 AM,Yes,Hand Pump,Uganda,Kikuube,Buhimba,"1,999",,Functional,622.0,300.0,False,,KIKUUBE
1.2982075,31.3497052,2022 Mar 02 12:00:00 AM,Yes,Hand Pump,Uganda,Kikuube,Buhimba,"2,003",Community Management,Functional,586.0,300.0,False,,KIKUUBE
1.1655264,31.0165495,2022 Mar 05 12:00:00 AM,Yes,,Uganda,Kikuube,Kabwoya,"2,002",,Functional,1159.0,250.0,False,,KIKUUBE
1.2766167,31.1639621,2022 Mar 12 12:00:00 AM,Yes,,Uganda,Kikuube,Kiziranfumbi,"1,999",Community Management,Functional,461.0,250.0,False,,KIKUUBE
1.4363914,31.2491383,2022 Mar 03 12:00:00 AM,Yes,,Uganda,Kikuube,Bugambe,"2,009",Community Management,Functional,842.0,250.0,False,,KIKUUBE
1.3325348,31.3732329,2022 Feb 28 12:00:00 AM,Yes,Hand Pump,Uganda,Kikuube,Buhimba,"2,021",Community Management,Functional,626.0,300.0,False,,KIKUUBE
1.306784,31.2131057,2022 Mar 11 12:00:00 AM,Yes,,Uganda,Kikuube,Kikuube Town Council,"2,004",Community Management,Functional,635.0,250.0,False,,KIKUUBE
1.2373417,31.0751766,2022 Feb 28 12:00:00 AM,Yes,Hand Pump,Uganda,Kikuube,Kabwoya,"2,018",Community Management,Functional,889.0,300.0,False,,KIKUUBE
1.2395508,30.8488333,2022 Mar 04 12:00:00 AM,Yes,Hand Pump,Uganda,Kikuube,Kyangwali,"2,005",Community Management,Functional,712.0,300.0,False,,KIKUUBE
1.3339377,31.2060593,2022 Mar 04 12:00:00 AM,Yes,Hand Pump,Uganda,Kikuube,Kikuube Town Council,"2,021",Community Management,Functional,1960.0,300.0,False,,KIKUUBE
1.4943132,31.1795415,2022 Mar 05 12:00:00 AM,Yes,Hand Pump,Uganda,Kikuube,Bugambe,"2,020",Community Management,Functional,476.0,300.0,False,,KIKUUBE
1.3624434,31.2754085,2022 Mar 05 12:00:00 AM,Yes,Hand Pump,Uganda,Kikuube,Buhimba,"2,021",,Functional,954.0,300.0,False,,KIKUUBE
1.3206393,31.1161427,2022 Mar 13 12:00:00 AM,Yes,,Uganda,Kikuube,Kiziranfumbi,"1,997",Community Management,Functional,542.0,250.0,False,,KIKUUBE
1.25369606,31.2020255,2010 May 08 12:00:00 AM,Yes,Hand Pump,Uganda,Kikuube,Kiziranfumbi,,Community Management,"Functional, needs repair",532.0,300.0,False,,KIKUUBE
1.1547403,30.7521288,2022 Mar 10 12:00:00 AM,Yes,Hand Pump,Uganda,Kikuube,Kyangwali,"2,010",Community Management,Functional,2037.0,300.0,False,,KIKUUBE
1.3070694,31.1233882,2022 Mar 12 12:00:00 AM,Yes,Hand Pump,Uganda,Kikuube,Kiziranfumbi,"2,020",Community Management,Functional,564.0,300.0,False,,KIKUUBE
1.3353839,31.2150833,2022 Mar 03 12:00:00 AM,Yes,Hand Pump,Uganda,Kikuube,Kikuube Town Council,"2,021",,Functional,1458.0,300.0,False,,KIKUUBE
1.33848783,31.31237336,2010 May 07 12:00:00 AM,Yes,Hand Pump,Uganda,Kikuube,Buhimba Town Council,"1,982",Community Management,"Functional, needs repair",1983.0,300.0,False,,KIKUUBE
1.3294728,31.281986,2022 Mar 05 12:00:00 AM,Yes,,Uganda,Kikuube,Buhimba,,Community Management,Functional,645.0,250.0,False,,KIKUUBE
1.42100852,31.25255309,2010 May 06 12:00:00 AM,Yes,Hand Pump,Uganda,Kikuube,Bugambe,"1,994",Community Management,"Functional, needs repair",918.0,300.0,False,,KIKUUBE
1.36652133,31.12938497,2010 May 08 12:00:00 AM,Yes,,Uganda,Kikuube,Kiziranfumbi,"2,005",Community Management,"Functional, needs repair",921.0,300.0,False,,KIKUUBE
1.2657731,31.1354843,2022 Mar 10 12:00:00 AM,Yes,,Uganda,Kikuube,Kabwoya,"2,004",,Functional,616.0,250.0,False,,KIKUUBE
1.3983379,31.117243,2022 Mar 07 12:00:00 AM,Yes,,Uganda,Kikuube,Kiziranfumbi,"2,002",,Functional,1202.0,250.0,False,,KIKUUBE
1.3080201,31.311178,2022 Mar 01 12:00:00 AM,Yes,,Uganda,Kikuube,Buhimba,,,Functional,431.0,250.0,False,,KIKUUBE
1.1659329,30.7875734,2022 Mar 13 12:00:00 AM,Yes,,Uganda,Kikuube,Kyangwali,,,Functional,4790.0,250.0,False,,KIKUUBE
1.24131,30.9415817,2022 Mar 02 12:00:00 AM,Yes,Hand Pump,Uganda,Kikuube,Kyangwali,"2,021",,Functional,1307.0,300.0,False,,KIKUUBE
1.4641538,31.2841573,2022 Mar 07 12:00:00 AM,Yes,,Uganda,Kikuube,Bugambe,,Community Management,Functional,622.0,250.0,False,,KIKUUBE
1.31196991,31.34843116,2010 May 07 12:00:00 AM,Yes,,Uganda,Kikuube,Buhimba,"1,990",Community Management,"Functional, needs repair",730.0,300.0,False,,KIKUUBE
1.1853144,30.7579203,2022 Mar 10 12:00:00 AM,Yes,Hand Pump,Uganda,Kikuube,Kyangwali,"2,018",Community Management,Functional,1023.0,300.0,False,,KIKUUBE
1.3465065,31.3675168,2022 Mar 04 12:00:00 AM,Yes,,Uganda,Kikuube,Buhimba,"2,004",,Functional,1246.0,250.0,False,,KIKUUBE
1.385806,31.0003832,2022 Mar 10 12:00:00 AM,Yes,Hand Pump,Uganda,Kikuube,Kabwoya,,,Functional,1989.0,300.0,False,,KIKUUBE
1.3394011,31.2038174,2022 Mar 05 12:00:00 AM,Yes,Hand Pump,Uganda,Kikuube,Kikuube Town Council,"2,019",,Functional,1252.0,300.0,False,,KIKUUBE
1.37234488,31.11823972,2010 May 08 12:00:00 AM,Yes,,Uganda,Kikuube,Kiziranfumbi,"2,009",Community Management,"Functional, needs repair",913.0,300.0,False,,KIKUUBE
1.2322319,31.2848777,2022 Feb 28 12:00:00 AM,Yes,Hand Pump,Uganda,Kikuube,Buhimba,"2,016",,Functional,637.0,300.0,False,,KIKUUBE
1.2594121,31.2489695,2022 Mar 13 12:00:00 AM,Yes,,Uganda,Kikuube,Kikuube Town Council,"2,008",Community Management,Functional,572.0,250.0,False,,KIKUUBE
1.34913313,31.36696151,2010 Jul 01 12:00:00 AM,Yes,,Uganda,Kikuube,Buhimba,"2,004",Community Management,"Functional, needs repair",1276.0,300.0,False,,KIKUUBE
1.34960725,31.25600175,2010 May 07 12:00:00 AM,Yes,,Uganda,Kikuube,Buhimba,"2,007",Community Management,"Functional, needs repair",1026.0,50.0,False,,KIKUUBE
1.4467342,31.1806867,2022 Mar 04 12:00:00 AM,Yes,,Uganda,Kikuube,Bugambe,"2,004",Community Management,Functional,1477.0,250.0,False,,KIKUUBE
1.285995,31.2206338,2022 Mar 11 12:00:00 AM,Yes,,Uganda,Kikuube,Kikuube Town Council,"2,021",Community Management,Functional,783.0,250.0,False,,KIKUUBE
1.23141982,30.86789104,2010 May 05 12:00:00 AM,Yes,Hand Pump,Uganda,Kikuube,Kyangwali,"2,004",Community Management,"Functional, needs repair",1431.0,300.0,False,,KIKUUBE
1.4496341,31.2078613,2022 Mar 05 12:00:00 AM,Yes,,Uganda,Kikuube,Bugambe,"2,002",Community Management,Functional,761.0,250.0,False,,KIKUUBE
1.3578634,31.1906371,2022 Mar 04 12:00:00 AM,Yes,Hand Pump,Uganda,Kikuube,Kikuube Town Council,"2,021",,Functional,743.0,300.0,False,,KIKUUBE
1.36511336,31.34106342,2010 May 07 12:00:00 AM,Yes,,Uganda,Kikuube,Buhimba Town Council,"2,002",Community Management,"Functional, needs repair",432.0,300.0,False,,KIKUUBE
1.2164034,31.0770201,2022 Mar 02 12:00:00 AM,Yes,,Uganda,Kikuube,Kabwoya,"2,008",Community Management,Functional,929.0,250.0,False,,KIKUUBE
1.1880249,30.7924515,2022 Mar 06 12:00:00 AM,Yes,Hand Pump,Uganda,Kikuube,Kyangwali,"2,014",Community Management,Functional,2235.0,300.0,False,,KIKUUBE
1.45960257,31.17147678,2010 May 06 12:00:00 AM,Yes,,Uganda,Kikuube,Bugambe,"2,002",Community Management,"Functional, needs repair",695.0,300.0,False,,KIKUUBE
1.3365135,31.1956153,2022 Mar 05 12:00:00 AM,Yes,,Uganda,Kikuube,Kikuube Town Council,,Community Management,Functional,999.0,250.0,False,,KIKUUBE
1.3092484,31.1710817,2022 Mar 12 12:00:00 AM,Yes,Hand Pump,Uganda,Kikuube,Kiziranfumbi,"2,020",Community Management,Functional,1222.0,300.0,False,,KIKUUBE
1.206468,31.2682042,2022 Mar 01 12:00:00 AM,Yes,Hand Pump,Uganda,Kikuube,Buhimba,"2,011",,Functional,427.0,300.0,False,,KIKUUBE
1.275749,30.8266589,2022 Feb 28 12:00:00 AM,Yes,Hand Pump,Uganda,Kikuube,Kyangwali,"2,008",Community Management,Functional,1404.0,300.0,False,,KIKUUBE
1.2929174,30.8836259,2022 Mar 04 12:00:00 AM,Yes,,Uganda,Kikuube,Kyangwali,"2,016",Community Management,Functional,1256.0,250.0,False,,KIKUUBE
1.44981154,31.20782937,2010 May 06 12:00:00 AM,Yes,,Uganda,Kikuube,Bugambe,"2,002",Community Management,"Functional, needs repair",761.0,300.0,False,,KIKUUBE
1.49382507,31.22157782,2010 May 06 12:00:00 AM,Yes,,Uganda,Kikuube,Bugambe,"1,999",Community Management,"Functional, needs repair",593.0,300.0,False,,KIKUUBE
1.1763864,31.0689786,2022 Mar 01 12:00:00 AM,Yes,,Uganda,Kikuube,Kabwoya,"2,021",Community Management,Functional,886.0,250.0,False,,KIKUUBE
1.3805635,31.2498846,2022 Mar 01 12:00:00 AM,Yes,,Uganda,Kikuube,Bugambe,"2,020",Community Management,Functional,669.0,250.0,False,,KIKUUBE
1.23847795,31.13828377,2010 Jul 01 12:00:00 AM,Yes,,Uganda,Kikuube,Kabwoya,"2,005",Community Management,"Functional, needs repair",796.0,300.0,False,,KIKUUBE
1.3748277,31.1317847,2022 Mar 08 12:00:00 AM,Yes,Hand Pump,Uganda,Kikuube,Kiziranfumbi,"2,014",Community Management,Functional,1169.0,300.0,False,,KIKUUBE
1.3179407,31.3072702,2022 Mar 06 12:00:00 AM,Yes,Hand Pump,Uganda,Kikuube,Buhimba Town Council,"2,013",,Functional,620.0,300.0,False,,KIKUUBE
1.2494562,30.848187,2022 Mar 04 12:00:00 AM,Yes,Hand Pump,Uganda,Kikuube,Kyangwali,"2,006",Community Management,Functional,736.0,300.0,False,,KIKUUBE
1.1592667,30.7538338,2022 Mar 12 12:00:00 AM,Yes,Hand Pump,Uganda,Kikuube,Kyangwali,,,Functional,2099.0,300.0,False,,KIKUUBE
1.43550925,31.23530831,2010 May 27 12:00:00 AM,Yes,,Uganda,Kikuube,Bugambe,,Other Institutional Management,"Functional, needs repair",1065.0,50.0,False,,KIKUUBE
1.3903186,31.1182437,2022 Mar 09 12:00:00 AM,Yes,,Uganda,Kikuube,Kiziranfumbi,"2,005",,Functional,1322.0,250.0,False,,KIKUUBE
1.2071512,31.0811859,2022 Mar 02 12:00:00 AM,Yes,,Uganda,Kikuube,Kabwoya,"2,001",,Functional,874.0,250.0,False,,KIKUUBE
1.4109068,31.1813629,2011 Sep 01 12:00:00 AM,Yes,,Uganda,Kikuube,Bugambe,"2,011",Community Management,"Functional, needs repair",438.0,300.0,False,,KIKUUBE
1.2036394,30.8549866,2022 Feb 28 12:00:00 AM,Yes,Hand Pump,Uganda,Kikuube,Kyangwali,"2,021",,Functional,573.0,300.0,False,,KIKUUBE
1.09050148,30.76117626,2010 Jun 14 12:00:00 AM,Yes,,Uganda,Kikuube,Kyangwali,"2,002",Community Management,"Functional, needs repair",346.0,300.0,False,,KIKUUBE
1.1260599,30.7667029,2022 Mar 09 12:00:00 AM,Yes,Hand Pump,Uganda,Kikuube,Kyangwali,"2,015",Community Management,Functional,1179.0,300.0,False,,KIKUUBE
1.34078,31.3163,2013 Mar 20 12:00:00 AM,Yes,Hand Pump,Uganda,Kikuube,Buhimba Town Council,"2,012",,Non-Functional,2218.0,300.0,False,,KIKUUBE
1.2190682,30.7995716,2022 Mar 04 12:00:00 AM,Yes,,Uganda,Kikuube,Kyangwali,"2,004",,Functional,1307.0,250.0,False,,KIKUUBE
1.2391789,30.7401396,2022 Mar 09 12:00:00 AM,Yes,Hand Pump,Uganda,Kikuube,Kyangwali,"2,009",Community Management,Functional,1940.0,300.0,False,,KIKUUBE
1.32344413,31.24106034,2010 May 08 12:00:00 AM,Yes,,Uganda,Kikuube,Kikuube Town Council,"2,007",Community Management,"Functional, needs repair",1072.0,300.0,False,,KIKUUBE
1.3295705,31.1919302,2022 Feb 28 12:00:00 AM,Yes,,Uganda,Kikuube,Kikuube Town Council,"1,999",,Functional,851.0,250.0,False,,KIKUUBE
1.3145771,31.2305511,2022 Mar 09 12:00:00 AM,Yes,,Uganda,Kikuube,Kikuube Town Council,"2,009",,Functional,815.0,250.0,False,,KIKUUBE
1.4540144,31.2730958,2022 Mar 07 12:00:00 AM,Yes,Hand Pump,Uganda,Kikuube,Bugambe,,Community Management,Functional,763.0,300.0,False,,KIKUUBE
1.299882,31.2962337,2022 Feb 28 12:00:00 AM,Yes,,Uganda,Kikuube,Buhimba,,,Functional,764.0,250.0,False,,KIKUUBE
1.36392837,31.19102145,2010 May 08 12:00:00 AM,Yes,Hand Pump,Uganda,Kikuube,Kikuube Town Council,"1,996",Community Management,"Functional, needs repair",745.0,300.0,False,,KIKUUBE
1.2227864,31.0320958,2022 Mar 04 12:00:00 AM,Yes,,Uganda,Kikuube,Kabwoya,,,Functional,498.0,250.0,False,,KIKUUBE
1.22827152,30.89935071,2010 May 05 12:00:00 AM,Yes,,Uganda,Kikuube,Kyangwali,"2,007",Community Management,"Functional, needs repair",1224.0,300.0,False,,KIKUUBE
1.1528544,30.7245383,2022 Mar 12 12:00:00 AM,Yes,Hand Pump,Uganda,Kikuube,Kyangwali,"2,022",,Functional,1301.0,300.0,False,,KIKUUBE
1.2694793,31.3498643,2022 Mar 02 12:00:00 AM,Yes,Hand Pump,Uganda,Kikuube,Buhimba,"2,010",Community Management,Functional,859.0,300.0,False,,KIKUUBE
1.1793391,30.7400353,2022 Mar 12 12:00:00 AM,Yes,Hand Pump,Uganda,Kikuube,Kyangwali,"2,019",,Functional,558.0,300.0,False,,KIKUUBE
1.3057896,31.38439474,2010 May 07 12:00:00 AM,Yes,Hand Pump,Uganda,Kikuube,Buhimba,"2,006",Community Management,"Functional, needs repair",931.0,300.0,False,,KIKUUBE
1.22616977,31.07287193,2010 May 06 12:00:00 AM,Yes,,Uganda,Kikuube,Kabwoya,"1,959",Community Management,"Functional, needs repair",802.0,300.0,False,,KIKUUBE
1.3323679,31.35966,2022 Mar 04 12:00:00 AM,Yes,,Uganda,Kikuube,Buhimba,"2,009",,Functional,641.0,250.0,False,,KIKUUBE
1.31897075,31.19489989,2010 May 08 12:00:00 AM,Yes,,Uganda,Kikuube,Kikuube Town Council,"1,999",Community Management,"Functional, needs repair",725.0,300.0,False,,KIKUUBE
1.266683,31.1071963,2022 Mar 10 12:00:00 AM,Yes,Hand Pump,Uganda,Kikuube,Kabwoya,"2,021",Community Management,Functional,774.0,300.0,False,,KIKUUBE
1.30948108,31.24009079,2010 May 07 12:00:00 AM,Yes,,Uganda,Kikuube,Kikuube Town Council,"2,003",Community Management,"Functional, needs repair",732.0,300.0,False,,KIKUUBE
1.2939332,31.3327572,2022 Mar 03 12:00:00 AM,Yes,Hand Pump,Uganda,Kikuube,Buhimba,"2,003",Community Management,Functional,857.0,300.0,False,,KIKUUBE
1.37813254,31.24851457,2010 May 06 12:00:00 AM,Yes,,Uganda,Kikuube,Bugambe,"2,008",Community Management,"Functional, needs repair",669.0,300.0,False,,KIKUUBE
1.2391855,30.7355374,2022 Mar 09 12:00:00 AM,Yes,Hand Pump,Uganda,Kikuube,Kyangwali,"2,018",Community Management,Functional,1966.0,300.0,False,,KIKUUBE
1.1384317,30.7503393,2022 Mar 12 12:00:00 AM,Yes,Hand Pump,Uganda,Kikuube,Kyangwali,"2,013",Community Management,Functional,1002.0,300.0,False,,KIKUUBE
1.2445551,31.3335326,2022 Mar 04 12:00:00 AM,Yes,Hand Pump,Uganda,Kikuube,Buhimba,"2,010",,Functional,550.0,300.0,False,,KIKUUBE
1.1602303,30.7887565,2022 Mar 13 12:00:00 AM,Yes,Hand Pump,Uganda,Kikuube,Kyangwali,,,Functional,4654.0,300.0,False,,KIKUUBE
1.27563801,31.23391466,2010 May 08 12:00:00 AM,Yes,,Uganda,Kikuube,Kikuube Town Council,"2,001",Other Institutional Management,"Functional, needs repair",692.0,50.0,False,,KIKUUBE
1.1809804,30.7934554,2022 Mar 12 12:00:00 AM,Yes,Hand Pump,Uganda,Kikuube,Kyangwali,"2,019",,Functional,3442.0,300.0,False,,KIKUUBE
1.37666139,31.27708849,2010 Sep 15 12:00:00 AM,Yes,,Uganda,Kikuube,Buhimba,"2,001",Community Management,"Functional, needs repair",793.0,300.0,False,,KIKUUBE
1.3104359,31.1676097,2022 Mar 11 12:00:00 AM,Yes,Hand Pump,Uganda,Kikuube,Kiziranfumbi,"2,008",,Functional,1408.0,300.0,False,,KIKUUBE
1.18950417,31.06036575,2010 May 06 12:00:00 AM,Yes,,Uganda,Kikuube,Kabwoya,"2,006",Community Management,"Functional, needs repair",793.0,300.0,False,,KIKUUBE
1.14000829,30.77525799,2010 Oct 01 12:00:00 AM,Yes,Hand Pump,Uganda,Kikuube,Kyangwali,"2,010",Community Management,"Functional, needs repair",1552.0,300.0,False,,KIKUUBE
1.3498647,31.31292264,2010 May 07 12:00:00 AM,Yes,Hand Pump,Uganda,Kikuube,Buhimba Town Council,"2,008",Community Management,"Functional, needs repair",2470.0,300.0,False,,KIKUUBE
1.4472124,31.1889019,2022 Mar 08 12:00:00 AM,Yes,Hand Pump,Uganda,Kikuube,Bugambe,,Community Management,Functional,1139.0,300.0,False,,KIKUUBE
1.2540269,30.8585799,2022 Mar 03 12:00:00 AM,Yes,,Uganda,Kikuube,Kyangwali,"2,009",Community Management,Functional,810.0,250.0,False,,KIKUUBE
1.3672114,31.1491814,2022 Mar 08 12:00:00 AM,Yes,,Uganda,Kikuube,Kiziranfumbi,"2,007",Community Management,Functional,768.0,250.0,False,,KIKUUBE
1.32716281,31.28226285,2010 May 10 12:00:00 AM,Yes,,Uganda,Kikuube,Buhimba,"2,002",Community Management,"Functional, needs repair",643.0,300.0,False,,KIKUUBE
1.29165823,31.10389044,2010 May 05 12:00:00 AM,Yes,,Uganda,Kikuube,Kabwoya,"2,009",Community Management,"Functional, needs repair",486.0,300.0,False,,KIKUUBE
1.2841179,31.3769011,2022 Mar 02 12:00:00 AM,Yes,Hand Pump,Uganda,Kikuube,Buhimba,"2,021",Community Management,Functional,673.0,300.0,False,,KIKUUBE
1.376317,31.1480007,2022 Mar 08 12:00:00 AM,Yes,Hand Pump,Uganda,Kikuube,Kiziranfumbi,"2,014",Community Management,Functional,666.0,300.0,False,,KIKUUBE
1.1681541,30.7855254,2022 Mar 12 12:00:00 AM,Yes,Hand Pump,Uganda,Kikuube,Kyangwali,,Community Management,Functional,4013.0,300.0,False,,KIKUUBE
1.4206953,31.2366387,2022 Mar 04 12:00:00 AM,Yes,Hand Pump,Uganda,Kikuube,Bugambe,,,Functional,805.0,300.0,False,,KIKUUBE
1.2214179,30.8148497,2022 Mar 03 12:00:00 AM,Yes,Hand Pump,Uganda,Kikuube,Kyangwali,"2,001",,Functional,1514.0,300.0,False,,KIKUUBE
1.3953927,31.2057721,2022 Mar 04 12:00:00 AM,Yes,Hand Pump,Uganda,Kikuube,Bugambe,"2,019",Community Management,Functional,440.0,300.0,False,,KIKUUBE
1.3864636,30.9796577,2022 Mar 09 12:00:00 AM,Yes,,Uganda,Kikuube,Kabwoya,,,Functional,1121.0,250.0,False,,KIKUUBE
1.3419635,31.1779595,2022 Mar 01 12:00:00 AM,Yes,Hand Pump,Uganda,Kikuube,Kikuube Town Council,"2,019",Community Management,Functional,635.0,300.0,False,,KIKUUBE
1.17811306,31.02468278,2010 May 17 12:00:00 AM,Yes,,Uganda,Kikuube,Kabwoya,"2,006",Community Management,"Functional, needs repair",1255.0,300.0,False,,KIKUUBE
1.3544956,31.2100966,2022 Mar 02 12:00:00 AM,Yes,Hand Pump,Uganda,Kikuube,Kikuube Town Council,"2,003",Community Management,Functional,572.0,300.0,False,,KIKUUBE
1.4534372,31.1816584,2022 Mar 07 12:00:00 AM,Yes,,Uganda,Kikuube,Bugambe,"2,004",Community Management,Functional,1795.0,250.0,False,,KIKUUBE
1.1926197,30.7680143,2022 Mar 10 12:00:00 AM,Yes,Hand Pump,Uganda,Kikuube,Kyangwali,"2,021",Community Management,Functional,1088.0,300.0,False,,KIKUUBE
1.31106233,31.29012682,2010 May 07 12:00:00 AM,Yes,Hand Pump,Uganda,Kikuube,Buhimba,"2,000",Community Management,"Functional, needs repair",743.0,300.0,False,,KIKUUBE
1.1591878,30.7296181,2022 Mar 12 12:00:00 AM,Yes,Hand Pump,Uganda,Kikuube,Kyangwali,"2,018",,Functional,1384.0,300.0,False,,KIKUUBE
1.4537445,31.2641878,2022 Mar 05 12:00:00 AM,Yes,,Uganda,Kikuube,Bugambe,"2,015",Community Management,Functional,923.0,250.0,False,,KIKUUBE
1.32371077,31.20950556,2010 May 08 12:00:00 AM,Yes,Hand Pump,Uganda,Kikuube,Kikuube Town Council,"2,002",Community Management,"Functional, needs repair",1634.0,300.0,False,,KIKUUBE
1.3657983,31.2215367,2022 Mar 02 12:00:00 AM,Yes,Hand Pump,Uganda,Kikuube,Kikuube Town Council,"2,014",Community Management,Functional,498.0,300.0,False,,KIKUUBE
1.1346123,30.7453977,2022 Mar 12 12:00:00 AM,Yes,Hand Pump,Uganda,Kikuube,Kyangwali,"2,013",,Functional,668.0,300.0,False,,KIKUUBE
1.2335034,30.7347136,2022 Mar 07 12:00:00 AM,Yes,Hand Pump,Uganda,Kikuube,Kyangwali,"2,009",Community Management,Functional,2102.0,300.0,False,,KIKUUBE
1.38785911,30.99502765,2010 May 06 12:00:00 AM,Yes,Hand Pump,Uganda,Kikuube,Kabwoya,"1,971",Community Management,"Functional, needs repair",2312.0,300.0,False,,KIKUUBE
1.45796696,31.24050247,2010 May 06 12:00:00 AM,Yes,,Uganda,Kikuube,Bugambe,"2,004",Community Management,"Functional, needs repair",784.0,300.0,False,,KIKUUBE
1.320871,31.39303813,2010 May 07 12:00:00 AM,Yes,Hand Pump,Uganda,Kikuube,Buhimba,"2,008",Community Management,"Functional, needs repair",937.0,300.0,False,,KIKUUBE
1.2400179,30.7419894,2022 Mar 09 12:00:00 AM,Yes,Hand Pump,Uganda,Kikuube,Kyangwali,"2,009",Community Management,Functional,1774.0,300.0,False,,KIKUUBE
1.2652181,31.3256681,2022 Mar 04 12:00:00 AM,Yes,Hand Pump,Uganda,Kikuube,Buhimba,"2,009",,Functional,658.0,300.0,False,,KIKUUBE
1.32149442,31.14710044,2010 Oct 01 12:00:00 AM,Yes,,Uganda,Kikuube,Kiziranfumbi,"1,994",Community Management,"Functional, needs repair",750.0,300.0,False,,KIKUUBE
1.4345927,31.2274434,2022 Feb 28 12:00:00 AM,Yes,,Uganda,Kikuube,Bugambe,"2,010",Community Management,Functional,1191.0,250.0,False,,KIKUUBE
1.2376566,31.0194461,2022 Mar 03 12:00:00 AM,Yes,,Uganda,Kikuube,Kabwoya,"2,003",,Functional,694.0,250.0,False,,KIKUUBE
1.4252242,31.1935638,2022 Mar 04 12:00:00 AM,Yes,,Uganda,Kikuube,Bugambe,"1,998",Community Management,Functional,766.0,250.0,False,,KIKUUBE
1.2456833,30.8246533,2022 Feb 28 12:00:00 AM,Yes,Hand Pump,Uganda,Kikuube,Kyangwali,"2,020",Community Management,Functional,733.0,300.0,False,,KIKUUBE
1.37998886,31.13366012,2010 Aug 06 12:00:00 AM,Yes,,Uganda,Kikuube,Kiziranfumbi,"2,006",Other,"Functional, needs repair",1019.0,50.0,False,,KIKUUBE
1.41685009,31.21893362,2010 May 06 12:00:00 AM,Yes,,Uganda,Kikuube,Bugambe,"2,007",Community Management,"Functional, needs repair",551.0,300.0,False,,KIKUUBE
1.4478722,31.1885856,2022 Mar 08 12:00:00 AM,Yes,Hand Pump,Uganda,Kikuube,Bugambe,,Community Management,Functional,1212.0,300.0,False,,KIKUUBE
1.28296382,31.35678828,2010 May 07 12:00:00 AM,Yes,,Uganda,Kikuube,Buhimba,"2,002",Community Management,"Functional, needs repair",658.0,300.0,False,,KIKUUBE
1.2370723,30.7352822,2022 Mar 09 12:00:00 AM,Yes,Hand Pump,Uganda,Kikuube,Kyangwali,"2,009",Community Management,Functional,2067.0,300.0,False,,KIKUUBE
1.3167906,31.2441524,2022 Mar 08 12:00:00 AM,Yes,,Uganda,Kikuube,Buhimba,"2,003",Community Management,Functional,970.0,250.0,False,,KIKUUBE
1.3186532,31.3020749,2022 Mar 08 12:00:00 AM,Yes,Hand Pump,Uganda,Kikuube,Buhimba Town Council,,Community Management,Functional,639.0,300.0,False,,KIKUUBE
1.2245612,30.8532868,2022 Feb 28 12:00:00 AM,Yes,Hand Pump,Uganda,Kikuube,Kyangwali,"2,021",Community Management,Functional,1029.0,300.0,False,,KIKUUBE
1.3326695,31.3730583,2022 Feb 28 12:00:00 AM,Yes,Hand Pump,Uganda,Kikuube,Buhimba,"2,016",Community Management,Functional,641.0,300.0,False,,KIKUUBE
1.3321336,31.1567772,2022 Mar 12 12:00:00 AM,Yes,Hand Pump,Uganda,Kikuube,Kiziranfumbi,"2,019",Community Management,Functional,449.0,300.0,False,,KIKUUBE
1.2636184,31.1368403,2022 Mar 10 12:00:00 AM,Yes,,Uganda,Kikuube,Kabwoya,"2,008",Community Management,Functional,663.0,250.0,False,,KIKUUBE
1.34828213,31.3129417,2010 May 10 12:00:00 AM,Yes,Hand Pump,Uganda,Kikuube,Buhimba Town Council,"1,988",Community Management,"Functional, needs repair",2483.0,300.0,False,,KIKUUBE
1.3715158,31.262956,2022 Mar 06 12:00:00 AM,Yes,Hand Pump,Uganda,Kikuube,Buhimba,"2,022",,Functional,771.0,300.0,False,,KIKUUBE
1.26742,31.29882,2013 Mar 15 12:00:00 AM,Yes,Motorized Pump,Uganda,Kikuube,Buhimba,"2,012",,Non-Functional,740.0,300.0,False,,KIKUUBE
1.2175718,31.2734031,2022 Mar 01 12:00:00 AM,Yes,Hand Pump,Uganda,Kikuube,Buhimba,"2,021",,Functional,535.0,300.0,False,,KIKUUBE
1.3252105,31.3046031,2022 Mar 14 12:00:00 AM,Yes,Hand Pump,Uganda,Kikuube,Buhimba Town Council,"2,014",,Functional,844.0,300.0,False,,KIKUUBE
1.2964132,31.189235,2022 Mar 07 12:00:00 AM,Yes,,Uganda,Kikuube,Kikuube Town Council,"2,002",Community Management,Functional,775.0,250.0,False,,KIKUUBE
1.30647676,31.16195371,2010 May 08 12:00:00 AM,Yes,Hand Pump,Uganda,Kikuube,Kiziranfumbi,"2,001",Other,"Functional, needs repair",1111.0,300.0,False,,KIKUUBE
1.2852174,31.1449303,2022 Mar 11 12:00:00 AM,Yes,Hand Pump,Uganda,Kikuube,Kabwoya,"2,021",Community Management,Functional,849.0,300.0,False,,KIKUUBE
1.2538573,30.8247885,2022 Feb 28 12:00:00 AM,Yes,Hand Pump,Uganda,Kikuube,Kyangwali,"2,000",,Functional,1147.0,300.0,False,,KIKUUBE
1.246545,31.08113,2022 Mar 06 12:00:00 AM,Yes,Hand Pump,Uganda,Kikuube,Kabwoya,,Community Management,Functional,1555.0,300.0,False,,KIKUUBE
1.3162964,31.1956158,2022 Mar 07 12:00:00 AM,Yes,,Uganda,Kikuube,Kikuube Town Council,"2,003",Community Management,Functional,685.0,250.0,False,,KIKUUBE
1.4228911,31.2060417,2022 Mar 03 12:00:00 AM,Yes,,Uganda,Kikuube,Bugambe,"2,020",Community Management,Functional,855.0,250.0,False,,KIKUUBE
1.3362599,31.198842,2022 Mar 04 12:00:00 AM,Yes,Hand Pump,Uganda,Kikuube,Kikuube Town Council,"2,021",,Functional,1450.0,300.0,False,,KIKUUBE
1.2725364,31.2339703,2022 Mar 11 12:00:00 AM,Yes,Hand Pump,Uganda,Kikuube,Kikuube Town Council,"2,021",Community Management,Functional,722.0,300.0,False,,KIKUUBE
1.44680568,31.18069672,2010 May 07 12:00:00 AM,Yes,,Uganda,Kikuube,Bugambe,"2,003",Community Management,"Functional, needs repair",1621.0,300.0,False,,KIKUUBE
1.35488794,31.34501502,2010 May 07 12:00:00 AM,Yes,,Uganda,Kikuube,Buhimba Town Council,"2,006",Community Management,"Functional, needs repair",781.0,300.0,False,,KIKUUBE
1.2130973,30.8149606,2022 Mar 02 12:00:00 AM,Yes,Hand Pump,Uganda,Kikuube,Kyangwali,"2,013",Community Management,Functional,1419.0,300.0,False,,KIKUUBE
1.339176,31.3136488,2010 May 07 12:00:00 AM,Yes,Hand Pump,Uganda,Kikuube,Buhimba Town Council,"2,008",Community Management,"Functional, needs repair",1992.0,300.0,False,,KIKUUBE
1.1546862,30.7260257,2022 Mar 12 12:00:00 AM,Yes,Hand Pump,Uganda,Kikuube,Kyangwali,,,Functional,1431.0,300.0,False,,KIKUUBE
1.1135703,30.7194466,2022 Mar 12 12:00:00 AM,Yes,Hand Pump,Uganda,Kikuube,Kyangwali,"2,013",,Functional,452.0,300.0,False,,KIKUUBE
1.1906096,31.0509115,2022 Mar 04 12:00:00 AM,Yes,Hand Pump,Uganda,Kikuube,Kabwoya,,Community Management,Functional,880.0,300.0,False,,KIKUUBE
1.31179443,31.15061151,2010 Oct 01 12:00:00 AM,Yes,,Uganda,Kikuube,Kiziranfumbi,"1,993",Community Management,"Functional, needs repair",793.0,300.0,False,,KIKUUBE
1.2509888,31.2502742,2022 Mar 13 12:00:00 AM,Yes,Hand Pump,Uganda,Kikuube,Kikuube Town Council,"2,020",Community Management,Functional,610.0,300.0,False,,KIKUUBE
1.3202414,31.2560469,2022 Mar 07 12:00:00 AM,Yes,Hand Pump,Uganda,Kikuube,Buhimba,,Community Management,Functional,351.0,300.0,False,,KIKUUBE
1.22087341,31.12698515,2010 May 05 12:00:00 AM,Yes,,Uganda,Kikuube,Kabwoya,"1,993",Community Management,"Functional, needs repair",942.0,300.0,False,,KIKUUBE
1.3664992,31.1873402,2022 Mar 03 12:00:00 AM,Yes,,Uganda,Kikuube,Kikuube Town Council,"2,014",Community Management,Functional,954.0,250.0,False,,KIKUUBE
1.22309735,30.90750208,2013 Sep 26 12:00:00 AM,Yes,,Uganda,Kikuube,Kyangwali,"2,013",Community Management,"Functional, needs repair",1227.0,300.0,False,,KIKUUBE
1.31753817,31.27836996,2010 May 10 12:00:00 AM,Yes,,Uganda,Kikuube,Buhimba,"2,001",Community Management,"Functional, needs repair",618.0,300.0,False,,KIKUUBE
1.3227284,30.8903782,2022 Mar 02 12:00:00 AM,Yes,Hand Pump,Uganda,Kikuube,Kyangwali,"2,019",Community Management,Functional,1038.0,300.0,False,,KIKUUBE
1.2172198,31.1801549,2022 Mar 11 12:00:00 AM,Yes,,Uganda,Kikuube,Kabwoya,"2,020",,Functional,675.0,250.0,False,,KIKUUBE
1.3130013,31.3585582,2022 Mar 03 12:00:00 AM,Yes,Hand Pump,Uganda,Kikuube,Buhimba,"2,003",Community Management,Functional,681.0,300.0,False,,KIKUUBE
1.3918828,31.2458099,2022 Mar 01 12:00:00 AM,Yes,,Uganda,Kikuube,Bugambe,"2,020",Community Management,Functional,1018.0,250.0,False,,KIKUUBE
1.2568344,30.8588,2022 Mar 05 12:00:00 AM,Yes,Hand Pump,Uganda,Kikuube,Kyangwali,"2,018",Community Management,Functional,1020.0,300.0,False,,KIKUUBE
1.21484668,30.79941414,2010 May 05 12:00:00 AM,Yes,,Uganda,Kikuube,Kyangwali,"1,992",Community Management,"Functional, needs repair",1375.0,50.0,False,,KIKUUBE
1.2869639,31.3048305,2022 Feb 28 12:00:00 AM,Yes,Hand Pump,Uganda,Kikuube,Buhimba,"2,019",,Functional,910.0,300.0,False,,KIKUUBE
1.1952603,30.7898944,2022 Mar 05 12:00:00 AM,Yes,,Uganda,Kikuube,Kyangwali,"2,011",Community Management,Functional,1594.0,250.0,False,,KIKUUBE
1.3476592,31.1893858,2022 Mar 01 12:00:00 AM,Yes,,Uganda,Kikuube,Kikuube Town Council,"2,006",,Functional,630.0,250.0,False,,KIKUUBE
1.25634255,31.14627608,2010 May 05 12:00:00 AM,Yes,,Uganda,Kikuube,Kabwoya,"2,004",Community Management,"Functional, needs repair",728.0,300.0,False,,KIKUUBE
1.4590975,31.28728905,2010 May 06 12:00:00 AM,Yes,,Uganda,Kikuube,Bugambe,"1,999",Community Management,"Functional, needs repair",830.0,300.0,False,,KIKUUBE
1.2489203,31.0829145,2022 Mar 02 12:00:00 AM,Yes,Hand Pump,Uganda,Kikuube,Kabwoya,"2,019",,Functional,1484.0,300.0,False,,KIKUUBE
1.2121266,31.0226803,2022 Mar 04 12:00:00 AM,Yes,,Uganda,Kikuube,Kabwoya,"2,008",Community Management,Functional,601.0,250.0,False,,KIKUUBE
1.1787662,30.7416996,2022 Mar 12 12:00:00 AM,Yes,Hand Pump,Uganda,Kikuube,Kyangwali,"2,020",,Functional,697.0,300.0,False,,KIKUUBE
1.20935,31.26735,2013 Mar 14 12:00:00 AM,Yes,Motorized Pump,Uganda,Kikuube,Buhimba,"2,011",Community Management,Non-Functional,561.0,300.0,False,,KIKUUBE
1.2203726,30.8985178,2022 Mar 04 12:00:00 AM,Yes,Hand Pump,Uganda,Kikuube,Kyangwali,"2,021",,Functional,2448.0,300.0,False,,KIKUUBE
1.16948288,31.00603975,2010 May 17 12:00:00 AM,Yes,,Uganda,Kikuube,Kabwoya,"2,009",Community Management,"Functional, needs repair",1038.0,300.0,False,,KIKUUBE
1.3525193,31.1231999,2022 Mar 11 12:00:00 AM,Yes,,Uganda,Kikuube,Kiziranfumbi,"1,993",,Functional,763.0,250.0,False,,KIKUUBE
1.3813181,31.1278095,2022 Mar 10 12:00:00 AM,Yes,Hand Pump,Uganda,Kikuube,Kiziranfumbi,"2,021",,Functional,1538.0,300.0,False,,KIKUUBE
1.347614,31.2236706,2022 Mar 02 12:00:00 AM,Yes,Hand Pump,Uganda,Kikuube,Kikuube Town Council,"2,001",Community Management,Functional,1405.0,300.0,False,,KIKUUBE
1.1864621,30.7845524,2022 Mar 06 12:00:00 AM,Yes,Hand Pump,Uganda,Kikuube,Kyangwali,"2,019",Community Management,Functional,3176.0,300.0,False,,KIKUUBE
1.3479844,31.1674107,2022 Mar 01 12:00:00 AM,Yes,,Uganda,Kikuube,Kikuube Town Council,"2,001",Community Management,Functional,610.0,250.0,False,,KIKUUBE
1.47160102,31.2370594,2010 May 06 12:00:00 AM,Yes,,Uganda,Kikuube,Bugambe,"1,998",Community Management,"Functional, needs repair",643.0,300.0,False,,KIKUUBE
1.4375905,31.1785606,2022 Mar 08 12:00:00 AM,Yes,Hand Pump,Uganda,Kikuube,Bugambe,"2,018",,Functional,643.0,300.0,False,,KIKUUBE
1.1739204,30.7712231,2022 Mar 13 12:00:00 AM,Yes,Hand Pump,Uganda,Kikuube,Kyangwali,"2,013",Community Management,Functional,2179.0,300.0,False,,KIKUUBE
1.35482984,31.40633287,2010 May 07 12:00:00 AM,Yes,,Uganda,Kikuube,Buhimba,"2,000",Other,"Functional, needs repair",1009.0,300.0,False,,KIKUUBE
1.22898911,30.824966,2010 May 05 12:00:00 AM,Yes,Hand Pump,Uganda,Kikuube,Kyangwali,"2,000",Community Management,"Functional, needs repair",1795.0,300.0,False,,KIKUUBE
1.260646,31.3545417,2022 Mar 02 12:00:00 AM,Yes,Hand Pump,Uganda,Kikuube,Buhimba,"2,012",Community Management,Functional,569.0,300.0,False,,KIKUUBE
1.3447709,31.3149844,2022 Mar 09 12:00:00 AM,Yes,Hand Pump,Uganda,Kikuube,Buhimba Town Council,"2,020",,Functional,2485.0,300.0,False,,KIKUUBE
1.2852701,31.3322086,2022 Mar 01 12:00:00 AM,Yes,Hand Pump,Uganda,Kikuube,Buhimba,"2,011",Community Management,Functional,762.0,300.0,False,,KIKUUBE
1.2463879,31.08511122,2010 May 06 12:00:00 AM,Yes,,Uganda,Kikuube,Kabwoya,"1,969",Other Institutional Management,"Functional, needs repair",1441.0,50.0,False,,KIKUUBE
1.1989492,30.7977972,2022 Mar 06 12:00:00 AM,Yes,,Uganda,Kikuube,Kyangwali,"2,002",Community Management,Functional,1203.0,250.0,False,,KIKUUBE
1.3293835,31.2352786,2022 Mar 07 12:00:00 AM,Yes,Hand Pump,Uganda,Kikuube,Kikuube Town Council,"2,013",Community Management,Functional,1157.0,300.0,False,,KIKUUBE
1.34887423,31.38542708,2010 May 07 12:00:00 AM,Yes,,Uganda,Kikuube,Buhimba,"2,003",Community Management,"Functional, needs repair",577.0,300.0,False,,KIKUUBE
1.4071843,31.229744,2022 Mar 04 12:00:00 AM,Yes,Hand Pump,Uganda,Kikuube,Bugambe,,Community Management,Functional,543.0,300.0,False,,KIKUUBE
1.2019649,30.7776549,2022 Mar 05 12:00:00 AM,Yes,,Uganda,Kikuube,Kyangwali,"2,017",Community Management,Functional,822.0,250.0,False,,KIKUUBE
1.4371757,30.9063747,2022 Mar 11 12:00:00 AM,Yes,Hand Pump,Uganda,Kikuube,Kabwoya,"2,010",Community Management,Functional,1230.0,300.0,False,,KIKUUBE
1.24186,31.2962473,2022 Mar 02 12:00:00 AM,Yes,Hand Pump,Uganda,Kikuube,Buhimba,"2,019",,Functional,609.0,300.0,False,,KIKUUBE
1.2666338,31.0790623,2022 Mar 05 12:00:00 AM,Yes,,Uganda,Kikuube,Kabwoya,"2,001",Community Management,Functional,635.0,250.0,False,,KIKUUBE
1.331322,31.2038575,2022 Mar 03 12:00:00 AM,Yes,Hand Pump,Uganda,Kikuube,Kikuube Town Council,"2,021",,Functional,1983.0,300.0,False,,KIKUUBE
1.1862902,30.7827058,2022 Mar 06 12:00:00 AM,Yes,Hand Pump,Uganda,Kikuube,Kyangwali,"2,018",Community Management,Functional,3235.0,300.0,False,,KIKUUBE
1.3456908,31.3136458,2022 Mar 08 12:00:00 AM,Yes,Hand Pump,Uganda,Kikuube,Buhimba Town Council,,,Functional,2477.0,300.0,False,,KIKUUBE
1.4429139,31.2035364,2022 Mar 09 12:00:00 AM,Yes,Hand Pump,Uganda,Kikuube,Bugambe,,Community Management,Functional,446.0,300.0,False,,KIKUUBE
1.13160732,30.74886752,2010 May 05 12:00:00 AM,Yes,,Uganda,Kikuube,Kyangwali,"2,008",Community Management,"Functional, needs repair",819.0,300.0,False,,KIKUUBE
1.3320781,31.1971177,2022 Mar 05 12:00:00 AM,Yes,Hand Pump,Uganda,Kikuube,Kikuube Town Council,,Community Management,Functional,1400.0,300.0,False,,KIKUUBE
1.3599003,31.350711,2022 Mar 06 12:00:00 AM,Yes,,Uganda,Kikuube,Buhimba Town Council,"2,006",,Functional,879.0,250.0,False,,KIKUUBE
1.4258894,31.225664,2022 Mar 02 12:00:00 AM,Yes,,Uganda,Kikuube,Bugambe,"2,005",Community Management,Functional,776.0,250.0,False,,KIKUUBE
1.2424328,31.0817933,2022 Feb 28 12:00:00 AM,Yes,Hand Pump,Uganda,Kikuube,Kabwoya,"2,020",Community Management,Functional,1602.0,300.0,False,,KIKUUBE
1.3387963,31.3857385,2022 Mar 03 12:00:00 AM,Yes,Hand Pump,Uganda,Kikuube,Buhimba,"2,021",Community Management,Functional,954.0,300.0,False,,KIKUUBE
1.4395433,31.2766649,2022 Mar 07 12:00:00 AM,Yes,,Uganda,Kikuube,Bugambe,"2,019",,Functional,813.0,250.0,False,,KIKUUBE
1.3341132,31.3389206,2022 Mar 05 12:00:00 AM,Yes,Hand Pump,Uganda,Kikuube,Buhimba Town Council,"2,021",,Functional,541.0,300.0,False,,KIKUUBE
1.34678785,31.36252422,2010 May 07 12:00:00 AM,Yes,Hand Pump,Uganda,Kikuube,Buhimba,"2,003",Community Management,"Functional, needs repair",891.0,300.0,False,,KIKUUBE
1.32995768,30.93161638,2011 Sep 01 12:00:00 AM,Yes,Hand Pump,Uganda,Kikuube,Kabwoya,"2,011",Other Institutional Management,"Functional, needs repair",1958.0,300.0,False,,KIKUUBE
1.2589623,30.8112843,2022 Mar 05 12:00:00 AM,Yes,Hand Pump,Uganda,Kikuube,Kyangwali,"2,017",Community Management,Functional,1135.0,300.0,False,,KIKUUBE
1.3336768,31.285277,2022 Mar 05 12:00:00 AM,Yes,,Uganda,Kikuube,Buhimba Town Council,,Community Management,Functional,734.0,250.0,False,,KIKUUBE
1.3637713,31.1303145,2022 Mar 10 12:00:00 AM,Yes,,Uganda,Kikuube,Kiziranfumbi,"2,005",Community Management,Functional,823.0,250.0,False,,KIKUUBE
1.3129105,31.3491498,2022 Mar 03 12:00:00 AM,Yes,Hand Pump,Uganda,Kikuube,Buhimba,"2,019",Community Management,Functional,753.0,300.0,False,,KIKUUBE
1.2583,31.31844,2013 Mar 14 12:00:00 AM,Yes,Motorized Pump,Uganda,Kikuube,Buhimba,"2,011",Community Management,Non-Functional,613.0,300.0,False,,KIKUUBE
1.23317578,30.77166258,2013 Sep 26 12:00:00 AM,Yes,,Uganda,Kikuube,Kyangwali,"2,013",Community Management,"Functional, needs repair",1434.0,300.0,False,,KIKUUBE
1.44681148,31.23345762,2010 May 10 12:00:00 AM,Yes,,Uganda,Kikuube,Bugambe,"2,010",Community Management,"Functional, needs repair",624.0,300.0,False,,KIKUUBE
1.3612714,31.1529649,2022 Mar 08 12:00:00 AM,Yes,Hand Pump,Uganda,Kikuube,Kiziranfumbi,"2,010",Community Management,Functional,567.0,300.0,False,,KIKUUBE
1.29394077,31.29941989,2010 May 07 12:00:00 AM,Yes,Hand Pump,Uganda,Kikuube,Buhimba,"1,998",Community Management,"Functional, needs repair",776.0,300.0,False,,KIKUUBE
1.3447466,31.1259997,2022 Mar 10 12:00:00 AM,Yes,Hand Pump,Uganda,Kikuube,Kiziranfumbi,,Community Management,Functional,768.0,300.0,False,,KIKUUBE
1.4109601,31.1122241,2022 Mar 07 12:00:00 AM,Yes,Hand Pump,Uganda,Kikuube,Kiziranfumbi,"2,022",,Functional,1161.0,300.0,False,,KIKUUBE
1.34098077,31.21937637,2010 May 08 12:00:00 AM,Yes,Hand Pump,Uganda,Kikuube,Kikuube Town Council,"1,992",Community Management,"Functional, needs repair",1348.0,300.0,False,,KIKUUBE
1.44200664,30.91162937,2010 May 06 12:00:00 AM,Yes,,Uganda,Kikuube,Kabwoya,"2,007",Other Institutional Management,"Functional, needs repair",1190.0,50.0,False,,KIKUUBE
1.2162217,31.0836333,2022 Mar 02 12:00:00 AM,Yes,Hand Pump,Uganda,Kikuube,Kabwoya,"2,017",Community Management,Functional,908.0,300.0,False,,KIKUUBE
1.1547355,30.7524867,2022 Mar 10 12:00:00 AM,Yes,Hand Pump,Uganda,Kikuube,Kyangwali,"2,020",Community Management,Functional,2129.0,300.0,False,,KIKUUBE
1.1563927,30.7535288,2022 Mar 11 12:00:00 AM,Yes,Hand Pump,Uganda,Kikuube,Kyangwali,"2,011",Community Management,Functional,2262.0,300.0,False,,KIKUUBE
1.3452,31.27031,2013 Mar 15 12:00:00 AM,Yes,Motorized Pump,Uganda,Kikuube,Buhimba,"2,011",,Non-Functional,438.0,300.0,False,,KIKUUBE
1.32761594,31.27075268,2010 May 10 12:00:00 AM,Yes,,Uganda,Kikuube,Buhimba,"1,990",Community Management,"Functional, needs repair",463.0,300.0,False,,KIKUUBE
1.2143434,30.9003198,2022 Mar 04 12:00:00 AM,Yes,Hand Pump,Uganda,Kikuube,Kyangwali,"2,018",,Functional,2765.0,300.0,False,,KIKUUBE
1.1631132,30.7976863,2022 Mar 13 12:00:00 AM,Yes,,Uganda,Kikuube,Kyangwali,"2,019",,Functional,6591.0,250.0,False,,KIKUUBE
1.2372969,31.2080465,2022 Mar 12 12:00:00 AM,Yes,Hand Pump,Uganda,Kikuube,Kabwoya,,Community Management,Functional,353.0,300.0,False,,KIKUUBE
1.3800277,31.1598419,2022 Mar 08 12:00:00 AM,Yes,,Uganda,Kikuube,Bugambe,"2,019",Community Management,Functional,567.0,250.0,False,,KIKUUBE
1.30761751,31.16383961,2010 May 08 12:00:00 AM,Yes,Hand Pump,Uganda,Kikuube,Kiziranfumbi,"2,001",Community Management,"Functional, needs repair",1124.0,300.0,False,,KIKUUBE
1.21324221,31.08929431,2010 May 06 12:00:00 AM,Yes,,Uganda,Kikuube,Kabwoya,"1,997",Community Management,"Functional, needs repair",1007.0,300.0,False,,KIKUUBE
1.2604383,31.2900065,2022 Mar 04 12:00:00 AM,Yes,Hand Pump,Uganda,Kikuube,Buhimba,,,Functional,539.0,300.0,False,,KIKUUBE
1.2249617,31.1917286,2022 Mar 11 12:00:00 AM,Yes,,Uganda,Kikuube,Kabwoya,"2,021",,Functional,1286.0,250.0,False,,KIKUUBE
1.17543252,30.76883533,2010 May 05 12:00:00 AM,Yes,Hand Pump,Uganda,Kikuube,Kyangwali,"2,004",Community Management,"Functional, needs repair",1718.0,300.0,False,,KIKUUBE
1.3607667,31.318445,2022 Mar 08 12:00:00 AM,Yes,,Uganda,Kikuube,Buhimba Town Council,"2,008",,Functional,1059.0,250.0,False,,KIKUUBE
1.33804579,31.12811303,2010 Oct 01 12:00:00 AM,Yes,,Uganda,Kikuube,Kiziranfumbi,"2,008",Community Management,"Functional, needs repair",783.0,300.0,False,,KIKUUBE
1.23391823,31.01100572,2010 May 17 12:00:00 AM,Yes,,Uganda,Kikuube,Kabwoya,"2,005",Community Management,"Functional, needs repair",740.0,300.0,False,,KIKUUBE
1.2306519,31.1476717,2022 Mar 11 12:00:00 AM,Yes,Hand Pump,Uganda,Kikuube,Kabwoya,"2,012",Community Management,Functional,898.0,300.0,False,,KIKUUBE
1.35760807,31.10956331,2010 May 08 12:00:00 AM,Yes,,Uganda,Kikuube,Kiziranfumbi,"2,004",Community Management,"Functional, needs repair",695.0,300.0,False,,KIKUUBE
1.2782331,30.8591996,2022 Mar 01 12:00:00 AM,Yes,,Uganda,Kikuube,Kyangwali,"2,008",,Functional,1035.0,250.0,False,,KIKUUBE
1.38813818,31.21785916,2010 Jul 01 12:00:00 AM,Yes,,Uganda,Kikuube,Bugambe,"1,998",Community Management,"Functional, needs repair",648.0,300.0,False,,KIKUUBE
